Date,Open,High,Low,Close,Volume
2010-01-04,0.42374831421347986,0.42626654616346693,0.41459114681790743,0.4232904613018036,800204000
2010-01-05,0.421687914789137,0.4340501057497825,0.421687914789137,0.42947152256965637,728648000
2010-01-06,0.42924261589062346,0.43313440643842027,0.4251218852498049,0.4322187006473541,649168000
2010-01-07,0.42992936373342205,0.43176080241375026,0.4205432575533074,0.423748254776001,547792000
2010-01-08,0.4203142909313786,0.4276400451898939,0.4177960867842067,0.4246639609336853,478168000
2010-01-11,0.4269533323491745,0.42878477125710623,0.4127597012805868,0.4187118709087372,556612000
2010-01-12,0.4125308258117477,0.41413332476728815,0.3958189613208524,0.4045182764530182,627432000
2010-01-13,0.40726536897169274,0.41138609925809394,0.3914692407555729,0.41001251339912415,508868000
2010-01-14,0.4049760667110807,0.407952123842782,0.3967346063558115,0.4036024808883667,608524000
2010-01-15,0.40062649673501705,0.40406043486074117,0.3864328639829458,0.3916982412338257,818192000
2010-01-19,0.38872210966206683,0.40154215471721705,0.38757746375680385,0.39902395009994507,545328000
2010-01-20,0.3939874523977534,0.3990239157801363,0.3887220762283132,0.39742138981819153,719728000
2010-01-21,0.39719246726229485,0.40428928200619296,0.3866617151824153,0.39032459259033203,608632000
2010-01-22,0.38574605018764924,0.3928428661826321,0.3745285304954638,0.37681782245635986,1067916000
2010-01-25,0.38299876592651766,0.390553432106574,0.3802516220311798,0.38322770595550537,643676000
2010-01-26,0.38139645932380717,0.38391469174658027,0.3708657039255953,0.37109464406967163,714636000
2010-01-27,0.3708656574458123,0.3825410575201202,0.366744926402497,0.381167471408844,812504000
2010-01-28,0.3841436299333244,0.38551721630733327,0.36308211774795357,0.36834749579429626,687764000
2010-01-29,0.372468049618204,0.3765887794803587,0.3468279648272439,0.3523222804069519,774700000
2010-02-01,0.3536959095700775,0.38002279248495985,0.35071982478052466,0.37933599948883057,949832000
2010-02-02,0.3779623309033144,0.38803522824022385,0.3768176853393817,0.38322770595550537,849812000
2010-02-03,0.3797937152938819,0.38803517309926255,0.3779622771937418,0.3864326477050781,562296000
2010-02-04,0.3829988538120332,0.3829988538120332,0.35987699719869354,0.3639977276325226,783480000
2010-02-05,0.3635398853692011,0.3722391993632665,0.35712983580461616,0.37132346630096436,604856000
2010-02-08,0.3701787296010314,0.3795648342658945,0.36331085612640074,0.37063658237457275,445160000
2010-02-09,0.3765888359883732,0.37842027478975415,0.36399773175332995,0.3676605820655823,930144000
2010-02-10,0.36994991279119327,0.37819134672353355,0.3674316809479582,0.37475740909576416,535828000
2010-02-11,0.3807096061023998,0.39604788378155154,0.37796246125959326,0.39192715287208557,695980000
2010-02-12,0.3891800159113148,0.405205059657838,0.3848303448058079,0.3971925377845764,780212000
2010-02-16,0.40245792455168233,0.4061208026990722,0.39765040039454735,0.4045182764530182,457024000
2010-02-17,0.40955471827364776,0.40978363108873805,0.39673467275118157,0.40841007232666016,876560000
2010-02-18,0.38597490776240356,0.3880352864609228,0.3710945131986286,0.3816252648830414,1515508000
2010-02-19,0.3800228236698895,0.38414355469430417,0.3777335316886051,0.37956497073173523,510548000
2010-02-22,0.3811675010050919,0.38689075871945694,0.377733562750782,0.38025179505348206,458084000
2010-02-23,0.38139645932380717,0.38299895846079157,0.3672028253634738,0.37109464406967163,489764000
2010-02-24,0.37429950394094774,0.382540964013063,0.3731548582248488,0.37887808680534363,445868000
2010-02-25,0.37017885649066484,0.37635996656899134,0.36079274860843863,0.375444233417511,576972000
2010-02-26,0.37361275782657943,0.3763599297215466,0.36857632150332287,0.3708656132221222,393396000
2010-03-01,0.3710945177161466,0.38757741105241966,0.36811843330906086,0.38574597239494324,555868000
2010-03-02,0.38917993808244244,0.3939874338706804,0.38276991640761776,0.38551706075668335,538648000
2010-03-03,0.38780649513389287,0.38986684733211663,0.37750467956173905,0.3807096779346466,399300000
2010-03-04,0.3823120589853653,0.3852881435780262,0.37658882988044395,0.3813963532447815,557396000
2010-03-05,0.3786493132899573,0.39581900534583386,0.3786493132899573,0.39307186007499695,632832000
2010-03-08,0.39330067175919425,0.39444531752238976,0.3857459769734945,0.3873485028743744,439312000
2010-03-09,0.39124025797382705,0.4056627987565894,0.39101131792548743,0.40177100896835327,830832000
2010-03-10,0.4006263935000506,0.40703641514107924,0.40039745343445743,0.40268674492836,418520000
2010-03-11,0.3994817629716514,0.40085534883652363,0.3919270952958709,0.39352959394454956,540660000
2010-03-12,0.3978792074670296,0.39902385309402,0.39284274487586823,0.39490312337875366,520352000
2010-03-15,0.3944452355861528,0.3983370249144932,0.38917986071110316,0.39284271001815796,358904000
2010-03-16,0.392613910068809,0.4088678921151113,0.39238496998175865,0.40657860040664673,664988000
2010-03-17,0.40886790282589025,0.41985650877248165,0.40886790282589025,0.41436219215393066,651168000
2010-03-18,0.4150489943500488,0.4150489943500488,0.3960478667924113,0.3997107446193695,740964000
2010-03-19,0.40566278681436263,0.40680743244135303,0.3898666607875923,0.39490312337875366,584612000
2010-03-22,0.38986672990447596,0.4029157141979379,0.38986672990447596,0.4013132154941559,435336000
2010-03-23,0.404289284251105,0.4116150118171082,0.4015421125346591,0.409554660320282,493612000
2010-03-24,0.406120728640705,0.4072653744417176,0.3951320962023735,0.39581888914108276,436252000
2010-03-25,0.4015419692338154,0.4040601999783576,0.39604768234272125,0.3969633877277374,495184000
2010-03-26,0.40039732385729593,0.40451805267086577,0.39375839158968223,0.3969633877277374,344676000
2010-03-29,0.3994816597992339,0.402915596284038,0.3939873450492465,0.40199989080429077,394456000
2010-03-30,0.40657856531057546,0.408638916754139,0.3967346063558115,0.4036024808883667,324104000
2010-03-31,0.4020001236087084,0.4038315629193187,0.3962768655291073,0.3983372449874878,389840000
2010-04-01,0.4001685877673371,0.40474717129413446,0.39009568763407665,0.3942164182662964,339664000
2010-04-05,0.39673471906105834,0.4008554504093191,0.3962768387964064,0.40016865730285645,413636000
2010-04-06,0.3951320884864012,0.3960478214836344,0.3834566906278612,0.39032459259033203,809260000
2010-04-07,0.38780627516439387,0.3994816704399169,0.38460125131890616,0.39284271001815796,817468000
2010-04-08,0.39032446390181286,0.39330054740322806,0.3843722968989825,0.3864326477050781,1037600000
2010-04-09,0.3855171253220623,0.39032464920595894,0.38345674624731574,0.38895106315612793,817572000
2010-04-12,0.38940892714410924,0.3976503890963194,0.38872213409967293,0.3960478901863098,546460000
2010-04-13,0.3976504895031843,0.4056630133669094,0.39604799018854325,0.40428945422172546,648696000
2010-04-14,0.4129885361576986,0.4150488873476206,0.40291563837568056,0.40932565927505493,900720000
2010-04-15,0.41069925056679574,0.4148199802937137,0.40657852083987783,0.4123017489910126,957596000
2010-04-16,0.3955899976590068,0.39719249640862264,0.38185422001663,0.3905535340309143,1917736000
2010-04-19,0.3875775054893549,0.38986679754638126,0.37567319225092033,0.38872215151786804,1094492000
2010-04-20,0.39146929681004805,0.3955900276864966,0.3850592740345184,0.39009571075439453,678188000
2010-04-21,0.39215595029527256,0.39261380305406657,0.3754440926300205,0.38002267479896545,895908000
2010-04-22,0.3738416575061472,0.3827699106187164,0.3685762816639408,0.3816252648830414,656932000
2010-04-23,0.38048058268726587,0.3813963156280409,0.36972091848933053,0.37635987997055054,752916000
2010-04-26,0.3768176781969049,0.3846012569679105,0.3761308854134627,0.38002267479896545,491092000
2010-04-27,0.37727560306989477,0.3811673931992922,0.3681184369816619,0.36926308274269104,606704000
2010-04-28,0.36903423346067454,0.3752153439232575,0.36239527003914473,0.36994996666908264,672164000
2010-04-29,0.37109459756119606,0.38162535163961153,0.3656002804066046,0.381167471408844,987128000
2010-04-30,0.3765887918913337,0.37727558477274453,0.35941910630859425,0.3596480190753937,1068048000
2010-05-03,0.36147954247918634,0.36353992160686227,0.3502619955587625,0.35575631260871887,1078972000
2010-05-04,0.35026190554947173,0.3509486984155403,0.33263434024590244,0.33767080307006836,1311376000
2010-05-05,0.3308030976291992,0.34041812078424716,0.32782701188607205,0.3319477438926697,1330840000
2010-05-06,0.32965831980866916,0.3365261946487226,0.2985239156603814,0.32507970929145813,1002888000
2010-05-07,0.3280558472351289,0.3280558472351289,0.3081389851252723,0.3195854723453522,1153712000
2010-05-10,0.3388155609825858,0.3429362922534829,0.32965839250970985,0.3333212435245514,979156000
2010-05-11,0.33011612267742924,0.3362972036392561,0.3271400385726964,0.32965826988220215,829124000
2010-05-12,0.3319476313876217,0.33789977356603196,0.3298872524373751,0.33606836199760437,901236000
2010-05-13,0.3346948637217898,0.35003314430487187,0.3321766312196522,0.3353816568851471,1252000000
2010-05-14,0.31271759131182,0.31363329717511707,0.28845105844829594,0.29669252038002014,2493068000
2010-05-17,0.2971503152284695,0.30104213261304025,0.28799314922337566,0.2973792552947998,856060000
2010-05-18,0.29989756680968693,0.3017290061236958,0.28593287274220114,0.2875353991985321,674112000
2010-05-19,0.28616176013633954,0.2925717829084213,0.2841014083444796,0.29211392998695374,826520000
2010-05-20,0.2836435182920461,0.29211391985263596,0.2749442039239202,0.2852460443973541,1129136000
2010-05-21,0.2770046194542343,0.29943968769069307,0.2770046194542343,0.2914271652698517,1069600000
2010-05-24,0.29051126200057537,0.29394519784834505,0.28204086507701315,0.2829565703868866,664564000
2010-05-25,0.2740285059154259,0.2918849880657053,0.2712813338226814,0.29051142930984497,966652000
2010-05-26,0.3021867676217624,0.30790999617150083,0.2909692232899711,0.2918849289417267,995028000
2010-05-27,0.2992107708783215,0.30905473232269287,0.2985239777932696,0.30905473232269287,713560000
2010-05-28,0.3085968974320493,0.3085968974320493,0.29623470304881794,0.3008132874965668,545116000
2010-06-01,0.29669244574302783,0.3001263828023075,0.2877641930145971,0.2879931330680847,527492000
2010-06-02,0.2884509606707877,0.29165598468693144,0.2866195222744917,0.29119810461997986,649088000
2010-06-03,0.28524605136585945,0.2914271339685135,0.28433031824181065,0.29074034094810486,586360000
2010-06-04,0.28226991579031674,0.28730635155151557,0.2754020141098549,0.27700453996658325,671456000
2010-06-07,0.27814925383952627,0.27998069291695005,0.2621241823799531,0.2632688283920288,577248000
2010-06-08,0.2621241724976612,0.2621241724976612,0.24930412672953417,0.25594308972358704,967636000
2010-06-09,0.25731662202527894,0.2641845244223784,0.24884624818525355,0.24976195394992828,697152000
2010-06-10,0.2547984486944352,0.2609795315883418,0.2541116556416649,0.259834885597229,611768000
2010-06-11,0.2570876632515228,0.26693162126856573,0.2564008704055887,0.2657869756221771,442104000
2010-06-14,0.2696788170499196,0.2701366699381286,0.25937700425792026,0.2600637972354889,375080000
2010-06-15,0.2630398441625194,0.2742573611196932,0.26258196404956846,0.272883802652359,528632000
2010-06-16,0.2710523883270902,0.2735706200116385,0.2657870121715402,0.2694498896598816,366480000
2010-06-17,0.2788360716741277,0.28043857077528234,0.26922102248616786,0.2797517776489258,859068000
2010-06-18,0.28135419029104447,0.285017067645681,0.2792938388356287,0.28158313035964966,932832000
2010-06-21,0.2875353176913094,0.2882220833601838,0.2724259817469044,0.2749441862106323,579836000
2010-06-22,0.27837813837757364,0.2818120760648282,0.26326880163744915,0.2646423876285553,818164000
2010-06-23,0.2671605649332113,0.2703655618703148,0.2596058708160989,0.26761841773986816,614060000
2010-06-24,0.26601589650563456,0.2673894822394746,0.2534247940106215,0.2543404996395111,725028000
2010-06-25,0.25617205944840565,0.2564009996092511,0.2495331222701105,0.2536538541316986,507220000
2010-06-28,0.2554852037045826,0.2577744953459249,0.24953303452088907,0.2541116178035736,372008000
2010-06-29,0.24861723024190038,0.24884617025662914,0.2383154208081287,0.23991791903972626,660808000
2010-06-30,0.24037583722400907,0.2428940689096405,0.23373690247535706,0.23373690247535706,623072000
2010-07-01,0.23442368623752885,0.2392311820529923,0.22732685796736687,0.23762868344783783,737008000
2010-07-02,0.23854441105885457,0.23900226389423185,0.22664007359600327,0.2346525937318802,737096000
2010-07-06,0.23373688544824722,0.2412915526642954,0.23007400822516125,0.2321343868970871,712020000
2010-07-07,0.23305020910719904,0.24472561221552067,0.2325923560479653,0.2433520257472992,608412000
2010-07-08,0.24495443599051187,0.24518334876609152,0.2330500983641348,0.23602618277072906,783272000
2010-07-09,0.23717079916384046,0.23854438480932935,0.23396577508786773,0.236941859126091,571516000
2010-07-12,0.23694188266620791,0.24426763711595523,0.23671296989621998,0.24129155278205872,565396000
2010-07-13,0.2451833134152522,0.2515933341459025,0.2438097550882936,0.24999083578586578,723316000
2010-07-14,0.26097949067470033,0.2628109294314696,0.2488462396129263,0.25250911712646484,1355664000
2010-07-15,0.2527380942020619,0.25296703433883305,0.24243627927664232,0.24541236460208893,953088000
2010-07-16,0.24541229340010873,0.24609908632064587,0.22915831253959737,0.23007401823997498,1288604000
2010-07-19,0.23327905835011414,0.24037584622821623,0.23167653233167881,0.23946014046669006,798440000
2010-07-20,0.23327911045404717,0.24678592355116874,0.23121873109465382,0.24541236460208893,1160988000
2010-07-21,0.2477015655256326,0.24793047828752993,0.23511043574408713,0.23739972710609436,624940000
2010-07-22,0.23991796700010443,0.24380978428547267,0.2385444085086568,0.24129155278205872,462612000
2010-07-23,0.24106269621765009,0.24129163635744194,0.23488161263894772,0.23717090487480164,817604000
2010-07-26,0.2364839849563172,0.24243615249452102,0.23282110842657616,0.24152041971683502,683548000
2010-07-27,0.24220728504177827,0.24266513792254138,0.23648405580596546,0.23946014046669006,683472000
2010-07-28,0.2355683680673527,0.2396890988905096,0.23121869714104362,0.2319054901599884,1320808000
2010-07-29,0.21519361891071298,0.21977220219224267,0.2076389510380872,0.20901252329349518,2664476000
2010-07-30,0.20741002769685574,0.21404897628315336,0.2042050166229271,0.21038611233234406,984288000
2010-08-02,0.2140489900782475,0.21496470953628008,0.2092414663348904,0.21015718579292297,917020000
2010-08-03,0.20855463291402335,0.20878355930787557,0.2030603312353099,0.20466282963752747,955444000
2010-08-04,0.2064942975777839,0.21404896517090047,0.20557857822630704,0.2133621722459793,855496000
2010-08-05,0.21404898500326777,0.21656720321921014,0.21015718081021573,0.21610935032367706,800504000
2010-08-06,0.21519366368630305,0.22091689397905417,0.21336222453451975,0.21862760186195374,739904000
2010-08-09,0.22091686717162268,0.2211458072717576,0.21542256402824317,0.22068794071674347,466456000
2010-08-10,0.21702507801339144,0.21748293092633647,0.21061505536062597,0.21153077483177185,772560000
2010-08-11,0.20718109064961115,0.20718109064961115,0.20260250723268203,0.20328930020332336,796148000
2010-08-12,0.19962642575819292,0.20969932581144382,0.19802392699464466,0.2051207423210144,1343584000
2010-08-13,0.21175972090445613,0.2179408176733306,0.21130185430384116,0.21496473252773285,1797392000
2010-08-16,0.2119886093668973,0.21633826624381589,0.20672323309821883,0.20947039127349854,814008000
2010-08-17,0.2115308047856882,0.2161093891445144,0.20947043909516486,0.21221758425235748,481224000
2010-08-18,0.2115307471882796,0.21519361094893302,0.21015716133843731,0.2133621722459793,352920000
2010-08-19,0.2156514984048202,0.22686904520377724,0.21450685244312126,0.2261822521686554,1615100000
2010-08-20,0.22457975642607628,0.23373693789318897,0.22435082995958117,0.22824262082576752,1305308000
2010-08-23,0.22892934822259797,0.23465257647006194,0.22412182557852625,0.22480861842632294,748620000
2010-08-24,0.21748287427308613,0.22480861448867712,0.21702502147940952,0.22251932322978973,641332000
2010-08-25,0.22000111320325313,0.2289293521515775,0.21885645388886274,0.22709791362285614,757532000
2010-08-26,0.2300739935878747,0.23259222492985,0.22435076534748077,0.22435076534748077,657596000
2010-08-27,0.2257243781038582,0.23350797264355852,0.22000114883132194,0.23167653381824493,1060416000
2010-08-30,0.2289294022544406,0.23076084118398568,0.22068794071674347,0.22068794071674347,602804000
2010-08-31,0.21748290389871075,0.22435079225617222,0.2129043207572392,0.21359111368656158,931488000
2010-09-01,0.2167961416776251,0.21954328632062095,0.2140489833893741,0.21519362926483154,851440000
2010-09-02,0.21588041407941733,0.21977220445060755,0.21382004885250588,0.2190854251384735,596292000
2010-09-03,0.22435079870974783,0.22732686965016022,0.2216036405586889,0.22664009034633636,566484000
2010-09-07,0.22595330081088638,0.23396582165999677,0.22549544793475337,0.2287004590034485,899820000
2010-09-08,0.22915837943880218,0.23785769529405001,0.22664014709184344,0.23625516891479492,1224156000
2010-09-09,0.23923115920634389,0.23946009925257677,0.23007399400510736,0.23305007815361023,697748000
2010-09-10,0.23465266222569003,0.23533945532448056,0.2284715789176053,0.23053193092346191,609292000
2010-09-13,0.23465268096914602,0.24655702285769676,0.23465268096914602,0.24358093738555908,1015792000
2010-09-14,0.24152046555204665,0.24449654988594316,0.23923117410912728,0.24129155278205872,698536000
2010-09-15,0.23900223212101607,0.24197831609108508,0.2357972081184405,0.2417493760585785,555572000
2010-09-16,0.2385444248036921,0.2440387137258123,0.2385444248036921,0.24197836220264435,365280000
2010-09-17,0.24426759075939156,0.24449650348593693,0.2408336542466974,0.24152041971683502,416884000
2010-09-20,0.24152048602154963,0.24609909658594445,0.2392311943846067,0.24518336355686188,443168000
2010-09-21,0.2438097546158894,0.2625819367053112,0.2438097546158894,0.25846120715141296,1779624000
2010-09-22,0.25754556693747793,0.2630398835000056,0.25594306817401535,0.26075059175491333,999996000
2010-09-23,0.2637266255231184,0.27425737752167034,0.2614373339834773,0.2660159170627594,1240872000
2010-09-24,0.2719681101211027,0.28158315727340416,0.2699077584687583,0.28066742420196533,1086976000
2010-09-27,0.2827277647827788,0.2829566775516957,0.2710523675623143,0.27471524477005005,999504000
2010-09-28,0.27494415590185384,0.2779202402041052,0.2692209273554114,0.2740284502506256,723192000
2010-09-29,0.27151018412284866,0.2799805831229647,0.2689919529675975,0.2719680368900299,974904000
2010-09-30,0.2754019958908376,0.2786070201017613,0.265100184987414,0.2673894762992859,787632000
2010-10-01,0.27128134550835725,0.2717392257372129,0.25777453372943115,0.259834885597229,999120000
2010-10-04,0.2573166787624359,0.2616663503299981,0.25205130122829006,0.2573166787624359,749500000
2010-10-05,0.26281084825061074,0.2632687009757476,0.25846117913555955,0.259147971868515,753588000
2010-10-06,0.25914805554741993,0.2602927013751184,0.2442676597873395,0.24678586423397064,1057604000
2010-10-07,0.24793050922820617,0.2481594493091799,0.23762869681355112,0.244954451918602,761488000
2010-10-08,0.24403878148639907,0.2506777453420745,0.24060484313396854,0.24861736595630646,706932000
2010-10-11,0.24976195042326663,0.25182232930045667,0.2463280129184593,0.24747265875339508,442680000
2010-10-12,0.2454123298439663,0.2534248514289114,0.24335195077638755,0.25228020548820496,605208000
2010-10-13,0.25640085801092605,0.26326873155725805,0.253653714050494,0.25960585474967957,968732000
2010-10-14,0.2598348804078988,0.26029273333709724,0.25434056338597993,0.2554852366447449,599172000
2010-10-15,0.25960585273357895,0.2625819367053112,0.255485150470184,0.25846120715141296,639940000
2010-10-18,0.2586902112803516,0.26120844310126656,0.2541116278172408,0.2600637972354889,448156000
2010-10-19,0.25434047759751466,0.26029264554097925,0.2522801264658172,0.25846120715141296,866136000
2010-10-20,0.2586901471840475,0.26555802067704354,0.25411156485538344,0.25846120715141296,763532000
2010-10-21,0.2586902604335747,0.25914811340877947,0.24999094474262243,0.2538827359676361,1014428000
2010-10-22,0.25548525542708184,0.2721970932502617,0.2527380830689041,0.2701367139816284,1322676000
2010-10-25,0.2721970976484877,0.2747153299206693,0.2696788653763061,0.2726549506187439,673136000
2010-10-26,0.2694498045648432,0.27585982449983565,0.26716051368023874,0.27173909544944763,675248000
2010-10-27,0.26922101677553445,0.276546746290076,0.2685342236637459,0.27563104033470154,496796000
2010-10-28,0.2792937993667531,0.28020950493075386,0.2733416313292363,0.27585986256599426,704448000
2010-10-29,0.2754020106180175,0.2781491821715735,0.2724259535858428,0.2751730978488922,554664000
2010-11-01,0.27700462655827857,0.28135427078208014,0.27334174815575013,0.27563104033470154,473920000
2010-11-02,0.27677563521069015,0.2859328022320894,0.27517313644004743,0.28135421872138977,581036000
2010-11-03,0.28318563240595646,0.2852460111768908,0.27585990489826395,0.2834145724773407,671748000
2010-11-04,0.28616177719514774,0.2891378622978666,0.28341463221206636,0.28387248516082764,700016000
2010-11-05,0.2859327560919838,0.2911981317377327,0.2845591976347272,0.28867992758750916,735116000
2010-11-08,0.2884510190900614,0.2923428094138203,0.2861617274536727,0.28982460498809814,605156000
2010-11-09,0.289824570493493,0.29211386185741267,0.286619546209702,0.2882220447063446,633964000
2010-11-10,0.29028255017786825,0.29165613651275635,0.2861618184637217,0.29165613651275635,521016000
2010-11-11,0.28478811039901697,0.29348742312366644,0.28089632050103075,0.28867992758750916,1089980000
2010-11-12,0.29966846788871293,0.31317530056397197,0.2982948824334323,0.3035602569580078,2142560000
2010-11-15,0.30493392530775426,0.30928356828106707,0.29921069650575965,0.2998974621295929,733548000
2010-11-16,0.2948610127329963,0.2989817427397443,0.29051136995896065,0.29096922278404236,739356000
2010-11-17,0.2907402622231244,0.2992106616970783,0.28799311817585754,0.29577672481536865,551764000
2010-11-18,0.2996685592735558,0.3079100199374979,0.2996685592735558,0.30493393540382385,993120000
2010-11-19,0.30424721552476924,0.31592261638718355,0.3037893625536092,0.3147779703140259,716484000
2010-11-22,0.31271753084156645,0.3168382337200947,0.30997035920187105,0.315006822347641,462668000
2010-11-23,0.3113439611954005,0.3145489585541949,0.3053917920542007,0.3076810836791992,457832000
2010-11-24,0.3108861792295891,0.31638046946641674,0.3106572390986734,0.31523582339286804,397784000
2010-11-26,0.3150068455098319,0.31683825701694773,0.3113439679145813,0.3113439679145813,143104000
2010-11-29,0.3099704458905576,0.31592261638718355,0.30859688697707743,0.3147779703140259,468192000
2010-11-30,0.3099704697919243,0.3131754954182096,0.3058497381527101,0.31157296895980835,720936000
2010-12-01,0.31775404113866734,0.3273690622586383,0.3172961881882904,0.3253087103366852,626536000
2010-12-02,0.3253086856889008,0.3312608554643622,0.32507974558580166,0.32920047640800476,529316000
2010-12-03,0.32759784755475874,0.3385864496231079,0.32691105480851795,0.3385864496231079,606044000
2010-12-06,0.3397312348593909,0.3404180278881593,0.3308030073569377,0.3321765661239624,438424000
2010-12-07,0.3399601627630413,0.35094876895736676,0.3392733697589251,0.342936247587204,1026812000
2010-12-08,0.342478340511592,0.3495751276569326,0.3399601089916443,0.34591227769851685,613252000
2010-12-09,0.33767086492662923,0.34247838857927454,0.3328633412739839,0.3401890695095062,942408000
2010-12-10,0.3401889555729167,0.3454543303598242,0.3392732500841073,0.34224933385849,451900000
2010-12-13,0.3436231174015684,0.34430988326868656,0.33263448146043645,0.33355021476745605,609108000
2010-12-14,0.33996023882637333,0.3461413226653638,0.3335502148379503,0.3340080678462982,755160000
2010-12-15,0.3346947910617058,0.33881552185674796,0.32622438937003134,0.32668226957321167,624176000
2010-12-16,0.33011614737479517,0.33194758598322555,0.32622433009794055,0.32714006304740906,631872000
2010-12-17,0.32736900896620785,0.33080297376130396,0.32347721858577805,0.3289715349674225,593156000
2010-12-20,0.33011617765748474,0.33171867635292407,0.32736900584757833,0.3275979459285736,344088000
2010-12-21,0.3308029908972784,0.3404180109500885,0.33057405080224284,0.3404180109500885,466952000
2010-12-22,0.33973125375731245,0.3445387779356031,0.33652625583212775,0.34408092498779297,477988000
2010-12-23,0.34408092046631233,0.34408092046631233,0.3401891022347833,0.3415626883506775,273784000
2010-12-27,0.34064692637480454,0.34591230256469646,0.3344658171616004,0.34339407086372375,255500000
2010-12-28,0.34339397793590787,0.3456832689389071,0.33996004143140895,0.3420203924179077,194260000
2010-12-29,0.34179147969190865,0.3445386234374075,0.3388153959299093,0.3420203924179077,177660000
2010-12-30,0.34156260108868913,0.3452254782682773,0.3404179553813811,0.3431650996208191,174488000
2010-12-31,0.34339405576022397,0.35300910198430574,0.34293620291396,0.3525512218475342,391252000
2011-01-03,0.3552983229070533,0.3656001327082699,0.35484044286126415,0.3621661961078644,817448000
2011-01-04,0.36285313657831114,0.36445563551933247,0.3530091755255899,0.3610216975212097,651384000
2011-01-05,0.36766064276081395,0.38918003176168453,0.3639977918438801,0.38872215151786804,1428216000
2011-01-06,0.3987949359558239,0.44274937967953465,0.39765029026309473,0.4425204396247864,3493312000
2011-01-07,0.437484111264256,0.45625632705857594,0.4276401504358837,0.45488274097442627,2579984000
2011-01-10,0.4466413315438339,0.47319713216137654,0.4432073932203852,0.47228142619132996,1750348000
2011-01-11,0.478691557302474,0.48327014250044065,0.4548828706082144,0.46495574712753296,2711088000
2011-01-12,0.4651842724810393,0.5350076576801082,0.4635817746428758,0.5345498323440552,3431896000
2011-01-13,0.5288266387544924,0.5457674334655611,0.5123437240122075,0.5354655981063843,2695192000
2011-01-14,0.5263089669759086,0.5489729839930431,0.5231039677002047,0.5400447249412537,1595352000
2011-01-18,0.532718439059748,0.5363813151468205,0.5144041132053817,0.5274530649185181,1813348000
2011-01-19,0.5276822786314939,0.5402733562460363,0.5118861488308475,0.5130307674407959,1197896000
2011-01-20,0.5079943019203126,0.5164646751867373,0.49883708115061953,0.5134885907173157,1111408000
2011-01-21,0.5189828377018113,0.5263085918949507,0.5077652936501327,0.5086809992790222,739244000
2011-01-24,0.5320318634608138,0.5734681354007661,0.5260797487943705,0.5661423802375793,2056900000
2011-01-25,0.5636240313847999,0.5695761996837826,0.5450807882204401,0.5487436652183533,1086856000
2011-01-26,0.5544669170130127,0.5723234235470117,0.5505751269025034,0.5617926716804504,1074660000
2011-01-27,0.5698051868322218,0.571178717995812,0.5494304771699897,0.5601901412010193,657396000
2011-01-28,0.5615636645763152,0.5709497418202909,0.5311160325559676,0.5439360737800598,1094796000
2011-01-31,0.5448519599859019,0.5551537451482949,0.5359237061524145,0.5475990772247314,750160000
2011-02-01,0.5524065614229569,0.5643108438538136,0.5487436842976887,0.5601901412010193,654104000
2011-02-02,0.5569852161613222,0.5991082266737814,0.5569852161613222,0.5856013894081116,1606616000
2011-02-03,0.5865173181976326,0.5865173181976326,0.5620218388212365,0.5746129751205444,1030776000
2011-02-04,0.582625274878124,0.5922402666775116,0.5803359833190771,0.5876616835594177,872900000
2011-02-07,0.579649181524656,0.5821673858267744,0.5611058819733759,0.5631662607192993,934236000
2011-02-08,0.5638531792093341,0.5675160573797237,0.5439362893917836,0.5464545488357544,1076584000
2011-02-09,0.5485147288487946,0.5540090719463611,0.5233325231153295,0.5331764817237854,1277520000
2011-02-10,0.5212723354517198,0.531345265100711,0.5173805440523049,0.5224170088768005,1042352000
2011-02-11,0.5205852984372001,0.5542379281512577,0.5121149264675963,0.5372971296310425,1359276000
2011-02-14,0.5437072895729171,0.5608770043703709,0.5269954549413893,0.5290558338165283,1287828000
2011-02-15,0.5299715182480162,0.5318029296760101,0.5139464226384964,0.5162357687950134,886980000
2011-02-16,0.5231035860055497,0.5427915023063434,0.5212721201979117,0.5352368354797363,1318364000
2011-02-17,0.5201273741399054,0.5954451111580701,0.5176091160952392,0.5878904461860657,3470096000
2011-02-18,0.5846854798351854,0.5940716115198038,0.5775886938237463,0.5867458581924438,1394412000
2011-02-22,0.5675158430255105,0.5691183413858398,0.5295135441198193,0.531345009803772,1396648000
2011-02-23,0.5313447703151946,0.5363811758687821,0.498607861311964,0.5061625242233276,1491604000
2011-02-24,0.508681167055176,0.5274533842535245,0.5050183433315241,0.5185251832008362,1246120000
2011-02-25,0.5324897728490106,0.5379840622324136,0.525164017283792,0.5292847752571106,775652000
2011-02-28,0.5379842303891859,0.5382131978466193,0.5068498413769195,0.5187541842460632,903696000
2011-03-01,0.5196697956691538,0.5263087591045889,0.49563220143318176,0.49563220143318176,988448000
2011-03-02,0.4949453481655648,0.5043314828001638,0.463582055803666,0.47502851486206055,1718140000
2011-03-03,0.48601703415862973,0.48876420582835517,0.4633530316264409,0.47777557373046875,1593704000
2011-03-04,0.47823345132839545,0.4830409471438589,0.46999199094401867,0.47525736689567566,959760000
2011-03-07,0.4786914408025191,0.4802939397737004,0.4567141989941892,0.4686185121536255,1019140000
2011-03-08,0.47365491475394106,0.4761731192974919,0.43771298525797236,0.4475569725036621,1947184000
2011-03-09,0.4461833711019601,0.4505330416384156,0.4342790326152475,0.438170850276947,1318976000
2011-03-10,0.4280979657128056,0.4313029632399021,0.4097836044605776,0.4102414846420288,1722736000
2011-03-11,0.4136753949045144,0.4246640000129976,0.40428928845361006,0.4132175147533417,1486832000
2011-03-14,0.4164225472705279,0.4269532997184184,0.40978358514798513,0.41665148735046387,1003360000
2011-03-15,0.39627690306748076,0.4111573318192041,0.3894090254700021,0.40428945422172546,1256280000
2011-03-16,0.40062642253810377,0.42008542893720324,0.3960478392184355,0.4013132154941559,1476520000
2011-03-17,0.41207289310616835,0.4127596860826688,0.3937585592822116,0.40886789560317993,1238516000
2011-03-18,0.4152779384597846,0.4166515244807907,0.40291574614226433,0.4033735990524292,886960000
2011-03-21,0.4120728895907577,0.4161936201240959,0.40245786987330856,0.40657860040664673,751832000
2011-03-22,0.40543385181948904,0.4093256412796359,0.3976502456086924,0.3994816839694977,718332000
2011-03-23,0.3987949939294051,0.4088678938640418,0.39009567994192657,0.40772324800491333,782396000
2011-03-24,0.41642249785129404,0.4452676072650657,0.4155067922212404,0.4402311444282532,1780592000
2011-03-25,0.4441229686809619,0.44526761438207757,0.42580861017260574,0.42649540305137634,1196392000
2011-03-28,0.43656830163448457,0.44961728527648354,0.4326765114651638,0.4422915577888489,1204284000
2011-03-29,0.442291552269511,0.4438940508732917,0.4329054461337121,0.4388576149940491,715764000
2011-03-30,0.4422915224232273,0.4441229609713211,0.41688035009287056,0.4223746657371521,1176320000
2011-03-31,0.423061576817547,0.4276401608218949,0.4148201146935155,0.42260369658470154,655112000
2011-04-01,0.42809794553708,0.42855579840644287,0.41092823096664677,0.41665148735046387,850072000
2011-04-04,0.4166514298477948,0.4177960755084822,0.398794924792465,0.40177100896835327,924328000
2011-04-05,0.40772320919905064,0.41092820638336447,0.401542100315648,0.4024578332901001,821076000
2011-04-06,0.40543397416742233,0.40589182707316435,0.39627677960002666,0.3997107446193695,856984000
2011-04-07,0.40062644154331906,0.4168804240154137,0.3990239427635165,0.41436219215393066,1021208000
2011-04-08,0.4175671354601426,0.4175671354601426,0.4006263633076659,0.40177100896835327,746552000
2011-04-11,0.40337364944954773,0.4054340287384786,0.3921561289417005,0.39650577306747437,546208000
2011-04-12,0.39261386572477497,0.4003974457382289,0.3852881112526927,0.3976503014564514,840756000
2011-04-13,0.4017710769026672,0.40909680491165185,0.3967346406021472,0.40657860040664673,749588000
2011-04-14,0.4029156909569698,0.42397719484498236,0.4006263994291865,0.423748254776001,1254704000
2011-04-15,0.420543267223639,0.43359225106446947,0.4184828884269513,0.42832687497138977,969720000
2011-04-18,0.4182539810696782,0.42100112554372854,0.40749428866967574,0.4141332507133484,743584000
2011-04-19,0.4143622512869044,0.4159647775859115,0.4013132918027294,0.4125308394432068,659860000
2011-04-20,0.42764013538832135,0.4338212179684731,0.4182540278214345,0.42512190341949463,650516000
2011-04-21,0.42970051566842016,0.43244768792236843,0.4230615797325767,0.4239772856235504,421300000
2011-04-25,0.42580873530125735,0.43771304863297406,0.4255797951775551,0.43061625957489014,619612000
2011-04-26,0.4342790366888851,0.44618337528726315,0.4299293934021382,0.4418337047100067,676000000
2011-04-27,0.4441230236862798,0.4441230236862798,0.43267653796695255,0.4418337047100067,450004000
2011-04-28,0.4418336835156384,0.4555694602618362,0.43679724750665383,0.446641206741333,684000000
2011-04-29,0.44961739794729993,0.46793173490107876,0.4489306048534303,0.4578588604927063,836000000
2011-05-02,0.46747374692360383,0.467702659681741,0.4493883290865161,0.4516776204109192,613824000
2011-05-03,0.44641229574787084,0.4477858543246419,0.4246639983986573,0.4301582872867584,808000000
2011-05-04,0.43153183893743163,0.4363393618012079,0.41894073621759553,0.4269532561302185,639356000
2011-05-05,0.42351934994374263,0.43221866337064024,0.41779612101690317,0.42718222737312317,544000000
2011-05-06,0.43611044878347766,0.4464122880289271,0.4326765114651638,0.4422915577888489,841080000
2011-05-09,0.4436651322399678,0.45442482472198215,0.44252048642617975,0.45213553309440613,706328000
2011-05-10,0.45579844219631194,0.45625629509544935,0.44824374655324706,0.45282235741615295,690976000
2011-05-11,0.45511168108528877,0.45969023768792483,0.44870165817677804,0.45488274097442627,616000000
2011-05-12,0.45328014719200654,0.46976306758964465,0.45213550145830983,0.4693051874637604,1224000000
2011-05-13,0.43954440438448533,0.44068905020486776,0.4148200492061232,0.41802504658699036,2025192000
2011-05-16,0.416880317924819,0.4177960507734574,0.4049760092165488,0.4052049219608307,728188000
2011-05-17,0.4038314209556549,0.40406033373243555,0.39192708326681985,0.4036024808883667,1420364000
2011-05-18,0.4052050537814167,0.41642260061561,0.4038314949973708,0.41298866271972656,658844000
2011-05-19,0.4161936812693201,0.4164226213900053,0.4008554300272856,0.40703651309013367,650884000
2011-05-20,0.4061207300779049,0.4150489564411956,0.4042892913317018,0.4141332507133484,575820000
2011-05-23,0.4081810813987514,0.4166514821842265,0.4029157052400938,0.4136753976345062,588000000
2011-05-24,0.4157356915071555,0.43198967059251814,0.4145910458614399,0.4152778387069702,720372000
2011-05-25,0.41321755602003524,0.42306154360519926,0.40909682528151653,0.42031437158584595,545312000
2011-05-26,0.4203143295596361,0.43450795927207086,0.4191696837628596,0.43084508180618286,706436000
2011-05-27,0.43267657609229737,0.4470991204415537,0.43221872317290283,0.4464123547077179,658824000
2011-05-31,0.4551115973746138,0.4590034148003613,0.4441229925941367,0.4587744474411011,1200716000
2011-06-01,0.4567141236738953,0.457400916631284,0.4372551172369256,0.438170850276947,762208000
2011-06-02,0.4388576385187095,0.44206263589807254,0.43084509048928377,0.4361104667186737,607592000
2011-06-03,0.4310740988251558,0.43496588977074885,0.4205433446989503,0.42260369658470154,549300000
2011-06-06,0.4219168583428841,0.42580864861997586,0.4132175174803118,0.4136753976345062,435988000
2011-06-07,0.4168804837455546,0.4191697758419969,0.4116151064656344,0.4134465456008911,433956000
2011-06-08,0.4113861765526307,0.41390438137987157,0.39902398337071904,0.402228981256485,569288000
2011-06-09,0.4019999715855636,0.4029156772493205,0.38322775986398633,0.3976503014564514,741632000
2011-06-10,0.39833717569897564,0.4008554077243472,0.38872212781338433,0.39192715287208557,493548000
2011-06-13,0.391927179427978,0.3969636165294636,0.386432862079573,0.3891800343990326,574760000
2011-06-14,0.3926138565998323,0.40108422930949295,0.39078241802437713,0.39238491654396057,534576000
2011-06-15,0.38711964740771515,0.38940893943441435,0.37590210010258096,0.38391464948654175,935916000
2011-06-16,0.3841434165823149,0.3900955845098627,0.36514229451106955,0.37063658237457275,1024908000
2011-06-17,0.37498626640690297,0.37521520644775197,0.3504908282372404,0.3619372844696045,1467884000
2011-06-20,0.3587323409149894,0.36628700860837116,0.3548405233856202,0.35758769512176514,745960000
2011-06-21,0.35896132333012926,0.36811851874273127,0.35552738528434613,0.36537134647369385,704276000
2011-06-22,0.3628530750852017,0.36766057109353395,0.35964805045580484,0.3603348433971405,651720000
2011-06-23,0.3557563639699899,0.3736128492019281,0.3525513384055044,0.37109464406967163,744024000
2011-06-24,0.3692630970534867,0.3724680943923748,0.35804555178636077,0.3603348433971405,529052000
2011-06-27,0.36033486123816305,0.36262415296229095,0.3401890613172252,0.35278019309043884,1142152000
2011-06-28,0.3527801951985665,0.3589612774325465,0.3502619633707734,0.35484054684638977,692200000
2011-06-29,0.35712981876774363,0.36399772089059157,0.3447676549857365,0.3603348433971405,960544000
2011-06-30,0.36125058572794744,0.3688052542670779,0.35575629622158617,0.3649134635925293,652300000
2011-07-01,0.36491341270598426,0.37109452165183504,0.357587685288892,0.3697209358215332,540804000
2011-07-05,0.3692630128688808,0.3726969495021813,0.36033476124799796,0.36353978514671326,535296000
2011-07-06,0.3633109862813595,0.36399777933296457,0.3543827311915199,0.3587324023246765,529580000
2011-07-07,0.36056381194960413,0.36239522355045495,0.3536959092843702,0.3601059317588806,986136000
2011-07-08,0.35506954492135934,0.35758777716039486,0.3502620205706606,0.3532381057739258,619516000
2011-07-11,0.34659915109593176,0.3479727099154236,0.33996018795159183,0.34087589383125305,714388000
2011-07-12,0.3392733884260966,0.34247841352481223,0.33057407357317237,0.33629730343818665,867604000
2011-07-13,0.34087576474993886,0.3431650558727065,0.33240539305379907,0.33561038970947266,634368000
2011-07-14,0.33698401238625003,0.33904436370729263,0.32073003270955996,0.3223325312137604,1088996000
2011-07-15,0.3241639999638914,0.3262243514768327,0.31615147940610655,0.3227904140949249,827736000
2011-07-18,0.32027210810972634,0.3221035189666185,0.3118017100893513,0.31592243909835815,818200000
2011-07-19,0.31683822221451374,0.3262243279647777,0.31683822221451374,0.3255375623703003,602224000
2011-07-20,0.32668210979583,0.32851352055077804,0.32050100298113665,0.3214167356491089,662956000
2011-07-21,0.321874817001742,0.3388155968439389,0.31706729212843204,0.3365263044834137,1143420000
2011-07-22,0.3395022805635458,0.3445387166749825,0.33515261010645736,0.34339407086372375,737192000
2011-07-25,0.33812868458227313,0.339502270430992,0.3330922486211505,0.33789974451065063,566920000
2011-07-26,0.32828468420601636,0.3365261436821219,0.3248507473060565,0.32965826988220215,698276000
2011-07-27,0.32507966730575305,0.32668219306053137,0.3163803548404777,0.3172960877418518,652212000
2011-07-28,0.31615155945630163,0.32324834880152703,0.3111150948551874,0.3166094124317169,648176000
2011-07-29,0.31340438702277923,0.31958549770768935,0.311801887963568,0.3166094124317169,677656000
2011-08-01,0.3239351651415949,0.3344659207839584,0.3211880198015705,0.33355021476745605,1019620000
2011-08-02,0.33126079850100676,0.35209336184225803,0.3301161527633667,0.3301161527633667,1356432000
2011-08-03,0.3308029297659666,0.34018900798922425,0.3275979054803008,0.33904436230659485,765236000
2011-08-04,0.3328632860469986,0.3328632860469986,0.3067653477191925,0.3067653477191925,979732000
2011-08-05,0.31386217277598866,0.31775396283086427,0.2884509991610168,0.2964635193347931,1270588000
2011-08-08,0.28204109020503115,0.29211399310641173,0.2712813941277922,0.27311283349990845,1084180000
2011-08-09,0.2783782121658108,0.2964636384867996,0.2747153607028198,0.2960057854652405,1329832000
2011-08-10,0.2873062990228943,0.2955477577002452,0.2808962786394548,0.2824987769126892,1140052000
2011-08-11,0.28249898418725733,0.3111151705335174,0.28249898418725733,0.3069944381713867,1078792000
2011-08-12,0.3397312381928229,0.34018909111965695,0.2900535543042909,0.2948610782623291,3195784000
2011-08-15,0.29783712228968245,0.30676537594320924,0.2962346236207444,0.30607858300209045,864152000
2011-08-16,0.3026446312058302,0.3067653613662239,0.2918849393174391,0.2973792552947998,716868000
2011-08-17,0.29829501433071326,0.3033314783667184,0.28936678679509004,0.29325857758522034,553328000
2011-08-18,0.27998052560115244,0.282727668930344,0.2701365430314294,0.273341566324234,802564000
2011-08-19,0.2687631236020587,0.28364352053975433,0.2667027445748401,0.26853418350219727,761332000
2011-08-22,0.2760887096534256,0.2792937329462302,0.27036548301323593,0.273341566324234,611876000
2011-08-23,0.27998066378811,0.3031025217426748,0.27952278359850613,0.3028735816478729,938312000
2011-08-24,0.30218681040197304,0.3031025161833639,0.29074032439152486,0.2985239326953888,687500000
2011-08-25,0.29257171189819564,0.29783708744339055,0.2852459850612097,0.2857038378715515,690968000
2011-08-26,0.2845592976187118,0.30081328308611444,0.2795228329676187,0.29783719778060913,732660000
2011-08-29,0.3063074620200079,0.3069942275337183,0.2992106485273063,0.3058495819568634,601528000
2011-08-30,0.3037892453332583,0.3156935544425893,0.30172886682228467,0.31317535042762756,684760000
2011-08-31,0.31546456283266155,0.3186695588834489,0.30218667136847566,0.304704874753952,705808000
2011-09-01,0.3088257832134548,0.315464746455136,0.30378934622044684,0.3040182590484619,762312000
2011-09-02,0.29715028319374986,0.30127101290990227,0.29348740627039116,0.29577672481536865,471356000
2011-09-06,0.28616171627012393,0.30241569716946165,0.2834145718719211,0.30172890424728394,696248000
2011-09-07,0.3262243866920471,0.3351526412230981,0.31729615945150746,0.3262243866920471,1606620000
2011-09-08,0.32301935754242966,0.33080296539699106,0.3193564800472821,0.32462185621261597,880164000
2011-09-09,0.321874700842968,0.33057401413164195,0.3150068262398845,0.31775397062301636,869828000
2011-09-12,0.31340436988380194,0.32805585532946063,0.31340436988380194,0.3253087103366852,916480000
2011-09-13,0.3280557766120004,0.3342368854757214,0.32301934078532657,0.3326343595981598,853836000
2011-09-14,0.3413337586554527,0.35415380413515435,0.34110481855061403,0.3498041331768036,1547192000
2011-09-15,0.35758771876416773,0.3594191576125163,0.3516355493296624,0.35484054684638977,752908000
2011-09-16,0.35552730950809297,0.3685762931332502,0.35209337219421116,0.35392481088638306,1391588000
2011-09-19,0.34797263072484275,0.3504908622565892,0.33767081911580055,0.3465990722179413,968204000
2011-09-20,0.3509486984155403,0.3523222841476775,0.3360683045762454,0.33767080307006836,792436000
2011-09-21,0.33950238281024064,0.34545452644706615,0.33103197942351853,0.33126091957092285,715252000
2011-09-22,0.3182118381257767,0.31866969099563197,0.30333144246717125,0.309283584356308,1314632000
2011-09-23,0.30745221208935275,0.32462190157756643,0.3056207730858408,0.3156936466693878,1011440000
2011-09-26,0.31958531576145477,0.32050102119095614,0.30218669427692996,0.3163802921772003,972124000
2011-09-27,0.3243930209429354,0.32714016607550156,0.31432011906950585,0.3168383240699768,781388000
2011-09-28,0.3175251045090519,0.32553765403604945,0.302186853114458,0.30722329020500183,1236532000
2011-09-29,0.31271753404190666,0.3179829100178653,0.29188494291671796,0.299668550491333,866416000
2011-09-30,0.2948610049481262,0.29646350343885647,0.2859327522874768,0.28639063239097595,677784000
2011-10-03,0.28272769339752746,0.2916559441031703,0.27036550641059875,0.27036550641059875,949896000
2011-10-04,0.26372661678734366,0.2953188717365265,0.2625819710554388,0.2953188717365265,1361548000
2011-10-05,0.29463203892938344,0.30859675317371776,0.28867989830403984,0.3058495819568634,856708000
2011-10-06,0.30745216004393217,0.31889861776508793,0.30699427990267963,0.31798291206359863,773192000
2011-10-07,0.31935653725398916,0.32874264546008125,0.3127176013066162,0.3239351212978363,806976000
2011-10-10,0.3294294028998404,0.3383576571941376,0.32874260990943127,0.3383576571941376,534376000
2011-10-11,0.33561053850228406,0.34110485600713186,0.333550186494538,0.33469483256340027,816080000
2011-10-12,0.34110479388274917,0.34133373397103145,0.3342369187204009,0.3344658315181732,612064000
2011-10-13,0.3328633068621683,0.354611603807261,0.3319476011613363,0.35392481088638306,854832000
2011-10-14,0.36010593292621373,0.3637688107208108,0.35117770582633595,0.3598770201206207,702452000
2011-10-17,0.3557561657264048,0.3557561657264048,0.340188954157408,0.3420203924179077,611780000
2011-10-18,0.3401890631683139,0.35529842683648766,0.33812871152159163,0.3543826937675476,590916000
2011-10-19,0.3548406260228949,0.36102173692659234,0.34637025016108985,0.3472859561443329,557568000
2011-10-20,0.3378998230313658,0.33927340919927684,0.3168383140061398,0.3298873007297516,990308000
2011-10-21,0.33400803363058273,0.3395023510394732,0.32599551128848436,0.33148980140686035,628428000
2011-10-24,0.33286328983967295,0.349117269877028,0.3321764969539173,0.34385189414024353,535256000
2011-10-25,0.33904441080462355,0.34179158266830323,0.3301161841191936,0.3308029770851135,577996000
2011-10-26,0.3372130648311032,0.33904447670887083,0.3250797837525453,0.33469483256340027,503116000
2011-10-27,0.3470569868847045,0.3525512764721782,0.33927337813018615,0.34911733865737915,577732000
2011-10-28,0.34614123613691944,0.36033486688120053,0.34522553034913184,0.357129842042923,490156000
2011-10-31,0.34568344641258614,0.3477438257473839,0.3388155698776245,0.3388155698776245,519984000
2011-11-01,0.32645323065437193,0.32736893620252583,0.3186696243330506,0.3218746483325958,790824000
2011-11-02,0.3250796029194627,0.32668212835683985,0.3097413595870657,0.3163802921772003,961608000
2011-11-03,0.3198144361507734,0.3360684500485044,0.3113440599107467,0.3353816568851471,749372000
2011-11-04,0.3324054004242694,0.34041791953161893,0.3271400252670533,0.33927327394485474,654840000
2011-11-07,0.3367551877329071,0.3424784454214684,0.329658398413639,0.33744198083877563,613536000
2011-11-08,0.3417915165024403,0.3472858045851661,0.3362972011292101,0.34522545337677,549728000
2011-11-09,0.33721305539194424,0.34156269941566103,0.326453360813409,0.32782694697380066,532244000
2011-11-10,0.3358395041948734,0.3392734426628363,0.32301945633160506,0.33126091957092285,990484000
2011-11-11,0.3406469557671575,0.3456833923131576,0.3221036538180651,0.342936247587204,1751560000
2011-11-14,0.3429362664559108,0.3463702043749194,0.3353815975759894,0.33629730343818665,500292000
2011-11-15,0.33309222571852887,0.34316509694818764,0.33217649278551054,0.340646892786026,505660000
2011-11-16,0.3342368276435776,0.3431650520055576,0.33263430204329686,0.3337789475917816,512420000
2011-11-17,0.3330921913952492,0.3340078969434031,0.3159224803980856,0.3218746483325958,657504000
2011-11-18,0.32370614138724885,0.32370614138724885,0.3154646809000239,0.31889861822128296,501352000
2011-11-21,0.3138621806374325,0.3381286818306,0.3090546574965477,0.3349236845970154,1330788000
2011-11-22,0.3385864923787632,0.34705689183451344,0.33675505392101984,0.34522545337677,1287480000
2011-11-23,0.34156264118267593,0.3440808729505562,0.3303450955599932,0.33057403564453125,825340000
2011-11-25,0.32622422981659477,0.33377889469749916,0.32050100298113665,0.3214167356491089,406620000
2011-11-28,0.3319475781625386,0.3445386807744046,0.3319475781625386,0.3395022451877594,690616000
2011-11-29,0.33904442781202043,0.34568339042826196,0.33583943019763557,0.3413337469100952,623440000
2011-11-30,0.3516354663795057,0.3587322800087899,0.34865938236430577,0.35781654715538025,730324000
2011-12-01,0.35484044286126415,0.3630819016184383,0.3532379445725087,0.3621661961078644,529760000
2011-12-02,0.3660581025198062,0.3674316885154078,0.3564430824221276,0.3598770201206207,546464000
2011-12-05,0.36582917974098167,0.3662870326301966,0.35140660905188537,0.3543826937675476,644696000
2011-12-06,0.35644309585857253,0.35712986159175064,0.34568340216528887,0.3493462800979614,573832000
2011-12-07,0.34705704329378023,0.3498041885340256,0.33996022640683976,0.3472859561443329,510016000
2011-12-08,0.34385197231810805,0.3495752021831223,0.3351526574651838,0.33629730343818665,491488000
2011-12-09,0.33377896239494276,0.343851860042645,0.32920037999794277,0.3411047160625458,555840000
2011-12-12,0.3337790053446996,0.33515259115675033,0.3264532780249461,0.3326343595981598,573208000
2011-12-13,0.33698404542367116,0.34110477576025255,0.32141685709131296,0.32347720861434937,516596000
2011-12-14,0.3207300437413921,0.3225614823622607,0.30745214785322816,0.31088608503341675,636020000
2011-12-15,0.3161515153188296,0.3182118670658133,0.3074522008383769,0.30813896656036377,435148000
2011-12-16,0.3106571702563829,0.31660933943602865,0.30791002574674214,0.309283584356308,619116000
2011-12-19,0.3106572188815576,0.31432009699474467,0.30012646477402977,0.30127111077308655,463276000
2011-12-20,0.3081390400048374,0.3193565891079662,0.3081390400048374,0.31821194291114807,445208000
2011-12-21,0.3163804379110454,0.31981437578919497,0.3079100632697123,0.31409114599227905,548424000
2011-12-22,0.31500684186503597,0.32851365167153634,0.31500684186503597,0.3275979459285736,576560000
2011-12-23,0.32920038011395325,0.3296582601862176,0.3216457136981402,0.3243928849697113,248948000
2011-12-27,0.32301929391303985,0.3269110834284489,0.3209589154939386,0.3218746483325958,195712000
2011-12-28,0.3218747866629473,0.32256157976447364,0.3136333240256611,0.31386226415634155,233960000
2011-12-29,0.31706715042982814,0.32050108743597544,0.3124885677549651,0.3198142945766449,211112000
2011-12-30,0.3186696461581552,0.3221035831346713,0.3168382076459122,0.3172960877418518,186956000
2012-01-03,0.3273688751836864,0.3296581932083679,0.32072994297075424,0.3214167356491089,468044000
2012-01-04,0.32164577187143145,0.32645329517567234,0.3186696873159732,0.32507970929145813,347372000
2012-01-05,0.3234771432572741,0.3383575629357719,0.32210355765910414,0.33675503730773926,563548000
2012-01-06,0.3365261482287324,0.33675506098418634,0.328971481488653,0.3328632712364197,533252000
2012-01-09,0.3330922112823786,0.3392732923277144,0.33057397993885046,0.3328632712364197,508244000
2012-01-10,0.33789982473864194,0.33812876486462196,0.32920050930911793,0.33148980140686035,546328000
2012-01-11,0.3285136478732078,0.33148973243919033,0.3234772117641267,0.32485079765319824,484272000
2012-01-12,0.32553758583285786,0.3257664986173467,0.3156935992561121,0.3227904140949249,652364000
2012-01-13,0.32050113979324857,0.3211879327647741,0.3127175588906527,0.31432005763053894,504300000
2012-01-17,0.31912760328679274,0.31912760328679274,0.30905470268325924,0.30951255559921265,627176000
2012-01-18,0.31546471207440197,0.3225615274891847,0.3138622132908896,0.32004329562187195,632676000
2012-01-19,0.322790422959243,0.32897153224882647,0.319356485483034,0.32851365208625793,608312000
2012-01-20,0.3280557665612324,0.3319475838126386,0.3243929166588294,0.3255375623703003,546272000
2012-01-23,0.32576651752109675,0.33469477160645544,0.3216457869655858,0.3344658315181732,562792000
2012-01-24,0.3321764356469106,0.34339397793590787,0.3319475229209115,0.3420203924179077,730920000
2012-01-25,0.33286334241501603,0.3408758636698841,0.32324829507676567,0.33996015787124634,1274152000
2012-01-26,0.34499649631575297,0.34888831308040014,0.33492362623085004,0.33675503730773926,799672000
2012-01-27,0.3346947842938537,0.3431651585237374,0.3319476395828794,0.3413337469100952,449996000
2012-01-30,0.3353816316101437,0.3404180689443458,0.3303451669854262,0.3388155698776245,399076000
2012-01-31,0.3397312444746842,0.3399601845875907,0.3321765755254386,0.3381287455558777,357900000
2012-02-01,0.3420204829732223,0.34568336046402626,0.3372129869683643,0.341791570186615,428020000
2012-02-02,0.34362311600901435,0.35598528363428417,0.34018915023475366,0.35461172461509705,696236000
2012-02-03,0.35987690504092734,0.36514227995298293,0.3591901122627458,0.3621661961078644,495232000
2012-02-06,0.36033484296647017,0.36079269582997714,0.35621411261388997,0.3594191372394562,278868000
2012-02-07,0.3598769905330863,0.36239519493063876,0.3539248214288555,0.3603348433971405,410296000
2012-02-08,0.3603348363000734,0.3804806075362507,0.35850339758941946,0.3733838200569153,847612000
2012-02-09,0.377962401802864,0.3800227532882299,0.37246808569104173,0.373154878616333,561944000
2012-02-10,0.36949201668395515,0.3708656025920679,0.36193734877035344,0.3639977276325226,440268000
2012-02-13,0.37315487310678025,0.37452845893708214,0.3621662683358881,0.3697209358215332,610668000
2012-02-14,0.3697210566584382,0.3749864343414825,0.36651603110372943,0.3717814087867737,453756000
2012-02-15,0.37521531250323203,0.3868907120765239,0.3692631426638064,0.37017884850502014,1110856000
2012-02-16,0.34476765192910813,0.37956490593686293,0.3433940660586147,0.3765888214111328,1888588000
2012-02-17,0.3768177390173956,0.37933594324246617,0.3594191130509682,0.3628530502319336,1020360000
2012-02-21,0.3626242321827735,0.3736128403173092,0.3619374390573933,0.3646846115589142,518176000
2012-02-22,0.3628529888860459,0.3717812131308994,0.3617083433525774,0.3621661961078644,492432000
2012-02-23,0.362853140037392,0.3662870780682505,0.3571298826954476,0.36422669887542725,323968000
2012-02-24,0.36537125117175095,0.3658291312908347,0.35987696264781116,0.3614794611930847,366668000
2012-02-27,0.3569008666971003,0.35850336519015835,0.3491172597028811,0.35415372252464294,745268000
2012-02-28,0.35415383587985755,0.3582745671027328,0.34728593231472243,0.3509488105773926,699884000
2012-02-29,0.35209338992980393,0.3580455591565573,0.3465991008670387,0.34682801365852356,689196000
2012-03-01,0.34820163282297084,0.3532380694932404,0.34682804678084644,0.34911733865737915,449944000
2012-03-02,0.347972579666962,0.357129744198039,0.347972579666962,0.35209330916404724,684076000
2012-03-05,0.3495751767206668,0.3502619697125462,0.33767086492662923,0.3401890695095062,514848000
2012-03-06,0.33629730491269555,0.33904444980184484,0.33103192795569364,0.3369840979576111,471400000
2012-03-07,0.3388154495443724,0.3404179480419524,0.3342368668138548,0.33904436230659485,441984000
2012-03-08,0.33996015670588686,0.34362303446890335,0.3381287178243786,0.3401890695095062,430852000
2012-03-09,0.3411047123417782,0.34362294354886086,0.3374418355479313,0.33927327394485474,367836000
2012-03-12,0.3406470319841539,0.3429363243164109,0.33309236182960233,0.3340080678462982,299948000
2012-03-13,0.33538145319465235,0.34041788784958293,0.3337789276899236,0.3385864496231079,553288000
2012-03-14,0.3385865545221636,0.33927334748118276,0.32782688913256025,0.3289715349674225,735708000
2012-03-15,0.329887158185034,0.33561038592745773,0.32874251263654924,0.3337789475917816,382380000
2012-03-16,0.33400795000892797,0.33561044861804595,0.33217651133114695,0.33423689007759094,428340000
2012-03-19,0.3360683591044384,0.337670857858272,0.33355012728376404,0.33515262603759766,405400000
2012-03-20,0.33332111953452326,0.33332111953452326,0.3266821857774694,0.32965826988220215,449616000
2012-03-21,0.32965838944416853,0.33400803351213076,0.32599551117287395,0.3310319483280182,467840000
2012-03-22,0.3285136567552175,0.33332118020644,0.3275979509980844,0.33057403564453125,425372000
2012-03-23,0.32965833470643513,0.33400797805216587,0.3273690156991174,0.33309227228164673,315456000
2012-03-26,0.33629730491269555,0.33858659686873877,0.3330923070904402,0.3369840979576111,288600000
2012-03-27,0.33835756839164477,0.3433940035153066,0.3376707755814855,0.33927327394485474,419968000
2012-03-28,0.34362289956902853,0.35163541765086664,0.3411046686842508,0.3470568358898163,892448000
2012-03-29,0.34659916343302744,0.35140666040814006,0.34224949212352845,0.3486595153808594,372700000
2012-03-30,0.3516355161550062,0.3546116005914835,0.3465990802650871,0.3525512218475342,527240000
2012-04-02,0.35163560366295754,0.3546116888400627,0.34591237343410697,0.3509488105773926,407776000
2012-04-03,0.35346691279136316,0.35392476558317293,0.3433940149190266,0.34522545337677,430476000
2012-04-04,0.3399602415868391,0.34430988613723945,0.33332127739507517,0.3353816568851471,495896000
2012-04-05,0.33583939029503734,0.33996012051715174,0.33377901153872624,0.3349236845970154,369424000
2012-04-09,0.3296583298873981,0.33171868148620237,0.32416401347307106,0.33057403564453125,365504000
2012-04-10,0.3292004089530345,0.3337789917527475,0.3225614748096531,0.3241639733314514,470360000
2012-04-11,0.32851365323957676,0.33538155550661514,0.3273690074101553,0.32828474044799805,372960000
2012-04-12,0.3287426065618527,0.33789977356603196,0.3273690205950217,0.33606836199760437,384868000
2012-04-13,0.3330922261651955,0.3349236647431819,0.3239350332752633,0.3241639733314514,311324000
2012-04-16,0.3264532890419418,0.3273689947538736,0.31500683119025363,0.32027220726013184,463468000
2012-04-17,0.3211880015205547,0.3250797928049571,0.31981441528346416,0.32095906138420105,460696000
2012-04-18,0.3188986748758126,0.3205011737856602,0.31363329792301686,0.31752508878707886,400764000
2012-04-19,0.3134044122335071,0.3253087542950001,0.31111511988176116,0.31271764636039734,667188000
2012-04-20,0.314548864977784,0.3154645977296637,0.3058495539326809,0.30653634667396545,509592000
2012-04-23,0.3012710828557917,0.304247167635663,0.29554785339085093,0.3028735816478729,706244000
2012-04-24,0.30378933007088843,0.306307562078779,0.2918849903505099,0.2934874892234802,730440000
2012-04-25,0.29783702151704794,0.3017288104792628,0.292342707137598,0.29943951964378357,727112000
2012-04-26,0.2992106976435339,0.30218678208998945,0.29715031889267657,0.299668550491333,539208000
2012-04-27,0.2992108426149669,0.30104228218402646,0.29394546408786587,0.29715046286582947,475356000
2012-04-30,0.2955478746979917,0.29921075273582853,0.2934874955677662,0.29760822653770447,262268000
2012-05-01,0.29600570628994405,0.30607860652254615,0.29600570628994405,0.3028735816478729,408680000
2012-05-02,0.30172895251435095,0.30287359847091816,0.29257178486181296,0.29417428374290466,684008000
2012-05-03,0.2948610091363274,0.2966924477048209,0.28730634209785777,0.2891377806663513,419536000
2012-05-04,0.28730638663048347,0.28890888539236365,0.28066742420196533,0.28066742420196533,545092000
2012-05-07,0.28570401543761437,0.29051154116036176,0.28318578247988524,0.28547507524490356,604440000
2012-05-08,0.2829567252884157,0.28707745601968704,0.2779202887459779,0.2852460443973541,462312000
2012-05-09,0.28020952389879333,0.2886799237464493,0.27746237973032645,0.28639063239097595,520608000
2012-05-10,0.2891377108990116,0.2895955636080311,0.2797516075568636,0.28433018922805786,597092000
2012-05-11,0.30791007557018835,0.3131754526517962,0.3012711123662434,0.30241575837135315,1435140000
2012-05-14,0.29989755293369386,0.30516293048390103,0.2937164694141096,0.3005843460559845,437472000
2012-05-15,0.3005843115321328,0.3072232745643979,0.2962346677414002,0.29760822653770447,599940000
2012-05-16,0.29806616059137125,0.3015000991380738,0.2907404031926584,0.29165613651275635,470484000
2012-05-17,0.29280077859416126,0.29554792393494456,0.28959575295448303,0.28959575295448303,335364000
2012-05-18,0.2902824643015149,0.29165605023004515,0.27517312824972046,0.2765466868877411,567288000
2012-05-21,0.27700457530242933,0.28272780469080383,0.27517313644004743,0.28135421872138977,416260000
2012-05-22,0.28112521026083565,0.28158306299800856,0.2737994573040641,0.2779201865196228,410140000
2012-05-23,0.2749442013316619,0.2852460417079669,0.2708234706392421,0.2847881615161896,496000000
2012-05-24,0.2863907678580206,0.2868486208875854,0.275173218535832,0.2772335708141327,520420000
2012-05-25,0.2770046090578674,0.28616177719514774,0.2770046090578674,0.28387248516082764,391752000
2012-05-29,0.2884509606707877,0.2930295430162758,0.2873063150844156,0.29119810461997986,310000000
2012-05-30,0.2879931913319517,0.2900535430681467,0.2827278146510506,0.2877642512321472,379792000
2012-05-31,0.28776418721447766,0.288908832877833,0.2808963132343458,0.2845591902732849,358192000
2012-06-01,0.2786071833154832,0.28135432904096197,0.2737996578280045,0.27425751090049744,440984000
2012-06-04,0.27563099911176436,0.27723349793926005,0.2662448916656287,0.26853418350219727,432856000
2012-06-05,0.26716072372101896,0.27700468772220643,0.26716072372101896,0.27631789445877075,365224000
2012-06-06,0.27837816660772763,0.2843303367854457,0.2763178147026402,0.28364354372024536,368968000
2012-06-07,0.28776416352903345,0.2893666891582336,0.27196803830058275,0.2721969783306122,526780000
2012-06-08,0.27311269355186407,0.2783780688146775,0.2726548407660768,0.277462363243103,370308000
2012-06-11,0.2863906808495549,0.2914271172256826,0.27998065851152404,0.28066742420196533,839080000
2012-06-12,0.283872400983753,0.28913777655944284,0.28341454817075945,0.28639063239097595,496128000
2012-06-13,0.2861616482298449,0.28684844098872475,0.2774623369618697,0.2788359224796295,494276000
2012-06-14,0.2783780034244847,0.2806672941061772,0.27265477672025346,0.27540192008018494,589884000
2012-06-15,0.2774624281953972,0.2815831588131289,0.27494419634830825,0.28135421872138977,385288000
2012-06-18,0.2792939010921875,0.28616177719514774,0.2770046090578674,0.28387248516082764,304424000
2012-06-19,0.2955478547030884,0.3074521938754292,0.2941742687091996,0.3031025230884552,960476000
2012-06-20,0.3060785863535805,0.3136332542075916,0.3042471475873795,0.3079100251197815,972720000
2012-06-21,0.30768096766376873,0.30768096766376873,0.2932584304063963,0.29394522309303284,516376000
2012-06-22,0.29760822653770447,0.30104219175474695,0.2934874955677662,0.29760822653770447,865360000
2012-06-25,0.2978370902672119,0.2987527958965775,0.2870773990243847,0.2882220447063446,494616000
2012-06-26,0.2898246662437864,0.2934875172618622,0.28570393496925073,0.2914271652698517,437152000
2012-06-27,0.2916561186010691,0.3028736395818473,0.2916561186010691,0.3008132874965668,506064000
2012-06-28,0.29806608659504763,0.30493396198347,0.2955478547030884,0.3031025230884552,545896000
2012-06-29,0.3101992123018164,0.31706708489457625,0.30997027229919116,0.3163802921772003,616508000
2012-07-02,0.31798292468863265,0.31821183747783965,0.3053917934049415,0.3079100251197815,581684000
2012-07-03,0.3079099210827059,0.31660923181494255,0.3076809810803445,0.31592243909835815,219284000
2012-07-05,0.3138622925362703,0.3152358515730074,0.3079101215055238,0.31271764636039734,280076000
2012-07-06,0.3104281975839769,0.3113439305180526,0.3033314106200475,0.3067653477191925,382760000
2012-07-09,0.3049338717211422,0.30630745730844117,0.3001263494560988,0.3026445806026459,306336000
2012-07-10,0.2994396590836695,0.30836791387395335,0.29119819732194774,0.2934874892234802,512028000
2012-07-11,0.2944031560523435,0.29806603318603997,0.2873063418397465,0.28867992758750916,485216000
2012-07-12,0.285474984126749,0.28593283707551026,0.28135425300687006,0.28387248516082764,472160000
2012-07-13,0.2841014607187094,0.28890895821615087,0.28227002140470053,0.2875353991985321,324260000
2012-07-16,0.28570390099208864,0.2907403375995594,0.28295672894209417,0.28845104575157166,334460000
2012-07-17,0.289366740029168,0.29096923864958585,0.2783781078849972,0.2831856310367584,447476000
2012-07-18,0.2824988352154249,0.30310248616102947,0.28112527667938964,0.29898175597190857,616008000
2012-07-19,0.3010421102692026,0.30584960569075226,0.2989817316966767,0.3019578158855438,403036000
2012-07-20,0.30012645331739585,0.3021868324113558,0.29005355253589776,0.29325857758522034,451000000
2012-07-23,0.28547505949228036,0.2992108426149669,0.2822700607143167,0.29715046286582947,451584000
2012-07-24,0.2976080719375966,0.29943951000512775,0.29051128695034883,0.29394522309303284,351164000
2012-07-25,0.2930295886814695,0.30264463493778854,0.2916560301380723,0.299668550491333,415044000
2012-07-26,0.30516287270501125,0.30859683766628493,0.2987528502614849,0.3010421693325043,338440000
2012-07-27,0.3021867683868461,0.30951249549095755,0.2998974496706482,0.30859678983688354,376516000
2012-07-30,0.30859675143920584,0.3124885409205375,0.30264458355681406,0.30516278743743896,363552000
2012-07-31,0.30516273813124023,0.31431992850555446,0.3047048854351492,0.30997025966644287,387788000
2012-08-01,0.3118017213031464,0.3147778049883791,0.3051627611913963,0.30653634667396545,335912000
2012-08-02,0.3049339391873027,0.3122596669291963,0.29989747577989884,0.3076810836791992,367912000
2012-08-03,0.31248864710724505,0.3172961710528594,0.30516289113478284,0.31409114599227905,326548000
2012-08-06,0.31706724183161883,0.32233261888367626,0.31660938889024715,0.3207301199436188,360324000
2012-08-07,0.3246219143625161,0.3273690593307217,0.3221036822221947,0.3239351212978363,407340000
2012-08-08,0.32370612265126025,0.3292004111310643,0.32279038971095536,0.3257664740085602,517064000
2012-08-09,0.32622428716311097,0.3374418301068242,0.3257664343938887,0.33675503730773926,822300000
2012-08-10,0.3456834402825809,0.34843058538974736,0.3303451611274147,0.33469483256340027,1278744000
2012-08-13,0.335152572443756,0.339273302359323,0.33377898670839845,0.33904436230659485,447244000
2012-08-14,0.3401891516852887,0.3406470319841539,0.3326344815307371,0.3340080678462982,388828000
2012-08-15,0.33515267967945395,0.33789982473864194,0.32988730239654357,0.33148980140686035,594404000
2012-08-16,0.3344658393453228,0.33950230308131585,0.3333211934581445,0.3383576571941376,371008000
2012-08-17,0.33835774239935035,0.33835774239935035,0.3324055713709438,0.3353816568851471,309864000
2012-08-20,0.33423701070972406,0.3358395098972128,0.3303451918808719,0.3353816568851471,314392000
2012-08-21,0.3365262104411837,0.33858656207368415,0.33103189393699906,0.3344658315181732,340248000
2012-08-22,0.3324054814180958,0.3365262119926037,0.33126083555242747,0.33515262603759766,313556000
2012-08-23,0.3344658208723214,0.33469476095331663,0.3262243600236204,0.3275979459285736,379040000
2012-08-24,0.32759792828194834,0.33583938868670893,0.32691113536646704,0.33423689007759094,347724000
2012-08-27,0.33400796842249775,0.33492370145712563,0.32828473929548285,0.32851365208625793,340944000
2012-08-28,0.3259954173284534,0.33034506014428233,0.3253086244389787,0.32714006304740906,310764000
2012-08-29,0.3269112137700348,0.32988729892387403,0.3262244206898389,0.32782694697380066,250412000
2012-08-30,0.32714011296259726,0.32828475885620356,0.3200432975060341,0.3216457962989807,307488000
2012-08-31,0.32393499773348444,0.32622428888216254,0.3179828571212233,0.3211878538131714,485064000
2012-09-04,0.3159225994016797,0.3170672454132958,0.30104220125067105,0.3040182590484619,694452000
2012-09-05,0.30516284818917816,0.309512518597012,0.30172891079428704,0.30493393540382385,480256000
2012-09-06,0.30722324240895865,0.32256151870782507,0.30699430232161357,0.31432005763053894,657296000
2012-09-07,0.3063074948974077,0.3088256990624771,0.2964635091312512,0.3067653477191925,781064000
2012-09-10,0.3060786382436789,0.3104282821716145,0.30333149327390313,0.3040182590484619,371108000
2012-09-11,0.3037892933748035,0.3124886070078997,0.3026446475623042,0.3076810836791992,382808000
2012-09-12,0.31019940986825034,0.31271764233899463,0.3072233243911482,0.3111151158809662,322608000
2012-09-13,0.31386214326461875,0.31500678889610256,0.3072231822277098,0.31317535042762756,433836000
2012-09-14,0.31294653285796514,0.32233264162562436,0.31294653285796514,0.3168383240699768,339468000
2012-09-17,0.3175250740533149,0.3175250740533149,0.30470502878838335,0.30813896656036377,493348000
2012-09-18,0.3047050332290885,0.3138622280450028,0.30447612041526056,0.3101993501186371,359952000
2012-09-19,0.3108861789100707,0.31821190831515006,0.3072233005622735,0.31386226415634155,451936000
2012-09-20,0.3131754954182096,0.3147779945860937,0.30905476377899543,0.31157296895980835,320596000
2012-09-21,0.31203070340215094,0.3147778474473384,0.3108860577757808,0.3129464089870453,340136000
2012-09-24,0.3079101215055238,0.31317549937264305,0.3074522684932781,0.31271764636039734,357832000
2012-09-25,0.31683840234466504,0.31821198889554925,0.3065365850845993,0.3069944381713867,481544000
2012-09-26,0.30584963448984215,0.3060785745607374,0.2980660541465161,0.30172890424728394,436812000
2012-09-27,0.30241576009030213,0.3044761392855192,0.2998975279485414,0.3040182590484619,558888000
2012-09-28,0.30264464402289715,0.3097414588935995,0.2987528264735071,0.305391788482666,485508000
2012-10-01,0.30676539722401414,0.30859683609721117,0.29921072892864553,0.30035537481307983,504236000
2012-10-02,0.30241566842222084,0.30241566842222084,0.2980660258127467,0.30149996280670166,295492000
2012-10-03,0.30218681040197304,0.3031025161833639,0.29692143393269954,0.2985239326953888,430872000
2012-10-04,0.2992106881771881,0.3136332298148625,0.29760816232483006,0.3118017911911011,502608000
2012-10-05,0.31271748176502906,0.31592247845435206,0.3033313771469354,0.3044760227203369,483068000
2012-10-08,0.3033314013282454,0.3047049597515241,0.2992106714773984,0.30149996280670166,240596000
2012-10-09,0.30104212884324455,0.3019578345160841,0.29417422713492003,0.2950899600982666,366360000
2012-10-10,0.2937163036102239,0.29508988907941136,0.2889087817585681,0.29005342721939087,326568000
2012-10-11,0.29280078269499055,0.2937164887245708,0.289366844148288,0.29165613651275635,320516000
2012-10-12,0.2895956334858482,0.2918849248738386,0.28730634209785777,0.2891377806663513,260696000
2012-10-15,0.2895956699826468,0.29302960749740037,0.2861617324678932,0.2928006947040558,249580000
2012-10-16,0.29531894066178593,0.30218684394663997,0.29257179572215225,0.30127111077308655,367696000
2012-10-17,0.2976081701453657,0.30035534179845136,0.2946320857148613,0.29898175597190857,391752000
2012-10-18,0.29829489521018787,0.29829489521018787,0.2932584604759354,0.2944031059741974,254772000
2012-10-19,0.29005361938505725,0.29211399895387646,0.27563107156539673,0.2772335708141327,709412000
2012-10-22,0.27837809302971933,0.2799806188551283,0.27173915883204863,0.2740284502506256,480840000
2012-10-23,0.2715101754900151,0.2841013035754255,0.2708233827158288,0.2822698652744293,573948000
2012-10-24,0.2841013565715882,0.2852460023119198,0.27585989632499747,0.278607040643692,332916000
2012-10-25,0.28089627346576773,0.28387235722724624,0.2776912769783302,0.2788359224796295,307356000
2012-10-26,0.2792937993667531,0.28089629774900643,0.27585986256599426,0.27585986256599426,389376000
2012-10-31,0.2770046839164973,0.2792939765694831,0.27357074493701855,0.27425751090049744,347112000
2012-11-01,0.27563108465409714,0.2875354277311854,0.27540214448318395,0.2873064875602722,473220000
2012-11-02,0.29028247992862305,0.2907403328326114,0.28410139749850283,0.2859328091144562,256700000
2012-11-05,0.28524603494210443,0.2992107254878179,0.28524603494210443,0.29806607961654663,444840000
2012-11-06,0.29875290374052665,0.29875290374052665,0.29280076042003167,0.29783719778060913,350804000
2012-11-07,0.2955478017453104,0.2973792403121586,0.2873063418397465,0.28867992758750916,324620000
2012-11-08,0.29188498672231356,0.2994396553615669,0.28959569484923753,0.2902824878692627,839024000
2012-11-09,0.29188493694151413,0.2953188741654723,0.27814918804568156,0.2790648937225342,846280000
2012-11-12,0.2795227368040731,0.280667382505438,0.27013663113667824,0.272883802652359,643624000
2012-11-13,0.2715102418384246,0.27769135102606457,0.27059453610940837,0.2708234488964081,492120000
2012-11-14,0.27242593444569313,0.2751730785157332,0.2639555349015214,0.26418447494506836,619300000
2012-11-15,0.26578709475830653,0.27265497171508807,0.26349780243937937,0.2653292417526245,466688000
2012-11-16,0.265329082813485,0.26624478827631726,0.25525618626982666,0.2605215609073639,624552000
2012-11-19,0.2653291548289223,0.26876309218233096,0.2621241302581026,0.26784735918045044,404092000
2012-11-20,0.2668104747773637,0.2679625050972468,0.26197193644722694,0.2647368311882019,336976000
2012-11-21,0.26473694833456113,0.27303155382814887,0.26450653118199696,0.2723403573036194,422312000
2012-11-23,0.27349225826879453,0.2774091557364237,0.27210981094301084,0.2741834819316864,276932000
2012-11-26,0.2746443918536281,0.2797133215104679,0.27418358506056606,0.27902209758758545,364600000
2012-11-27,0.2778700451080537,0.28432142210536776,0.27556598385662556,0.2801741063594818,451404000
2012-11-28,0.27902203256089086,0.283860571426857,0.27556594121850714,0.28247812390327454,398332000
2012-11-29,0.2829391409154724,0.28432156186592344,0.2764877607469304,0.2774093747138977,488688000
2012-11-30,0.2771789535617853,0.27925262615796725,0.27418369447828317,0.2757965326309204,460504000
2012-12-03,0.2792524123553632,0.2792524123553632,0.27003617000608965,0.27072736620903015,391380000
2012-12-04,0.2711882589548833,0.2792524727547013,0.26957539422165994,0.2787916660308838,528068000
2012-12-05,0.2764876527407825,0.2783308799546856,0.2716491126378385,0.2755660116672516,633024000
2012-12-06,0.274874962515415,0.2778702498425109,0.27395334832243023,0.27602699398994446,412896000
2012-12-07,0.27625723560575494,0.27763968348276163,0.2723403365763418,0.2755660116672516,338288000
2012-12-10,0.27556598578386576,0.2868559024747685,0.27487476191028776,0.2847822308540344,513644000
2012-12-11,0.2857039358871821,0.2951506001883923,0.28501271185865257,0.29146409034729004,816724000
2012-12-12,0.29238573498803444,0.2939985727625631,0.2873167770301109,0.2884688079357147,399404000
2012-12-13,0.2880079856903188,0.29422894675513167,0.2859343411575752,0.288699209690094,377556000
2012-12-14,0.28985117097814134,0.2930768455809127,0.2877774994764381,0.29008156061172485,338660000
2012-12-17,0.28939047562447834,0.29100331354661013,0.2845519343914971,0.28892964124679565,445232000
2012-12-18,0.28892955091729966,0.2926160599867141,0.2880079373832347,0.2893903851509094,416436000
2012-12-19,0.29146409034729004,0.29492018302335476,0.29031205945526845,0.29146409034729004,458544000
2012-12-20,0.29261598935101096,0.2928464064121946,0.28800786785990384,0.2912335693836212,334332000
2012-12-21,0.2873166970097463,0.2873166970097463,0.2813261269824024,0.28455182909965515,462172000
2012-12-24,0.2843214559423003,0.28524309703250156,0.2813261704656612,0.2822478115558624,127376000
2012-12-26,0.2815564839500286,0.2861646053048182,0.2808652602534962,0.2820172905921936,196740000
2012-12-27,0.28247816761090994,0.2829390018344569,0.2769484315941131,0.2801741063594818,299804000
2012-12-28,0.27763963548805265,0.28316937110701224,0.2771788012976604,0.2787916660308838,220600000
2012-12-31,0.2778700021134296,0.2836301543507358,0.2771787783516384,0.28247812390327454,326460000
2013-01-02,0.28939042057386244,0.29330731977295416,0.2882383897819778,0.29307690262794495,478836000
2013-01-03,0.293076946807226,0.2965330397038616,0.28985127109033343,0.293307363986969,298888000
2013-01-04,0.2937679688191257,0.30390585082279276,0.2928463556672314,0.30298423767089844,524968000
2013-01-07,0.30275389926339846,0.303675512654601,0.29215520793170435,0.29422885179519653,610732000
2013-01-08,0.29492008357186206,0.29584172445463797,0.28570383954354567,0.28777748346328735,466424000
2013-01-09,0.2900815526999854,0.29146400033008246,0.27948288824668155,0.2813261151313782,695020000
2013-01-10,0.2838605623929439,0.2852430098725297,0.28017405409176277,0.2817869186401367,506368000
2013-01-11,0.28293897985534955,0.28316936948264937,0.27856124733775867,0.2813261151313782,513172000
2013-01-14,0.28316944733263105,0.28316944733263105,0.2778700999157758,0.28109580278396606,305684000
2013-01-15,0.2797135056950774,0.2797135056950774,0.2744141554189226,0.27602699398994446,375888000
2013-01-16,0.27556612661620855,0.2808654757331855,0.27556612661620855,0.27856141328811646,337376000
2013-01-17,0.27948294321841866,0.28339984231867904,0.2787917192674127,0.2822478115558624,580736000
2013-01-18,0.2822478225038254,0.2822478225038254,0.27694847529599953,0.28040456771850586,397088000
2013-01-22,0.2801741283035299,0.2827086068652392,0.27763967720839944,0.27902209758758545,308224000
2013-01-23,0.2799436779872445,0.2801740676005695,0.27648758658821343,0.2794828712940216,421808000
2013-01-24,0.2785613096395032,0.282017402021145,0.2771788617002142,0.2808653712272644,396980000
2013-01-25,0.2813260904192526,0.2861646292329928,0.27994367037716406,0.2859342396259308,393920000
2013-01-28,0.2873166623918851,0.29238561832731497,0.28662543863100165,0.2905423641204834,422492000
2013-01-29,0.2893903234978056,0.29008151976780994,0.28316933733519534,0.2843213677406311,388872000
2013-01-30,0.2845517879761434,0.28846868590491587,0.2829389508838926,0.28386056423187256,287592000
2013-01-31,0.283860571426857,0.2870862731596919,0.28063489716059453,0.28247812390327454,470544000
2013-02-01,0.2847822750639033,0.28593433334309787,0.28247821343867646,0.28501269221305847,288816000
2013-02-04,0.2833998085914272,0.2891599617199975,0.279943716714285,0.2801741063594818,511744000
2013-02-05,0.28155657486008356,0.28823836946191356,0.2806349612781795,0.2866255044937134,367296000
2013-02-06,0.2797132461188881,0.28662542855150264,0.2781004090445923,0.2843213677406311,530688000
2013-02-07,0.2833998058806266,0.2857038671100157,0.28040452078910544,0.28316938877105713,440000000
2013-02-08,0.28501269221305847,0.2873167538382853,0.28316943741956074,0.28501269221305847,307232000
2013-02-11,0.2873166758943537,0.29123360156791167,0.2845518081874574,0.2882383167743683,408308000
2013-02-12,0.28570378965762105,0.28962068719242245,0.28524298302998013,0.28639501333236694,277804000
2013-02-13,0.28662552985740103,0.29192487708873904,0.28409107854960014,0.28501269221305847,856396000
2013-02-14,0.2810958302588731,0.2935377811667119,0.2776397373622375,0.293307363986969,882096000
2013-02-15,0.2926161399143249,0.29468981213225715,0.286855985086599,0.293307363986969,733860000
2013-02-19,0.2935377009873563,0.2937680906375839,0.28754713061620224,0.2893903851509094,433552000
2013-02-20,0.29031199344412045,0.29492011596441176,0.28432142318111103,0.28524306416511536,713012000
2013-02-21,0.2847822261383142,0.28800792833940486,0.2824781649089251,0.28316938877105713,580408000
2013-02-22,0.28501271521890326,0.28869922510346885,0.28339987744437456,0.2884688079357147,370148000
2013-02-25,0.28915997369487223,0.2914640350417176,0.28293901355170525,0.2833998203277588,644444000
2013-02-26,0.28397942306001583,0.28838398652636643,0.283052127632565,0.28676125407218933,487504000
2013-02-27,0.286761210281694,0.2941794620281223,0.2860657457260807,0.29209306836128235,476980000
2013-02-28,0.291165716850481,0.2978884744699569,0.2900066188033246,0.2934839129447937,591392000
2013-03-01,0.2913974940417769,0.2955702521685729,0.2888474951451778,0.29464298486709595,389396000
2013-03-04,0.2925566179260222,0.2962657427309535,0.2902384218317095,0.2934839129447937,353680000
2013-03-05,0.2951067726196067,0.2971931389549467,0.2937158433059872,0.29672950506210327,366168000
2013-03-06,0.29858400891452863,0.30136583935369204,0.2951067139568034,0.296497642993927,342928000
2013-03-07,0.298120522797175,0.30113418544713233,0.29417959208650646,0.2958023250102997,314824000
2013-03-08,0.29649761357005733,0.2985839792836119,0.2951066846709669,0.2971930503845215,246464000
2013-03-11,0.29417943893126114,0.2955703402981989,0.2918612147161987,0.29441124200820923,299748000
2013-03-12,0.29394770123411207,0.2962658985476466,0.2911658699848891,0.29533863067626953,310856000
2013-03-13,0.29533863067626953,0.3004386592390271,0.29255677179195466,0.29533863067626953,485840000
2013-03-14,0.29719304586471723,0.29812034099503526,0.29371575130495603,0.2955703139305115,383304000
2013-03-15,0.29557030739075285,0.29557030739075285,0.2918611822217097,0.2930203080177307,355776000
2013-03-18,0.2911657675381558,0.2937157671047708,0.28884757104027925,0.2909339368343353,298312000
2013-03-19,0.2911657615003448,0.2925566627891788,0.28699300236367964,0.28907936811447144,355480000
2013-03-20,0.2918611196069997,0.29348387879224086,0.289311120781044,0.2925565838813782,340588000
2013-03-21,0.29093398749350435,0.291397621346794,0.28745669214120195,0.2879203259944916,339032000
2013-03-22,0.2888475666148697,0.2904702986115052,0.28768846838368983,0.2893112003803253,232476000
2013-03-25,0.29093392786930183,0.29116575856597854,0.28560207056146864,0.2876884639263153,362076000
2013-03-26,0.2883839358329055,0.2900066956369159,0.2872248374786608,0.2897748649120331,232540000
2013-03-27,0.28861580584020813,0.29487493227801914,0.28792034120598725,0.29325219988822937,254944000
2013-03-28,0.2925567470564883,0.29765680282313156,0.2904703807047448,0.29742497205734253,349276000
2013-04-01,0.29672941893540716,0.29672941893540716,0.28560207056146864,0.2876884639263153,442828000
2013-04-02,0.2879203175999618,0.2886157821771629,0.28282029009229737,0.28467485308647156,371524000
2013-04-03,0.2842111815823131,0.28583394141688007,0.27911115425461946,0.28119754791259766,353156000
2013-04-04,0.28027026013446654,0.2849066537628808,0.2793429924628181,0.2839793860912323,294676000
2013-04-05,0.2798066406358675,0.2888476252555847,0.27911117602895275,0.2888476252555847,551352000
2013-04-08,0.28907930637891877,0.28907930637891877,0.2828201828281554,0.2881520390510559,326660000
2013-04-09,0.2883838861830164,0.2948748413762824,0.28629752055861085,0.29278847575187683,380584000
2013-04-10,0.29302040858806644,0.29788860595383115,0.2923249439257888,0.29742497205734253,384688000
2013-04-11,0.2932520594853382,0.29788845131355307,0.2851383737859623,0.2960338890552521,969220000
2013-04-12,0.2974249598321211,0.3066977479211069,0.29487493205361465,0.3034522831439972,770548000
2013-04-15,0.3025249076509267,0.30345220279534735,0.2953385153658423,0.2971930503845215,430420000
2013-04-16,0.29997488956664425,0.30252488887661894,0.2983521300733848,0.3004385232925415,468844000
2013-04-17,0.2981203751138487,0.3009022055530121,0.29464308015612345,0.296497642993927,532948000
2013-04-18,0.2971931516579693,0.2990477149437024,0.2907021939754486,0.2907021939754486,402548000
2013-04-19,0.2904703040155582,0.29232486674696545,0.2867611785527435,0.2913975715637207,303028000
2013-04-22,0.29116579917855945,0.294411263574232,0.28884760242876906,0.29186123609542847,245568000
2013-04-23,0.2944111999778374,0.30252488684944884,0.2939475662550468,0.29951125383377075,376948000
2013-04-24,0.30043852226079726,0.3122613342235131,0.3002066915811051,0.3097113072872162,556556000
2013-04-25,0.31133407552764025,0.3129568074258687,0.30855221783344305,0.31226134300231934,353224000
2013-04-26,0.3117978535623563,0.31226148751426164,0.3092478253742376,0.31087055802345276,324332000
2013-04-29,0.3113341120764358,0.3157386745508512,0.3099431830660503,0.314579576253891,269712000
2013-04-30,0.3152749954316879,0.31921592354774475,0.3131886022160724,0.31921592354774475,276712000
2013-05-01,0.31921594534714626,0.3213023387052425,0.31527501696196164,0.3164341151714325,341316000
2013-05-02,0.31620235531266727,0.3210705799370802,0.3143477922350296,0.32014331221580505,323480000
2013-05-03,0.32222971088488195,0.323852443378218,0.3203751476203163,0.32153424620628357,293864000
2013-05-06,0.3215342146689782,0.32338877775164115,0.31875238386252747,0.32060694694519043,217116000
2013-05-07,0.32060687425254375,0.3213023387052425,0.31342045429979204,0.3164341151714325,448068000
2013-05-08,0.3168978248315322,0.3240842465055747,0.31573872634443423,0.32222968339920044,334032000
2013-05-09,0.31643410471399575,0.3238523274824373,0.3159704709725457,0.32246142625808716,566800000
2013-05-10,0.3291841996413071,0.33845701306949877,0.3291841996413071,0.33706608414649963,861136000
2013-05-13,0.3347478361794285,0.3361387648883591,0.3287205152874988,0.33011144399642944,289812000
2013-05-14,0.3340525069772564,0.33776163327833963,0.3308070421901249,0.3349798023700714,454140000
2013-05-15,0.3333570580416481,0.3419344095624875,0.3333570580416481,0.3407753109931946,313172000
2013-05-16,0.34031158338233436,0.34378887813268516,0.33799335924701834,0.3391524851322174,308368000
2013-05-17,0.3407752917085724,0.3470344181015295,0.3382252639463993,0.34471622109413147,312116000
2013-05-20,0.3433251705061395,0.34541156365652903,0.3421660724120603,0.34402063488960266,236380000
2013-05-21,0.3460011651242718,0.3490301341902347,0.3420402183959156,0.34763213992118835,357784000
2013-05-22,0.34903017803505415,0.34903017803505415,0.33411833913535605,0.3355163335800171,480404000
2013-05-23,0.3315553515092279,0.3420402540697074,0.330623373749632,0.3408752679824829,393884000
2013-05-24,0.3390112656845624,0.3418072265820818,0.3350502909896642,0.3387782573699951,283304000
2013-05-28,0.34134122155171653,0.34227319921490257,0.33528328341463826,0.3385452330112457,279300000
2013-05-29,0.3364483416080475,0.3385453056881078,0.33505034703769904,0.3364483416080475,335052000
2013-05-30,0.3359823153059564,0.3443702262441563,0.3350503097709013,0.3408752679824829,284504000
2013-05-31,0.3390112487698471,0.3439041731525127,0.3371472656726837,0.3371472656726837,577508000
2013-06-03,0.33761343352881606,0.34017641511841573,0.3296915081089897,0.33668145537376404,444468000
2013-06-04,0.3387782404669056,0.3448361785888226,0.3350502742725788,0.3371472656726837,363676000
2013-06-05,0.3366813411673652,0.33924429411210905,0.3289923990067488,0.32992440462112427,464520000
2013-06-06,0.3299243028436002,0.3345842461515583,0.32969129456802104,0.3320212662220001,341044000
2013-06-07,0.3343514544351919,0.33877842011036663,0.33295348720261386,0.33668145537376404,274584000
2013-06-10,0.33574934432287323,0.3385453056881078,0.3338853608208961,0.3364483416080475,224148000
2013-06-11,0.33202129483636733,0.3366812663213857,0.3301573395729065,0.3301573395729065,296336000
2013-06-12,0.33178836881226753,0.33458432994214965,0.3254974215507077,0.32736140489578247,312588000
2013-06-13,0.32619634300722206,0.33644823513606437,0.3259633625028676,0.3348172605037689,236256000
2013-06-14,0.3359823038802537,0.3364482927442048,0.3320213290980234,0.3343513011932373,236012000
2013-06-17,0.33691434687344296,0.34064231405813084,0.335050363281099,0.3376133441925049,255336000
2013-06-18,0.3392442724733467,0.3429722391421362,0.33272034469069506,0.3355163335800171,486772000
2013-06-19,0.3385452296356793,0.36067999055793803,0.3373802436805844,0.34576815366744995,1159588000
2013-06-20,0.34297226997723634,0.34343825890886504,0.33411836917444165,0.3364483416080475,628696000
2013-06-21,0.3383123549365383,0.33947734125604945,0.3303904312985832,0.33598238229751587,714228000
2013-06-24,0.3310894183707397,0.3352833745459226,0.3240995006705894,0.32899242639541626,580772000
2013-06-25,0.33248723842198635,0.3331862076045807,0.32782726796017847,0.33132225275039673,457360000
2013-06-26,0.33505027747307503,0.33551629408340966,0.3280603616235348,0.3294583559036255,579752000
2013-06-27,0.3303904040772945,0.33085639301161257,0.3229344978018174,0.32642945647239685,808036000
2013-06-28,0.32642938340428856,0.3303903301225659,0.32223542838327757,0.3271283805370331,431536000
2013-07-01,0.3294584130872193,0.33015741034858853,0.3264294434715936,0.32852640748023987,199524000
2013-07-02,0.32666252874199264,0.3331864589800208,0.3252645615466461,0.3282935321331024,256392000
2013-07-03,0.32549751282100725,0.33318642891576905,0.32549751282100725,0.32922548055648804,140388000
2013-07-05,0.33015735644362076,0.3324873284174615,0.32806036500189,0.3317883312702179,184684000
2013-07-08,0.3327202919478928,0.3343512666911488,0.3282933565339902,0.3301573395729065,262084000
2013-07-09,0.3308563258154075,0.3338852949364918,0.329924348136054,0.3317883312702179,157364000
2013-07-10,0.3317883515364558,0.3371472929587147,0.3308563460247168,0.3362152874469757,208468000
2013-07-11,0.33807927915277675,0.34134125686228084,0.33738028194535025,0.3408752679824829,239832000
2013-07-12,0.34017622529925884,0.3443701802076981,0.3390112393677733,0.34110820293426514,216360000
2013-07-15,0.3418071536987344,0.3418071536987344,0.3350502195470941,0.34040915966033936,201332000
2013-07-16,0.34180718691679923,0.34413715869025824,0.34017621223046884,0.34227317571640015,162560000
2013-07-17,0.3422731424530488,0.3434381282265607,0.3394771821517105,0.34040915966033936,166100000
2013-07-18,0.33994316982744915,0.3411081555972648,0.33458422973120683,0.33901119232177734,344488000
2013-07-19,0.33691426405757613,0.33854523888417326,0.32829337330945685,0.3317883312702179,480532000
2013-07-22,0.334351207482346,0.3373801759122661,0.3301572811067879,0.33155524730682373,292384000
2013-07-23,0.3357493824036479,0.3357493824036479,0.32945846167448684,0.33108943700790405,246792000
2013-07-24,0.33411840707023066,0.3350503850391932,0.3306234480234228,0.33108943700790405,284252000
2013-07-25,0.3308562964105093,0.33668125360287404,0.3285263246437451,0.3322542905807495,243320000
2013-07-26,0.3282933707561701,0.332953314667609,0.3282933707561701,0.3308563232421875,227360000
2013-07-29,0.3301573395729065,0.3343512666911488,0.32922533416572064,0.3301573395729065,179540000
2013-07-30,0.33132233301745684,0.3401762318215979,0.3310893247165099,0.3357492685317993,266076000
2013-07-31,0.33411836917444165,0.33971029190491076,0.3338853608208961,0.3364483416080475,270160000
2013-08-01,0.33761324513980834,0.3418072000482476,0.33365229852784845,0.34110820293426514,277648000
2013-08-02,0.34040926857955445,0.3446032242612088,0.3380792962870199,0.3439042270183563,209628000
2013-08-05,0.34297223816623523,0.34670020482441705,0.3411082548371443,0.3455352187156677,185188000
2013-08-06,0.34576809977358464,0.34646709679278215,0.33971016264114184,0.34040915966033936,206608000
2013-08-07,0.3385451925275123,0.3436711523884347,0.33831221202730416,0.34017619490623474,244380000
2013-08-08,0.3420402112536833,0.34413717483800926,0.3380792368325809,0.34250620007514954,345696000
2013-08-09,0.3289924235498471,0.342739278239853,0.3287594429604689,0.3376133441925049,906224000
2013-08-12,0.32386637131095614,0.3397101844006553,0.305459578245183,0.3348172605037689,257568000
2013-08-13,0.3352833849507162,0.3373803492156504,0.33318639291031715,0.33598238229751587,197468000
2013-08-14,0.3352831876569261,0.3522919834682395,0.3350501794199492,0.3501950204372406,828508000
2013-08-15,0.34646714719704463,0.3553210459188966,0.3450691529552685,0.35252508521080017,723616000
2013-08-16,0.3518260317203554,0.3588159462584006,0.3511270347114607,0.3539230227470398,660456000
2013-08-19,0.3518260512511842,0.35299103707219665,0.3480980855137633,0.348331093788147,393432000
2013-08-20,0.3482140526893581,0.3524291537796244,0.3477457143272176,0.350087434053421,234192000
2013-08-21,0.34797979113838373,0.35242907436488996,0.3470431146251692,0.34844815731048584,261540000
2013-08-22,0.3482141154247985,0.3536000773485198,0.3482141154247985,0.3503216803073883,129016000
2013-08-23,0.3507900187539062,0.3536000773485198,0.3496191586798584,0.3503216803073883,245120000
2013-08-26,0.35055581243278566,0.351960855595099,0.3496191356015797,0.35102415084838867,300152000
2013-08-27,0.34774579246299214,0.35008751271536187,0.3454040722106224,0.34657493233680725,277464000
2013-08-28,0.34727745399561966,0.3498533295239219,0.3451698890191825,0.34657493233680725,318824000
2013-08-29,0.3454039446874107,0.34915070687409977,0.34446724018298985,0.34587228298187256,276216000
2013-08-30,0.34610655046322425,0.3470432272804979,0.3437648305045363,0.3454040288925171,378120000
2013-09-03,0.3463406177247874,0.35055571816271464,0.3435305600713348,0.34563809633255005,284680000
2013-09-04,0.34563819521953304,0.3510241568802789,0.34516985679588225,0.348916620016098,222080000
2013-09-05,0.34751161650991996,0.3512583801579563,0.34727746122911013,0.3498533368110657,174904000
2013-09-06,0.35008735516635875,0.3519607361082827,0.3458722550259035,0.34844815731048584,226756000
2013-09-09,0.3512582548295914,0.3543024957180023,0.3503215782095409,0.3543024957180023,246408000
2013-09-10,0.35687848573279274,0.36203026423626883,0.35523925937284156,0.3617960810661316,292132000
2013-09-11,0.36132769587142255,0.3688212213598014,0.35875179299535465,0.3678845167160034,396164000
2013-09-12,0.36601119306735536,0.3723338596847573,0.36601119306735536,0.36765041947364807,303808000
2013-09-13,0.3688212472027762,0.3716313055000659,0.36624534414621707,0.36999210715293884,159696000
2013-09-16,0.3730363201963962,0.3756121951412761,0.36882121911372784,0.3702262341976166,231412000
2013-09-17,0.3716312909866726,0.3744413491742205,0.3699920927035614,0.37139710783958435,168608000
2013-09-18,0.3716312711417674,0.3756121890211734,0.3697578898116056,0.3746755123138428,268168000
2013-09-19,0.37631484172142093,0.3770173634546217,0.37139721750452565,0.3730364441871643,227572000
2013-09-20,0.373972991725425,0.37631471141488654,0.36905536921135534,0.36975789070129395,356036000
2013-09-23,0.369523725942112,0.37256796727289865,0.36413776480541293,0.3662453293800354,271244000
2013-09-24,0.3664795594208708,0.3690554347876775,0.3643719945765682,0.36765041947364807,229732000
2013-09-25,0.36694784348604187,0.37092876149250736,0.365308617322643,0.3681187033653259,233156000
2013-09-26,0.36905539623431366,0.3697579177756923,0.3648402949015447,0.36694785952568054,148816000
2013-09-27,0.3641378070869431,0.3671820487712091,0.36273279178955475,0.3648403286933899,151920000
2013-09-30,0.3610935882998841,0.36694788841307185,0.35898602350983355,0.36437198519706726,226640000
2013-10-01,0.36484037985735557,0.36647960647411276,0.3620303209530006,0.3641378581523895,226976000
2013-10-02,0.3603909731378073,0.36530856720686694,0.3603909731378073,0.36390355229377747,162036000
2013-10-03,0.36413778220501225,0.3674162068392439,0.35851766556847703,0.3601568639278412,436768000
2013-10-04,0.35968849480406084,0.36811869695428895,0.358751790167646,0.3650744557380676,246228000
2013-10-07,0.3636694127411959,0.36765035859383205,0.36179603138386734,0.3650744557380676,169952000
2013-10-08,0.36413780460492395,0.36928961107341485,0.35922020922432596,0.3620302677154541,290712000
2013-10-09,0.3643720112317017,0.3646061944191637,0.35453679192191395,0.3564101457595825,275860000
2013-10-10,0.3589859777605335,0.361327697507379,0.35641007487280285,0.3603910207748413,223484000
2013-10-11,0.3547708998932884,0.35922018445330833,0.35360003994309946,0.3573468029499054,213704000
2013-10-14,0.35641016049560104,0.36273282766342163,0.35641016049560104,0.36273282766342163,166628000
2013-10-15,0.36273280559245197,0.3648403425764842,0.3606252406929134,0.3608594238758087,208820000
2013-10-16,0.36296686324558664,0.36671362567124016,0.3624985249212547,0.36530858278274536,210072000
2013-10-17,0.3624984154738983,0.3669476980004493,0.3624984154738983,0.36601099371910095,213324000
2013-10-18,0.3653086116152533,0.3713970940586077,0.36390359653136456,0.3702262341976166,255068000
2013-10-21,0.3746755006062438,0.3749096558180095,0.3699920613849345,0.37116292119026184,195008000
2013-10-22,0.37116295846706565,0.37139711370234807,0.36601115247381716,0.3692895770072937,179452000
2013-10-23,0.3685870694989976,0.3685870694989976,0.36179606493829397,0.362966924905777,252216000
2013-10-24,0.3639036003951096,0.3662453201419551,0.3596884992676874,0.3603910207748413,236436000
2013-10-25,0.3622644207305939,0.36249857596798396,0.35570759952012393,0.35687845945358276,330492000
2013-10-28,0.3564101740054169,0.3580494006165475,0.35125839471253123,0.3561760187149048,394024000
2013-10-29,0.3557076852050293,0.3573468839236307,0.3524292598523171,0.3566443622112274,387952000
2013-10-30,0.35781518905334087,0.35945438761905435,0.3533659039001107,0.3564101457595825,204032000
2013-10-31,0.35687847560037117,0.35945435082122307,0.3550050940389763,0.3557076156139374,293368000
2013-11-01,0.3575809581906413,0.35898600129706926,0.3547708998932884,0.3573468029499054,206136000
2013-11-04,0.35851762962225087,0.35851762962225087,0.34634066493815724,0.3470431864261627,410264000
2013-11-05,0.34493573374324993,0.3482141309303646,0.34118897017325545,0.34657493233680725,422368000
2013-11-06,0.34657489998233937,0.3491508031856758,0.34306231993170133,0.348916620016098,198044000
2013-11-07,0.34774578432430453,0.3486824612371274,0.34001810208924266,0.34072062373161316,553076000
2013-11-08,0.35125834177732473,0.3655428452197048,0.3498532985839577,0.36437198519706726,734532000
2013-11-11,0.3629670067993729,0.36835296944809093,0.36226451299278745,0.36741629242897034,297624000
2013-11-12,0.3690553801025526,0.3711629446345648,0.36390360221680307,0.3681187033653259,316032000
2013-11-13,0.36718205612353183,0.3781881630420685,0.36647956241852386,0.3781881630420685,332792000
2013-11-14,0.377017262312275,0.3821690404478305,0.3767830791588622,0.3798273205757141,307980000
2013-11-15,0.38123246988627757,0.38170080840809134,0.3749098021375045,0.3786565661430359,450332000
2013-11-18,0.37046055805748945,0.3737389557473816,0.3685871759851889,0.3695238530635834,316948000
2013-11-19,0.36775783486518443,0.3710539853917557,0.3630490323605529,0.36351990699768066,206716000
2013-11-20,0.36375543807784794,0.36469721569786584,0.3573985584261391,0.3581048846244812,204776000
2013-11-21,0.35857577255278666,0.3616365008134055,0.3569276967406646,0.3609301745891571,213568000
2013-11-22,0.3614010172744633,0.3614010172744633,0.3566922136200755,0.35739853978157043,158668000
2013-11-25,0.357398620834557,0.3656390290985444,0.357398620834557,0.36516815423965454,248208000
2013-11-26,0.3691706322680234,0.37223136094775633,0.36681622990925805,0.36822888255119324,753176000
2013-11-27,0.3679934679673611,0.3708187735343715,0.3656390653726477,0.36964157223701477,181272000
2013-11-29,0.36964140977875914,0.3705831591760663,0.36493257859218164,0.3672869801521301,116964000
2013-12-02,0.3658744192083881,0.3734084998873167,0.36516809300515113,0.3708186745643616,373872000
2013-12-03,0.370818657827857,0.37576288489399273,0.3682288045551068,0.3705832064151764,290560000
2013-12-04,0.36964153988497245,0.37646929558538034,0.3686997620894984,0.3757629692554474,493176000
2013-12-05,0.37646932853500653,0.37646932853500653,0.3691706692647178,0.36964157223701477,271812000
2013-12-06,0.3741147932217194,0.3741147932217194,0.3632845339014341,0.3642263114452362,281000000
2013-12-09,0.36422634092119943,0.36540354189620794,0.3573985584261391,0.3581048846244812,385220000
2013-12-10,0.35810485052657404,0.3679933321617503,0.35763397579474326,0.36634525656700134,524268000
2013-12-11,0.36705179130639953,0.36752266630584496,0.36210753364547643,0.3628138601779938,414156000
2013-12-12,0.3616364760412649,0.3635200031546767,0.35504414517766597,0.3557504713535309,258724000
2013-12-13,0.3564569213233936,0.3590467474454073,0.35316074071352077,0.3536316156387329,184588000
2013-12-16,0.3538670986845321,0.3571632515215872,0.3536316471675868,0.3541025221347809,237620000
2013-12-17,0.35386694424011916,0.3566922208768946,0.3508062161891606,0.3557504713535309,274104000
2013-12-18,0.35645689378078893,0.36140112221352805,0.35198351217018664,0.3606947958469391,426232000
2013-12-19,0.3602239280712387,0.36257833062856504,0.3578695255139124,0.36210745573043823,258544000
2013-12-20,0.36281362515427146,0.3696414064567687,0.3618718476987476,0.36940595507621765,382080000
2013-12-23,0.37152495980262756,0.3745856878659379,0.36846425980600167,0.37152495980262756,168568000
2013-12-24,0.373643973848899,0.373643973848899,0.36869971819468705,0.3724667727947235,79600000
2013-12-26,0.37387945362069175,0.3750566547640809,0.3679934198370568,0.3689351975917816,168920000
2013-12-27,0.37081862997826404,0.37176037942489004,0.3686996516233326,0.3710540533065796,210976000
2013-12-30,0.3712895147020205,0.3762337695966822,0.37081863996602477,0.375998318195343,248180000
2013-12-31,0.3767047542655365,0.3790591566992775,0.37435035183179555,0.37717562913894653,235776000
2014-01-02,0.37482114877305706,0.3762338011662618,0.37011234488462125,0.3734084963798523,260092000
2014-01-03,0.3741148770093561,0.37482120330872737,0.36775799644839247,0.3689351975917816,259332000
2014-01-06,0.3727021738256014,0.37670467962323567,0.36917057087476085,0.37387940287590027,409492000
2014-01-07,0.37764654620913196,0.3814136017507102,0.3750567200826542,0.3800009489059448,333288000
2014-01-08,0.38141333105265773,0.38706391035467547,0.38000067921048475,0.38518038392066956,308192000
2014-01-09,0.3792945048031493,0.38000083100638626,0.3696414735811951,0.3708186745643616,292172000
2014-01-10,0.3719959018168017,0.37458572732264284,0.3670516461116792,0.370347797870636,218492000
2014-01-13,0.3703478323220126,0.37270223467362357,0.36093022291556903,0.36163654923439026,243332000
2014-01-14,0.36352015720639097,0.37364409517292896,0.36187205274204826,0.37293776869773865,241828000
2014-01-15,0.37458569942785097,0.37835275378615,0.3729376236711021,0.3769401013851166,175044000
2014-01-16,0.3769401812981928,0.3788237088766589,0.3752921051920441,0.3781173825263977,220652000
2014-01-17,0.37811733037254236,0.3825907112627209,0.374114852362047,0.3764692544937134,340400000
2014-01-21,0.37694019612224106,0.38023637653085957,0.37387949526189196,0.3778819739818573,246076000
2014-01-22,0.3785881490806256,0.3790590237889317,0.37293756838090897,0.3774109482765198,337940000
2014-01-23,0.3762337695966822,0.38023624695266983,0.37317304171268606,0.375998318195343,185028000
2014-01-24,0.37293758701267965,0.3743502392748545,0.36634525656700134,0.36634525656700134,246696000
2014-01-27,0.36634533493248833,0.3715250142239849,0.36187195385648196,0.3639909327030182,233812000
2014-01-28,0.3632846375214144,0.3677580189803841,0.36187198483612054,0.36752256751060486,167996000
2014-01-29,0.3661098834828659,0.3682288623294021,0.3637554812533958,0.3639909327030182,162944000
2014-01-30,0.3661098830869737,0.3708187156075105,0.3649326819735116,0.3701123893260956,202896000
2014-01-31,0.36493273898089507,0.3717605233455797,0.3646973155614394,0.36964157223701477,335348000
2014-02-03,0.37223132903233935,0.3727022038503813,0.3632845952227933,0.36469724774360657,431728000
2014-02-04,0.3644617907443718,0.36752251911500916,0.36257826343423444,0.3668161928653717,280692000
2014-02-05,0.36422623298671075,0.36540343361286864,0.3606946030415603,0.36351990699768066,214676000
2014-02-06,0.3639909526920776,0.3691706322680234,0.3635200778336626,0.36822888255119324,168380000
2014-02-07,0.36917064268577815,0.3741148990053851,0.3658744905171674,0.37364402413368225,157248000
2014-02-10,0.37317305081151875,0.37976538147624334,0.3729375994044387,0.37482112646102905,324372000
2014-02-11,0.3769400998007702,0.38353243086674216,0.37505660069622265,0.3825906813144684,235384000
2014-02-12,0.3837679750966723,0.39907161952221637,0.3837679750966723,0.3962463140487671,744528000
2014-02-13,0.4061347507928287,0.4110790063760503,0.39907154456919014,0.4087245762348175,902836000
2014-02-14,0.4049575103883278,0.4226155242308316,0.4047220589770875,0.4216737747192383,817536000
2014-02-18,0.42190929888069906,0.4233219233916692,0.41790679259956176,0.42143839597702026,428988000
2014-02-19,0.4214383642850244,0.4308560006500666,0.41955483701201596,0.4270889461040497,450340000
2014-02-20,0.42803067953216833,0.4430988690801307,0.4273243813898316,0.442157119512558,398088000
2014-02-21,0.4414508662978896,0.4471014488377122,0.4360357352222351,0.43886101245880127,451052000
2014-02-24,0.4379192783813706,0.4485140894470401,0.4339167998143449,0.44521793723106384,403112000
2014-02-25,0.4446266228364736,0.44651865485786,0.43847752581532184,0.44320759177207947,242184000
2014-02-26,0.442261573316637,0.4488836710471016,0.4410790568716761,0.4424980878829956,360884000
2014-02-27,0.4424980210461474,0.44699157158090697,0.4363489251837705,0.437531441450119,388848000
2014-02-28,0.43516636711155526,0.43942343090012165,0.4283077565095848,0.4346933662891388,321692000
2014-03-03,0.424996727001568,0.4325648248195648,0.421212663995865,0.4325648248195648,375948000
2014-03-04,0.4346934754964938,0.4398965422370513,0.43398395998791406,0.4370585083961487,260344000
2014-03-05,0.4365855037772484,0.44107908345497215,0.4346934999060149,0.44084256887435913,241472000
2014-03-06,0.4415519486977003,0.4439169810031917,0.4339838509588096,0.4346933662891388,290144000
2014-03-07,0.4365853761693947,0.4372948915104346,0.4309093098278943,0.4342203438282013,268452000
2014-03-10,0.4328013885622168,0.43469342028029173,0.42594277710837153,0.42783480882644653,300888000
2014-03-11,0.4299634343850323,0.43587604555477855,0.4285444313867657,0.43209198117256165,297220000
2014-03-12,0.4299632666177963,0.4358758754805035,0.4283077496690744,0.4332743287086487,239428000
2014-03-13,0.4342204417696917,0.4358759873366746,0.41742869708235814,0.41955724358558655,385172000
2014-03-14,0.41530014614511623,0.42523327779955333,0.41530014614511623,0.421449214220047,460048000
2014-03-17,0.422631730564466,0.4257062786986382,0.42097621332096213,0.421449214220047,299656000
2014-03-18,0.42310483166152624,0.4342204815520589,0.42121279954978447,0.4313824474811554,293904000
2014-03-19,0.4346933836606841,0.4472280610193906,0.4335108392672717,0.43895041942596436,366168000
2014-03-20,0.43658550226168114,0.442971113981889,0.43469349839701554,0.43918704986572266,191800000
2014-03-21,0.44297100532726164,0.44651855399347157,0.43611239432320925,0.43847742676734924,566116000
2014-03-24,0.4387140075058455,0.44226155670750017,0.4299633635870322,0.43634897470474243,306096000
2014-03-25,0.4410790403069486,0.44155204122848624,0.4330379118671492,0.43634897470474243,304424000
2014-03-26,0.4403695418319539,0.44864715695543883,0.422631766945356,0.4264158308506012,557756000
2014-03-27,0.42546986593370345,0.4290174155805333,0.41600970534873877,0.4207397997379303,540728000
2014-03-28,0.42003023955350494,0.4259428216701761,0.41884772313017066,0.4233412742614746,398820000
2014-03-31,0.42405078641887367,0.42783485022114665,0.4212127526638766,0.42357778549194336,273404000
2014-04-01,0.43705858868020053,0.4462822074057908,0.4318554927904612,0.44107913970947266,656272000
2014-04-02,0.44107909864650724,0.44202510061470596,0.4363490324186764,0.43824106454849243,239948000
2014-04-03,0.43918698716336957,0.45361369782896965,0.4389504726173446,0.44297105073928833,599548000
2014-04-04,0.4453361667297547,0.44793771444901687,0.4273619036720239,0.4292539358139038,368032000
2014-04-07,0.42949033785286944,0.4389504685107487,0.42712530518839964,0.43067285418510437,428576000
2014-04-08,0.4306728951558322,0.44722815357546725,0.429963379650311,0.4460456371307373,470692000
2014-04-09,0.44817416216452577,0.45195822612168784,0.4420250652824915,0.4455726146697998,421968000
2014-04-10,0.443680494688688,0.4498295617669203,0.43327433562848033,0.4346933662891388,372748000
2014-04-11,0.43138228612020707,0.43800438193756225,0.422868158898835,0.4285442531108856,353112000
2014-04-14,0.4313822972557914,0.4349298456573706,0.4285442641732098,0.4332743287086487,290184000
2014-04-15,0.43374742734616306,0.4387140075058455,0.42949036266549456,0.43634897470474243,304636000
2014-04-16,0.43847753614366103,0.4389505371117949,0.43185543800953335,0.43729501962661743,235136000
2014-04-17,0.4356393853433219,0.4429709970607003,0.4346933836606841,0.43895041942596436,153532000
2014-04-21,0.4391870249210554,0.4436806043279566,0.43634899109183223,0.4424980878829956,117004000
2014-04-22,0.44320757019796825,0.4491201805495229,0.4408425373347127,0.44628211855888367,255120000
2014-04-23,0.4469916077237488,0.4526677031772262,0.44628209226788734,0.45148518681526184,261580000
2014-04-24,0.45455978640706196,0.46023585430910496,0.45455978640706196,0.4555057883262634,391492000
2014-04-25,0.45455972781965615,0.45881679229421135,0.4420250207486019,0.44297105073928833,313600000
2014-04-28,0.44651872201656845,0.44888375535066044,0.43563955740237686,0.44107913970947266,226788000
2014-04-29,0.4427344913879485,0.4436805212828955,0.4370584247919093,0.44202497601509094,171300000
2014-04-30,0.4413155766254001,0.4417885775702611,0.43587599527595794,0.43682199716567993,305740000
2014-05-01,0.4434441149480554,0.4443901168803882,0.43563950032934834,0.43918704986572266,198104000
2014-05-02,0.4413155028819757,0.4413155028819757,0.4332743753893388,0.43587592244148254,156376000
2014-05-05,0.4354030216118947,0.44391715247783375,0.4349300206067692,0.44060611724853516,239260000
2014-05-06,0.44486309376380967,0.44864712924189387,0.43043638273381285,0.43161889910697937,416188000
2014-05-07,0.43161898017313943,0.43563953095835767,0.4273619147915003,0.43209198117256165,293900000
2014-05-08,0.43043634385202806,0.4443900245175756,0.42830779765655375,0.437531441450119,432728000
2014-05-09,0.42428724505266,0.42830779469173164,0.41884766462642836,0.42688876390457153,539532000
2014-05-12,0.427834824416924,0.44036950328835056,0.42759830987101627,0.43942350149154663,299856000
2014-05-13,0.43351094929852746,0.4406060764927958,0.43090942991426573,0.4323284327983856,221104000
2014-05-14,0.4325649594030918,0.434220476910638,0.4278348932710066,0.42807137966156006,214320000
2014-05-15,0.42712529820973466,0.429490330835563,0.4214492029916991,0.42570626735687256,325896000
2014-05-16,0.4223952196858044,0.4278348001929725,0.4223952196858044,0.42476025223731995,283960000
2014-05-19,0.42925381151256753,0.44084245921148923,0.42736177991857344,0.43847742676734924,360076000
2014-05-20,0.43859640048204424,0.43978436362567064,0.43123104598552564,0.43336936831474304,256200000
2014-05-21,0.4350325110511649,0.4388340044400797,0.4307558380694547,0.43336936831474304,216712000
2014-05-22,0.4324188766163557,0.4376459071818572,0.4324188766163557,0.4352699816226959,130364000
2014-05-23,0.4376459776835426,0.4414474705199011,0.4350324478181372,0.43930912017822266,182656000
2014-05-27,0.441922603504193,0.4471496343612671,0.44049703675986895,0.4471496343612671,209680000
2014-05-28,0.44881286671548387,0.45380229436012354,0.44453619421774104,0.4509511888027191,224676000
2014-05-29,0.4507135861985937,0.4545150791685071,0.44928804757733043,0.4502384066581726,171884000
2014-05-30,0.45023842377533807,0.4526143498910438,0.4478624976596323,0.4514263868331909,239128000
2014-06-02,0.4528518080914346,0.4557029128480608,0.44619921144379715,0.45000070333480835,181500000
2014-06-03,0.45095107565963155,0.4514262550794316,0.4421601289386369,0.4480999708175659,243212000
2014-06-04,0.44691208603175764,0.4519015132945321,0.4466744821187955,0.4485752284526825,161236000
2014-06-05,0.4492880575355503,0.4519015592274292,0.4466745275203983,0.4504760205745697,188696000
2014-06-06,0.45261416953293965,0.4561780572863571,0.45095102757933064,0.4521389901638031,161052000
2014-06-09,0.4516638294168184,0.4568908593393558,0.44857512090518975,0.4526141881942749,247456000
2014-06-10,0.4509512286325807,0.45712864815529886,0.4490504819853386,0.45499029755592346,217608000
2014-06-11,0.45332706434846454,0.4621180122963286,0.45332706434846454,0.4609300494194031,266228000
2014-06-12,0.46092995413770177,0.4659193801954321,0.45689085853248634,0.46378105878829956,337148000
2014-06-13,0.46853307851232134,0.46877068245370207,0.45974212920706453,0.4642564058303833,227852000
2014-06-16,0.46211802684666353,0.4659194911785573,0.4587917136925777,0.4628307819366455,198620000
2014-06-17,0.46330596355683723,0.46782021104666127,0.4609300378625575,0.46591946482658386,157608000
2014-06-18,0.46473157272164056,0.4675827066473952,0.4604549001562814,0.4654443562030792,215536000
2014-06-19,0.45689091590821923,0.4592668414692934,0.45142628145309527,0.4547525942325592,474592000
2014-06-20,0.45594062736903435,0.4576037698537715,0.4461993197361479,0.4497632086277008,353148000
2014-06-23,0.4438232470851847,0.4447736058127785,0.43859618911363346,0.444536030292511,414200000
2014-06-24,0.4438233300239502,0.44738721840331547,0.43574516603676194,0.43764591217041016,275780000
2014-06-25,0.438833845280676,0.44239773341897876,0.43479477772191916,0.44216012954711914,215420000
2014-06-26,0.44216028271200436,0.4423978866661703,0.43479492833543626,0.4362204670906067,256908000
2014-06-27,0.43574521817426093,0.43930910698005027,0.43313168838737387,0.4366956055164337,302820000
2014-06-30,0.4350324059435627,0.44168500360520047,0.4350324059435627,0.4404970407485962,180512000
2014-07-01,0.4400218807139216,0.4481000454897431,0.43859631389369724,0.44548651576042175,321180000
2014-07-02,0.4438234567642212,0.4457242034406554,0.4412099265437147,0.4438234567642212,179284000
2014-07-03,0.4397842521822341,0.4490503793484045,0.4397842521822341,0.4478624165058136,136892000
2014-07-07,0.44857529782417976,0.44881290177388705,0.4435858414665233,0.4442986249923706,127496000
2014-07-08,0.44311067032114015,0.4450114169851389,0.436458071158782,0.44073474407196045,221940000
2014-07-09,0.4445361098188405,0.45594055820650053,0.4412097970306701,0.4540398120880127,387668000
2014-07-10,0.4454864344094318,0.453564597710087,0.44192254633294814,0.4516638517379761,266308000
2014-07-11,0.45213900880554664,0.454039754683723,0.4504758667833661,0.4526141881942749,191188000
2014-07-14,0.4545149829874989,0.4595044379142706,0.4528518407863304,0.45831647515296936,272636000
2014-07-15,0.4590293341201075,0.4614052600342505,0.45594062476706737,0.46021729707717896,395440000
2014-07-16,0.4621179634658007,0.46568185171999255,0.45712850858062565,0.45974200963974,319728000
2014-07-17,0.4545149619280961,0.46330590861302035,0.4545149619280961,0.4585540294647217,324832000
2014-07-18,0.4490504407818771,0.4526143297972168,0.4374083863378043,0.43812116980552673,567816000
2014-07-21,0.436458071158782,0.44382345386054906,0.436458071158782,0.44073474407196045,243364000
2014-07-22,0.44406101364945966,0.4464369398138773,0.43788362261593816,0.43883398175239563,298816000
2014-07-23,0.43907157645652245,0.4393091520739993,0.42909266411738634,0.4295678436756134,297352000
2014-07-24,0.4319437385128404,0.4331317014840241,0.42719188662810564,0.4302805960178375,254576000
2014-07-25,0.42885508704166336,0.42980547454092666,0.42196491220756155,0.4226776957511902,266132000
2014-07-28,0.42457831671613944,0.42457831671613944,0.4138866509839198,0.4210144281387329,330352000
2014-07-29,0.42125208901266753,0.42814229152148936,0.4210144850793979,0.4224400520324707,217972000
2014-07-30,0.42505359538754584,0.4307558067328179,0.4238656323303414,0.4295678436756134,246184000
2014-07-31,0.42434074276298717,0.42766702745199475,0.41507461543229085,0.41578739881515503,401880000
2014-08-01,0.41578739990867586,0.4226776015301254,0.4143618331391983,0.4203016757965088,219884000
2014-08-04,0.4198263995355086,0.4233902875548164,0.4172128986486414,0.4193512201309204,241724000
2014-08-05,0.4181633268782711,0.42576631190693187,0.41459943826731227,0.4195888936519623,298136000
2014-08-06,0.41673774166272515,0.42434072635493175,0.4136490609951924,0.4191136956214905,223456000
2014-08-07,0.4226774715212009,0.4264789345317561,0.41198578068525266,0.41483691334724426,407696000
2014-08-08,0.43289415746603155,0.45380231294889667,0.43289415746603155,0.4514263868331909,894348000
2014-08-11,0.45190153193998633,0.4538022783522981,0.4478624635158684,0.4490504264831543,344624000
2014-08-12,0.4488128508836599,0.4514263524177262,0.44406097069124484,0.4490504264831543,296152000
2014-08-13,0.44976310576586515,0.45546534368219793,0.44691200096933115,0.4516638517379761,256596000
2014-08-14,0.4533271243943759,0.4533271243943759,0.44477377921826244,0.44667452573776245,255992000
2014-08-15,0.44809996253682305,0.4549901348047589,0.44382329119112357,0.4523766338825226,369796000
2014-08-18,0.4542773580575384,0.4590292372058371,0.44976311110306244,0.4585540294647217,284076000
2014-08-19,0.4586734102173929,0.4646394997170048,0.45700288239865455,0.46225306391716003,248260000
2014-08-20,0.4605824572452767,0.46273026616656066,0.45819602185399705,0.45938923954963684,221468000
2014-08-21,0.45819599371549463,0.46058242896021967,0.4543777143930658,0.4550936222076416,272796000
2014-08-22,0.4546164619607544,0.45915070720281137,0.45175274459388454,0.4553323984146118,251224000
2014-08-25,0.45724143803677536,0.4603438095923929,0.45509362921432356,0.45604822039604187,153380000
2014-08-26,0.45724152006241287,0.46511676359372284,0.4555710207554217,0.4641622006893158,269636000
2014-08-27,0.46129842069059407,0.4648780739881048,0.458196048809707,0.4589119851589203,182972000
2014-08-28,0.4579575059773489,0.46368494092013157,0.4565256330173728,0.46273037791252136,179704000
2014-08-29,0.46440082719113873,0.46511676359372284,0.45938930082160756,0.4641622006893158,207932000
2014-09-02,0.46535542607307434,0.46535542607307434,0.4610598360366291,0.46535542607307434,192636000
2014-09-03,0.46774194837816024,0.4713216026628629,0.46463957564170527,0.46965110301971436,259456000
2014-09-04,0.4689350118686132,0.48086721733222443,0.4686963569488904,0.47800347208976746,491832000
2014-09-05,0.47752630178064076,0.47967411134006055,0.4734693660998199,0.4765717387199402,253792000
2014-09-08,0.47609443030223353,0.4770489933090253,0.4703669669158007,0.47227612137794495,319288000
2014-09-09,0.4701283030804314,0.47323067527915097,0.46583271299363194,0.4663099944591522,198588000
2014-09-10,0.468935214888856,0.469651151509427,0.4636850319703798,0.46798062324523926,172376000
2014-09-11,0.464639564968297,0.4663100645730719,0.4581961646449953,0.4632076919078827,250720000
2014-09-12,0.46607133496479264,0.46607133496479264,0.4558096555374935,0.4562869369983673,262536000
2014-09-15,0.45771886187923727,0.4584347983762401,0.4481731177820297,0.45008227229118347,294152000
2014-09-16,0.4488891244028672,0.45915080660012053,0.4474572511851795,0.4567643702030182,219936000
2014-09-17,0.4555710337915044,0.4612984682789515,0.45342322452229283,0.4570028781890869,173584000
2014-09-18,0.45986669731808993,0.46440091464068084,0.4584348242432912,0.4639236330986023,219604000
2014-09-19,0.4653554518714958,0.46583273335788083,0.4546164619607544,0.4553323984146118,601316000
2014-09-22,0.46463957897405717,0.46463957897405717,0.45032093328399114,0.45079824328422546,221464000
2014-09-23,0.4484117964928201,0.45390060567710827,0.44674129677114055,0.4488891065120697,196144000
2014-09-24,0.44865037766659505,0.45294596799294934,0.4481730961744579,0.4515140950679779,159592000
2014-09-25,0.4510369334019622,0.4522301516735851,0.44077525057629197,0.4417298138141632,298440000
2014-09-26,0.4431615742906938,0.4460252917237733,0.44125241985245395,0.4426842927932739,241188000
2014-09-29,0.4391046045908405,0.44507069396397186,0.4348090145524743,0.44196832180023193,208540000
2014-09-30,0.44005921684697463,0.4434002443396319,0.43504768983226944,0.4402978718280792,277204000
2014-10-01,0.441013841482246,0.44411618577849965,0.43480909599261164,0.43600231409072876,350976000
2014-10-02,0.43528630581309746,0.43743408665635886,0.4240700347802293,0.43409308791160583,288996000
2014-10-03,0.43671815422276494,0.4426842433961858,0.43504762649536133,0.43504762649536133,239140000
2014-10-06,0.43671813827014944,0.4402977916434429,0.42955880307500627,0.43242254853248596,199032000
2014-10-07,0.43051345448613515,0.4348090448235572,0.4274110821064104,0.4278883635997772,301896000
2014-10-08,0.4274111012134527,0.4379114367797327,0.4240700737134067,0.4357636272907257,260172000
2014-10-09,0.43385435989308435,0.43433166973215154,0.4238313368980911,0.4274109899997711,306956000
2014-10-10,0.42407010388826155,0.42550197698281833,0.401876241614012,0.4021148681640625,691376000
2014-10-13,0.40473989113297054,0.4128537898868685,0.4002056745120854,0.4006829559803009,397628000
2014-10-14,0.40617164551197865,0.42120619229104533,0.40378521041842996,0.40998995304107666,376620000
2014-10-15,0.404023962423166,0.4183426058830253,0.40139890007356316,0.4161947965621948,404428000
2014-10-16,0.408796923051191,0.4212063855414215,0.4078423315066727,0.41643351316452026,351116000
2014-10-17,0.42144503583123194,0.42621790815480975,0.414047072350261,0.41571757197380066,290716000
2014-10-20,0.4157175050516777,0.42311546734172606,0.4128537878082442,0.41929715871810913,200336000
2014-10-21,0.42239952567123407,0.4376727315274033,0.421206307797247,0.43719545006752014,351092000
2014-10-22,0.4364796910978925,0.4379115645082075,0.4269339442253113,0.4269339442253113,239512000
2014-10-23,0.43433181707357443,0.4395819710473741,0.43122944430996796,0.4364795982837677,214476000
2014-10-24,0.4391045694753941,0.4436387856569468,0.43647947898172307,0.44101372361183167,210156000
2014-10-27,0.44077515869471295,0.4429229397564924,0.43600228660314827,0.4412524402141571,145092000
2014-10-28,0.44005919898874135,0.4522300335599376,0.43958191749446235,0.45175275206565857,192580000
2014-10-29,0.4498436696534395,0.45246876096505356,0.44483214203983623,0.4488891065120697,168340000
2014-10-30,0.4476958100224789,0.44960493597115625,0.4402978474013948,0.4460252821445465,170260000
2014-10-31,0.45628694144043397,0.4665486494161916,0.4539005056642741,0.4663099944591522,256316000
2014-11-03,0.477048945529897,0.478719473297311,0.4717987926212531,0.4741852283477783,308732000
2014-11-04,0.477287669483867,0.4820605416269358,0.4694124247580912,0.4803900420665741,360196000
2014-11-05,0.48325378811126496,0.4834924146492812,0.47681038795927255,0.4803900420665741,335652000
2014-11-06,0.48134455966243705,0.483253742477655,0.47394659715984466,0.48253780603408813,394088000
2014-11-07,0.48802663857849504,0.49375407351636713,0.46750324944686467,0.47227612137794495,450800000
2014-11-10,0.47179887509819046,0.4808673665825529,0.4706056570263369,0.4777649939060211,293388000
2014-11-11,0.47490118166434586,0.4775262439878545,0.4679805007418765,0.4720374643802643,212992000
2014-11-12,0.4703669167795956,0.4715601346351811,0.4624916732430197,0.4689350724220276,204584000
2014-11-13,0.470605766973172,0.4713217036732598,0.4627305201693453,0.4665488302707672,225328000
2014-11-14,0.46702596794346873,0.47227612137794495,0.462491722539806,0.47227612137794495,160248000
2014-11-17,0.4701283872127533,0.4751399146189556,0.4670260144588454,0.4701283872127533,158732000
2014-11-18,0.4703668765318706,0.48253773744540357,0.46917365877838474,0.4813444912433624,207772000
2014-11-19,0.48170410171931993,0.4831420344741148,0.47451449508326016,0.4795472025871277,240300000
2014-11-20,0.4761919572468969,0.48793499592174305,0.4747540248152175,0.48745566606521606,220968000
2014-11-21,0.49176957848968605,0.4924885448738448,0.486017904554331,0.490092009305954,198976000
2014-11-24,0.4912902812236794,0.49536438624649515,0.48937307549691395,0.49320754408836365,136004000
2014-11-25,0.4922489371045914,0.49656273616130836,0.4912903341379626,0.4929679036140442,190240000
2014-11-26,0.4900920547503244,0.5018350972632516,0.489852361174769,0.501355767250061,219264000
2014-11-28,0.5030331504458647,0.5054296853491582,0.49847971698823734,0.5025538206100464,124832000
2014-12-01,0.5003971512706124,0.5032729598607606,0.4924885776563469,0.49320754408836365,190060000
2014-12-02,0.49272822864788945,0.4960833673378332,0.4881747934898684,0.4939265251159668,245952000
2014-12-03,0.4963229879719622,0.5068677325068973,0.49488505527676385,0.5066280961036682,284424000
2014-12-04,0.5059090068712441,0.5078262119072132,0.4987194022795122,0.5020745396614075,185332000
2014-12-05,0.5023143537017049,0.507586755122596,0.5020747172719111,0.5049505829811096,165680000
2014-12-08,0.5042314233424867,0.5092641292672342,0.4944055906930652,0.4984796941280365,226944000
2014-12-09,0.4953642188251091,0.4980004472308273,0.48793497772240213,0.4968021512031555,239448000
2014-12-10,0.4953642636780931,0.4972815260683875,0.48529885039619,0.4857781231403351,204364000
2014-12-11,0.48865404401535834,0.49200918215952194,0.48457993953488665,0.4855385422706604,135652000
2014-12-12,0.47906786815036256,0.4833816375482676,0.4699610279923308,0.4704403579235077,323964000
2014-12-15,0.4759524273390932,0.4845799958077286,0.4675645524356695,0.46900248527526855,254696000
2014-12-16,0.46852313667205686,0.47595237941131324,0.463490400809209,0.4637300372123718,185308000
2014-12-17,0.47307639006256147,0.48338149486887394,0.4577385510160427,0.48266252875328064,345596000
2014-12-18,0.4886540551443184,0.49440572882786465,0.4800265160500428,0.4845799505710602,226156000
2014-12-19,0.48793500640879917,0.49129014406289445,0.4833815726565826,0.48937293887138367,325528000
2014-12-22,0.4888936638623894,0.49800053238868713,0.48721609484710493,0.49800053238868713,148976000
2014-12-23,0.5018351782772079,0.5042317144542061,0.49440587613196274,0.4948852062225342,109280000
2014-12-24,0.4960834061090315,0.4968023726184843,0.4924886306996923,0.4929679036140442,45644000
2014-12-26,0.49296764614449623,0.4960831470123045,0.4917694073465135,0.4934469759464264,52636000
2014-12-29,0.4920090883242801,0.49608319202774476,0.4896125533729538,0.492728054523468,82944000
2014-12-30,0.48937300295249664,0.4917695383246516,0.48745574037202644,0.488174706697464,112120000
2014-12-31,0.4888935782903644,0.49152980668545215,0.47906777374088555,0.48050573468208313,166300000
2015-01-02,0.4824230670928955,0.4860178989724025,0.47475413050855675,0.4824230670928955,113680000
2015-01-05,0.48242299122136373,0.4838609237470203,0.47211788430469875,0.47427475452423096,197952000
2015-01-06,0.474993790261219,0.47547309165022456,0.4594163094203207,0.45989561080932617,197764000
2015-01-07,0.46325072484129143,0.4673248578568716,0.4572593863700916,0.4586973190307617,321808000
2015-01-08,0.46396968038981273,0.47882822230826705,0.463730015428952,0.4759523570537567,283780000
2015-01-09,0.47762990408641576,0.4814643716405947,0.4711592365176198,0.47786954045295715,209540000
2015-01-12,0.47906780597654147,0.479307470911026,0.46756443193136393,0.47187820076942444,190732000
2015-01-13,0.4754730786699874,0.4850592204642267,0.4678041709483871,0.47115930914878845,236720000
2015-01-14,0.4661265812836866,0.4745144549835911,0.46492831361227166,0.4730765223503113,155260000
2015-01-15,0.47643162100773634,0.4793074572950975,0.4694816523635835,0.46972131729125977,188932000
2015-01-16,0.46900231840754014,0.4788281226546108,0.4675643860795473,0.47834882140159607,181512000
2015-01-20,0.48170410827329385,0.4843402802676754,0.47379553515223416,0.4797869026660919,140308000
2015-01-21,0.47715051136831343,0.48769528083758384,0.4737953457589767,0.4864969849586487,144780000
2015-01-22,0.48745590407728906,0.496323139356319,0.48242319524697164,0.4948852062225342,159712000
2015-01-23,0.4953641511036334,0.49728141305821855,0.4912900480147409,0.4963228106498718,120416000
2015-01-26,0.4941660165786743,0.496562551673826,0.4910505152411867,0.4941660165786743,133240000
2015-01-27,0.48649713925614096,0.48697646918731785,0.46948172663010923,0.4704403579235077,357948000
2015-01-28,0.4761920250882738,0.47810925908067087,0.46253175074804154,0.4627714157104492,272728000
2015-01-29,0.46301109918424205,0.476671345501662,0.4608542001432035,0.4740351736545563,235340000
2015-01-30,0.4706798418679346,0.4761918771705347,0.4594161349437188,0.4601350724697113,298200000
2015-02-02,0.46301102289462487,0.4721178617953703,0.45390418399387944,0.47020062804222107,259604000
2015-02-03,0.47355582304900573,0.48242302666035514,0.4711592877094961,0.48194369673728943,183468000
2015-02-04,0.48050572788896695,0.4886539350326452,0.4790677669680984,0.4831418991088867,181516000
2015-02-05,0.48362135961935043,0.49129029704928423,0.4831420867411799,0.491050660610199,140448000
2015-02-06,0.49057134653598744,0.4963230783643096,0.4867368776964135,0.4888937771320343,210524000
2015-02-09,0.48601781205997874,0.48985222252854305,0.4829023107008421,0.48841434717178345,273944000
2015-02-10,0.48889356934095,0.502314176006429,0.486736670822061,0.5020745396614075,226204000
2015-02-11,0.5032728004526207,0.5032728004526207,0.4953642293433398,0.4987194240093231,320832000
2015-02-12,0.5272383342095578,0.5392210119361106,0.5241228322868625,0.5344279408454895,676904000
2015-02-13,0.5332295593876012,0.5353864581754622,0.5250813512617784,0.5346674919128418,310084000
2015-02-17,0.5337089523952481,0.5389813532320439,0.5303538141981562,0.5363451242446899,203340000
2015-02-18,0.5356261514582972,0.5365848113355812,0.5291555115451427,0.5301141142845154,170948000
2015-02-19,0.536824477404527,0.5377830801968785,0.5291555407898855,0.5315520763397217,169432000
2015-02-20,0.5310727028214657,0.5356260795062969,0.5272382352411574,0.5353864431381226,157752000
2015-02-23,0.5351469000497096,0.5351469000497096,0.5284365663300373,0.5310727953910828,125008000
2015-02-24,0.5331176796453617,0.5367262959480286,0.5283061530031914,0.5367262959480286,149356000
2015-02-25,0.5345611708498876,0.5369669918848806,0.5302308191743474,0.5326365828514099,123820000
2015-02-26,0.5331177345779309,0.5372075269093967,0.5297496196950228,0.5340800285339355,152864000
2015-02-27,0.5326365367033424,0.5338394471166178,0.5287873036819573,0.5307119488716125,157492000
2015-03-02,0.5292685559272101,0.5465900783516646,0.5285468210463634,0.5437031388282776,301512000
2015-03-03,0.5396133379720681,0.5422596609234772,0.5319148709305997,0.5335988998413086,160344000
2015-03-04,0.5316741045897649,0.5408159804511281,0.5295089008234247,0.5396131277084351,226840000
2015-03-05,0.5396132032364668,0.5509202844467882,0.5381697338568686,0.5499579906463623,323056000
2015-03-06,0.5468303688731715,0.5494766905642066,0.5420188436033411,0.5425000190734863,257392000
2015-03-09,0.5427406715151855,0.5480333731658392,0.5415377613117988,0.5439435243606567,222388000
2015-03-10,0.5463492807401438,0.5569346839122337,0.5453869870039305,0.5533260107040405,527212000
2015-03-11,0.5533259405771093,0.5605432287208824,0.5489955906340084,0.5504390597343445,262120000
2015-03-12,0.5451464705344432,0.549236262251567,0.5350422421193661,0.5453870296478271,406972000
2015-03-13,0.542740725161683,0.5475522517349881,0.5352828188225155,0.5461087822914124,359288000
2015-03-16,0.5504391115639873,0.5559723720643522,0.5468304384733523,0.5526042580604553,236956000
2015-03-17,0.5514015703802934,0.5595811553578066,0.5475523370503077,0.5593405961990356,299900000
2015-03-18,0.5593405501735309,0.5622274319150247,0.5451465285312624,0.5501986145973206,413844000
2015-03-19,0.5521230519660039,0.5605431922401269,0.5480332613531578,0.5586186051368713,310756000
2015-03-20,0.5631897784522166,0.5680013053388492,0.5578970759337508,0.5646331906318665,462084000
2015-03-23,0.5477926965708626,0.5550099849250848,0.546108668357335,0.5463492274284363,426012000
2015-03-24,0.5446654954400565,0.5485147294606918,0.5364859089949192,0.5388916730880737,330480000
2015-03-25,0.5386507153376882,0.5386507153376882,0.5044888101902212,0.5061728954315186,542552000
2015-03-26,0.49582824425194133,0.5066541488751265,0.49221957113893744,0.5044889450073242,311920000
2015-03-27,0.5073758309855443,0.5162771472658046,0.4991962492531869,0.514352560043335,318288000
2015-03-30,0.5167582577978965,0.5191640202025518,0.5100220886501217,0.516517698764801,253252000
2015-03-31,0.5150743240872512,0.5155554422414664,0.5030455098632103,0.5035266280174255,357276000
2015-04-01,0.5054511427879333,0.507135170610649,0.49679038730118397,0.5054511427879333,330768000
2015-04-02,0.5083381716484462,0.5097816408778594,0.5023237930031083,0.5066541433334351,192204000
2015-04-06,0.5044888299018632,0.5230132520588483,0.49919618702092466,0.5213292241096497,515864000
2015-04-07,0.5213296920614746,0.5316744854335205,0.51844275163841,0.525900661945343,413964000
2015-04-08,0.5263815742792527,0.5316742771959269,0.5213294878755609,0.5297496318817139,366432000
2015-04-09,0.525659899859479,0.54370315779418,0.5254193406767833,0.5420191287994385,379432000
2015-04-10,0.5425000834438873,0.5477927274539566,0.5405754386928429,0.5475521683692932,258728000
2015-04-13,0.5463491934030262,0.5494766905642066,0.5400941990806655,0.5425000190734863,236724000
2015-04-14,0.5403350602180408,0.5425002647774798,0.5326365933564344,0.5379292964935303,220276000
2015-04-15,0.5393725682929051,0.5485144441485298,0.5367261890164025,0.5444246530532837,243560000
2015-04-16,0.5412971920886167,0.5458681590033155,0.5372074007178546,0.5410566329956055,155284000
2015-04-17,0.5297496196950228,0.5393727313288531,0.5295090605455035,0.5340800285339355,293636000
2015-04-20,0.5364854869053995,0.53985354251435,0.5304710527255063,0.5314334034919739,231624000
2015-04-21,0.5379292392774879,0.5379292392774879,0.5280655689055771,0.5307119488716125,230456000
2015-04-22,0.5338394143774795,0.5374480306801463,0.5256597731994522,0.5367262959480286,207420000
2015-04-23,0.5268626305784021,0.5396131806342528,0.520848194201303,0.534561038017273,259380000
2015-04-24,0.5343204872907441,0.534561046395065,0.5239757001520234,0.5299901366233826,240960000
2015-04-27,0.53167426496496,0.5434625236603188,0.5271032969765279,0.5340800285339355,248456000
2015-04-28,0.5331176796453617,0.5386509410196499,0.5280655365205374,0.5367262959480286,234484000
2015-04-29,0.5328771420117371,0.5381698450444465,0.5304713783346746,0.5326365828514099,195156000
2015-04-30,0.5299902362024699,0.5367263512524304,0.5287873257390181,0.5340800285339355,218844000
2015-05-01,0.5384104055867971,0.5489958116793874,0.5360046419035595,0.5473117828369141,256968000
2015-05-04,0.5468304629624525,0.5504391362146972,0.5422594959622477,0.5439435243606567,200720000
2015-05-05,0.5420189522081836,0.5427406868790634,0.5275843735064223,0.5299901366233826,292928000
2015-05-06,0.5328770592295698,0.5379292023171046,0.5246974754698377,0.5316742062568665,316484000
2015-05-07,0.5295089361623526,0.5427406613625125,0.5278249077954454,0.5410566329956055,534564000
2015-05-08,0.5054513931213218,0.5254192352259446,0.49294140040490897,0.5011209845542908,1146552000
2015-05-11,0.4941445219701804,0.5013618735040579,0.49029534429605304,0.49630972743034363,544144000
2015-05-12,0.49270084127049313,0.5052107766289817,0.492460224778153,0.5011209845542908,388800000
2015-05-13,0.5047296703022351,0.5085789033335845,0.4991964085742816,0.5040079355239868,308524000
2015-05-14,0.5054516019352069,0.5148341003486462,0.5042486910503284,0.5121877193450928,293052000
2015-05-15,0.5143528122529407,0.5167585761396325,0.5093007252982686,0.5124282240867615,215824000
2015-05-18,0.5112251170935577,0.5148337902164059,0.5088193541309634,0.5117062926292419,324972000
2015-05-19,0.5123829455381667,0.5140748263576548,0.5075491485141014,0.5085159540176392,253808000
2015-05-20,0.5087576265818207,0.5147999016736051,0.5080325512658702,0.5085159540176392,196824000
2015-05-21,0.5087576101226485,0.5109328360001275,0.5044071583676908,0.5048905611038208,239692000
2015-05-22,0.5060992631958583,0.5080327597495798,0.5029572880784887,0.5041657090187073,212592000
2015-05-26,0.5017484868980839,0.505132132503178,0.49715636350637493,0.5010234117507935,259732000
2015-05-27,0.5044071389686328,0.5302680030772182,0.50271531589235,0.5278511047363281,432332000
2015-05-28,0.5278514294988543,0.5367939530997278,0.5268846810923831,0.535102128982544,327656000
2015-05-29,0.5351020452012546,0.5384856929058423,0.5341352969461478,0.534860372543335,335168000
2015-06-01,0.5382441016884871,0.5462198768409147,0.5348604534719268,0.5409026741981506,372660000
2015-06-02,0.5375188294815177,0.5404191312488452,0.5297847298509218,0.530268132686615,224304000
2015-06-03,0.5317184051328707,0.5358271284936524,0.5235009007878783,0.5244677066802979,250788000
2015-06-04,0.521325394930694,0.5355851099659117,0.521325394930694,0.5338932871818542,323712000
2015-06-05,0.532201471939618,0.540418971984161,0.5266426002727501,0.538002073764801,313320000
2015-06-08,0.53631023109903,0.5399355494833756,0.5196336167102087,0.5256758332252502,342812000
2015-06-09,0.5261596288043541,0.5322018498313541,0.5251928803548468,0.5283348560333252,256888000
2015-06-10,0.5220505936874605,0.5254342400567958,0.5160083186364429,0.5189086198806763,529460000
2015-06-11,0.5189088321043157,0.5280930270948697,0.5189088321043157,0.5244677066802979,283052000
2015-06-12,0.5210839083921366,0.5242258829236999,0.5089994131259005,0.5102078914642334,323728000
2015-06-15,0.507549341871235,0.5116581227680462,0.5036823488775292,0.5092412233352661,306548000
2015-06-16,0.5082742282029435,0.5162499991236107,0.5031987585710304,0.5155249238014221,256892000
2015-06-17,0.5152831596537661,0.5244674070202311,0.514074739413829,0.5215671062469482,233544000
2015-06-18,0.5259177376590397,0.5336517796662198,0.524467586775376,0.530268132686615,299404000
2015-06-19,0.530268078160502,0.5346184727407374,0.5237424574784441,0.5285762548446655,355656000
2015-06-22,0.5295430170733466,0.5324433186206555,0.5184252713065445,0.5264010429382324,514236000
2015-06-23,0.5273678923179206,0.5314766152177139,0.5087577741400016,0.5128664970397949,414064000
2015-06-24,0.5121411374255344,0.514799765421495,0.505373846432305,0.507790744304657,253368000
2015-06-25,0.5077910222346194,0.5148000471877167,0.5077910222346194,0.5116580724716187,350460000
2015-06-26,0.507549296492012,0.5080326993847187,0.4990901780453128,0.5012653470039368,421296000
2015-06-29,0.49546472323465907,0.5005402511355337,0.48555545527673616,0.48628053069114685,391724000
2015-06-30,0.48918080832704547,0.491356034719693,0.4826551867725204,0.48603883385658264,315916000
2015-07-01,0.4981234216549334,0.5051323889311553,0.4886974975785253,0.49304789304733276,302892000
2015-07-02,0.4928062112146288,0.49667326134992784,0.49038931208299447,0.4935312867164612,145764000
2015-07-06,0.48942244908020405,0.4961897420110263,0.48386357661985413,0.48748889565467834,214776000
2015-07-07,0.4845886608816426,0.48652215671939225,0.46307821716378494,0.4783046841621399,594252000
2015-07-08,0.4756462125913544,0.47854648576707126,0.4710540869857352,0.4749211370944977,332492000
2015-07-09,0.4824135053783639,0.48458873173141953,0.4662202592818804,0.4691205322742462,357588000
2015-07-10,0.4751627006350059,0.48168834979690117,0.47395425135490726,0.47733792662620544,216708000
2015-07-13,0.48217177909722697,0.48313852710760175,0.4773379814219396,0.4804799556732178,212472000
2015-07-14,0.4812050255167582,0.4816883995163504,0.47443770308734834,0.4807216227054596,249216000
2015-07-15,0.47951312380570155,0.48265509769629866,0.4729875034555098,0.47733792662620544,265732000
2015-07-16,0.48023830833252534,0.4879724085330963,0.47854648471804173,0.4879724085330963,282848000
2015-07-17,0.48628064424162726,0.48676398954849026,0.47878821575097874,0.48507216572761536,220372000
2015-07-20,0.4850721125187316,0.4870056664043684,0.4749211418952562,0.47612959146499634,188412000
2015-07-21,0.47516271020824064,0.4850720060293759,0.47516271020824064,0.4783046841621399,149720000
2015-07-22,0.4749211070706862,0.4749211070706862,0.46331998628951454,0.4691205322742462,356472000
2015-07-23,0.47008733886439963,0.48193013300345583,0.46912056193135393,0.4749211370944977,169916000
2015-07-24,0.47830481015969745,0.47878818424646774,0.4674287635546622,0.4693622887134552,188844000
2015-07-27,0.4652534132421565,0.47202073509273873,0.4613863927644696,0.4667035639286041,192420000
2015-07-28,0.4679120148482205,0.47999650790472814,0.4630782176256174,0.4768545627593994,198308000
2015-07-29,0.4758878742533845,0.48652224740165523,0.4739543492435435,0.48265519738197327,232680000
2015-07-30,0.48144663504075064,0.4886973593316077,0.48144663504075064,0.48386356234550476,190180000
2015-07-31,0.4857971821807899,0.4860388548048053,0.47927156034501117,0.48217183351516724,218340000
2015-08-03,0.48603871652738073,0.49087251337300153,0.4797547979150948,0.4903891682624817,397132000
2015-08-04,0.4886976010320413,0.4937730730906586,0.48676404670725815,0.4923229217529297,260100000
2015-08-05,0.5044073743906614,0.5048907773338188,0.4964316003808514,0.49739840626716614,234628000
2015-08-06,0.4961899632915002,0.49981534156650226,0.4860389617449273,0.49425646662712097,655676000
2015-08-07,0.5428360498802411,0.5648298136692516,0.5288180009939917,0.5554039478302002,1405248000
2015-08-10,0.5515368581112732,0.5788478208232131,0.548153153629406,0.5747390985488892,662304000
2015-08-11,0.5662799230399566,0.5773976692375702,0.5662799230399566,0.5718387961387634,435008000
2015-08-12,0.5626546917055002,0.5773977596632153,0.5626546917055002,0.5732890367507935,384048000
2015-08-13,0.5740140328644604,0.5752225111192035,0.5670050088078281,0.568455159664154,276884000
2015-08-14,0.5679718667023989,0.5723223201129004,0.5645882191320705,0.568938672542572,214652000
2015-08-17,0.5679714922500538,0.5679714922500538,0.5583039012093804,0.565312922000885,273880000
2015-08-18,0.5635656727193572,0.5674489926734441,0.5557990328111836,0.5601677894592285,287084000
2015-08-19,0.5594396506203759,0.5657500381689327,0.5519157002974698,0.5579833984375,249248000
2015-08-20,0.5516729765786794,0.5543427335040061,0.5351688826422907,0.5378386974334717,426932000
2015-08-21,0.5339554633908007,0.5429356089115448,0.5206065608929181,0.5210919976234436,382664000
2015-08-24,0.4919670056446374,0.5298293254865629,0.48541392963071944,0.5026461482048035,682284000
2015-08-25,0.5247325171982861,0.526674206057024,0.4922098219394684,0.4922098219394684,622684000
2015-08-26,0.5082286513916896,0.5298295783280074,0.5043453302317178,0.5293441414833069,614976000
2015-08-27,0.5349262946520768,0.5494887026039587,0.5317711004759158,0.5492460131645203,463764000
2015-08-28,0.5492461648468132,0.5550711180630382,0.5453628434140361,0.5516732335090637,320944000
2015-08-31,0.5490034227653829,0.5528867438262762,0.5434211595902005,0.545605480670929,219352000
2015-09-01,0.5298295249925065,0.5388096717213952,0.5193931257419878,0.5232763886451721,353408000
2015-09-02,0.5375959363416168,0.5392948777836424,0.5286157924912589,0.5390521883964539,344044000
2015-09-03,0.5470617668722495,0.5497315828150011,0.5395378716378572,0.5405086874961853,262556000
2015-09-04,0.5312855251126278,0.5397802898011091,0.5276449530074575,0.5278876423835754,287972000
2015-09-08,0.5407510567480073,0.5526437031005729,0.5385667368268476,0.5504593253135681,238448000
2015-09-09,0.5521585652237407,0.5567699542976146,0.5383242244045082,0.539537787437439,289392000
2015-09-10,0.5363824424437857,0.5548281671597093,0.5339553749250026,0.5480323433876038,357076000
2015-09-11,0.5419647341417043,0.5533719463378471,0.5397803558916373,0.5497313737869263,301584000
2015-09-14,0.5524013352561733,0.5541002774573844,0.5477898876438123,0.5507023930549622,192460000
2015-09-15,0.5509451328007536,0.5596825919652435,0.5492461904445867,0.5567700862884521,327976000
2015-09-16,0.5557990738517035,0.5638084037653399,0.5516730641789004,0.5606532096862793,173508000
2015-09-17,0.5703615709359608,0.5754584548688825,0.5645366185927803,0.5657501816749573,268712000
2015-09-18,0.5579836740126561,0.5701190184202227,0.5545857891517147,0.565264880657196,326412000
2015-09-21,0.5659927999328064,0.5723031882880701,0.563080295194726,0.5710896253585815,281840000
2015-09-22,0.5587116107728566,0.5625949312380105,0.5526439116962034,0.5555564165115356,228356000
2015-09-23,0.5560416708242839,0.5616239318924062,0.5538573505680412,0.5582260489463806,161632000
2015-09-24,0.5548282651274188,0.5747302454419362,0.5460908089438291,0.5689052939414978,382440000
2015-09-25,0.5759436332821194,0.5841957089165196,0.5674489261279828,0.5730311870574951,369692000
2015-09-28,0.5730311222997136,0.5766716941355391,0.5618666017023826,0.565507173538208,395584000
2015-09-29,0.5715753236812885,0.5764294618889769,0.5635659898520133,0.5754586458206177,380736000
2015-09-30,0.5807978301650356,0.5990008669412282,0.5773999469407982,0.5982727408409119,556380000
2015-10-01,0.5982729791378021,0.599971921426623,0.5696335340042336,0.5866230726242065,489296000
2015-10-02,0.5834677812625,0.6019135117530823,0.5774000816330481,0.6019135117530823,386144000
2015-10-05,0.6057968928173137,0.6244853146345211,0.6026416979547605,0.6169614195823669,482024000
2015-10-06,0.6104081487568064,0.6276403124796467,0.6079810809986939,0.624970555305481,453216000
2015-10-07,0.6264270209115604,0.6378342374737104,0.6162333097088896,0.631523847579956,310152000
2015-10-08,0.6288538731415688,0.6368632025025418,0.6181747287496985,0.6351642608642578,460068000
2015-10-09,0.6317663459008045,0.6378340444597017,0.6208445695069964,0.6327372193336487,423248000
2015-10-12,0.6334653438104918,0.6431736739392221,0.6288539549917388,0.6395330429077148,227588000
2015-10-13,0.6344360870181529,0.6446297360808931,0.6322517088479135,0.6407464742660522,298444000
2015-10-14,0.6414744395263993,0.6744826225829189,0.6407463714523334,0.6640462279319763,612148000
2015-10-15,0.6652598216843957,0.6793368479201962,0.6584640558228738,0.6657452583312988,526048000
2015-10-16,0.6679297147049784,0.6824921214281071,0.6662307151746723,0.6761817336082458,448396000
2015-10-19,0.6783659445829608,0.6815211377143163,0.6672014239436794,0.6749680042266846,294712000
2015-10-20,0.6720557115395628,0.6771525364372128,0.6669588287760534,0.6739973425865173,264824000
2015-10-21,0.6781235450018523,0.6822496134164509,0.6640465712394974,0.6652600765228271,386280000
2015-10-22,0.6730265522342217,0.6914722793335967,0.672055736674436,0.6892879009246826,306884000
2015-10-23,0.6953555857209013,0.6985107796273566,0.6849191884609014,0.6938993334770203,381776000
2015-10-26,0.6943849121692695,0.6960838541792463,0.6844338917118548,0.6907442808151245,247436000
2015-10-27,0.6873462963258336,0.6946275001039584,0.6868608595942797,0.690258800983429,208268000
2015-10-28,0.6946275705754417,0.6958411335945129,0.6844338611055473,0.6958411335945129,217036000
2015-10-29,0.6846764132588439,0.691714868445984,0.6705993871528573,0.671812891960144,327168000
2015-10-30,0.6790942466016642,0.693413964085119,0.6739973636786524,0.6885597705841064,301160000
2015-11-02,0.6907441931641882,0.6972972709042341,0.6866181833969692,0.6965691447257996,190088000
2015-11-03,0.692443247566071,0.6963265685272857,0.6839485372126708,0.6917151212692261,376768000
2015-11-04,0.6897732672693431,0.6948700918376548,0.6771524926820696,0.6803076863288879,442264000
2015-11-05,0.6837057261377357,0.6856474153702845,0.6705995697479747,0.6725412011146545,478800000
2015-11-06,0.7390430016088562,0.7752063357057388,0.7237524659267077,0.7657407522201538,1172272000
2015-11-09,0.7582169785718756,0.7645273685653795,0.7516638412099352,0.7623429894447327,492568000
2015-11-10,0.7523918312804256,0.7565178992716859,0.7317617806534739,0.747780442237854,552260000
2015-11-11,0.7482658417225911,0.7536054150194431,0.73782944246002,0.7404992580413818,619896000
2015-11-12,0.7388002028421495,0.7455960281532262,0.7346741929124341,0.7378293871879578,291080000
2015-11-13,0.738557615123352,0.7417128098334694,0.7196264468626477,0.7232670783996582,292940000
2015-11-16,0.7327325616040506,0.7383148239479872,0.7269075519471656,0.7378293871879578,344280000
2015-11-17,0.7397710763622085,0.744139775739005,0.7346741929124341,0.7378293871879578,257048000
2015-11-18,0.7408746141430295,0.7569541575977096,0.7328348714584844,0.755979597568512,350216000
2015-11-19,0.7586594940095218,0.7657246761385993,0.7525687556658778,0.7581722140312195,254072000
2015-11-20,0.7637757402756503,0.7691355881709798,0.7591467833699381,0.7647502422332764,239744000
2015-11-23,0.7710847136966096,0.7710847136966096,0.7506199370165305,0.7532998323440552,242552000
2015-11-24,0.7532997934394504,0.7659684944891026,0.7498890071831893,0.7593905329704285,195428000
2015-11-25,0.7579285367596911,0.7669427799275697,0.7557358641775864,0.7584157586097717,138300000
2015-11-27,0.7598776743595554,0.7671865261701369,0.7559796084434605,0.7647502422332764,86996000
2015-11-30,0.7654812216931498,0.7762009187227343,0.7647503306190601,0.7727900743484497,327244000
2015-12-01,0.779611474519987,0.7986145206568916,0.7788805836619845,0.7978836297988892,409496000
2015-12-02,0.7991017198551512,0.807385071896953,0.7900874769760636,0.7917928695678711,294240000
2015-12-03,0.7981273830718556,0.8064107368258089,0.7861895743761049,0.7900876402854919,246656000
2015-12-04,0.7900875254382064,0.8237082736732612,0.7900875254382064,0.8222464919090271,458756000
2015-12-07,0.8220030487638313,0.8220030487638313,0.804218169201765,0.8066544532775879,333588000
2015-12-08,0.796665543278272,0.8210283808368545,0.7915493648166456,0.8176175951957703,314488000
2015-12-09,0.8173739834594451,0.8222465509664736,0.7886258003166252,0.7969091534614563,372676000
2015-12-10,0.7993454469550438,0.8078724692390392,0.7966655522191994,0.8034871816635132,236596000
2015-12-11,0.7954476300123714,0.8010510898652516,0.789844170159491,0.791549563407898,227320000
2015-12-14,0.7922802244817707,0.7978836827076426,0.783996813570318,0.7934983372688293,275892000
2015-12-15,0.802512626927375,0.8088469764222181,0.7981273393231847,0.8032435178756714,307296000
2015-12-16,0.8049489630282054,0.8107960909944942,0.797883780211592,0.8081161379814148,236356000
2015-12-17,0.8093341460250448,0.8176174981951237,0.7954473360727172,0.7959345579147339,254160000
2015-12-18,0.7903313758768344,0.7983711199309488,0.7820480208167166,0.7830225229263306,395896000
2015-12-21,0.7915494815423161,0.8022691200317442,0.784484240182777,0.8015382289886475,284216000
2015-12-22,0.8039743747120643,0.8103087239381468,0.7973964145420819,0.8022689819335938,130012000
2015-12-23,0.8034871901301608,0.8086033687031168,0.8020254082277196,0.8054361939430237,122524000
2015-12-24,0.8029999590965033,0.8100651999987082,0.8017817880749961,0.8081161379814148,52448000
2015-12-28,0.7995891328037412,0.8073852062225342,0.7883822155482885,0.8073852062225342,142024000
2015-12-29,0.807872679629805,0.8229776662536089,0.80568000622822,0.8205413818359375,203660000
2015-12-30,0.8198104363459195,0.8268756781143984,0.8132324746629076,0.8134760856628418,180344000
2015-12-31,0.8122579476422396,0.8159123448714614,0.8030000329017639,0.8030000329017639,148528000
2016-01-04,0.7866767730573525,0.7937419550716621,0.7805860348126471,0.7886257767677307,358076000
2016-01-05,0.8034872381856081,0.8146941559938093,0.7917930403522535,0.8012945652008057,490272000
2016-01-06,0.7881387957532481,0.7917932517033922,0.7591469915293291,0.7681612968444824,449344000
2016-01-07,0.7489144156541989,0.7540306529097975,0.7279623608357139,0.7377075552940369,645304000
2016-01-08,0.7472088317265592,0.7479397225763706,0.7204097135472642,0.7218714952468872,398472000
2016-01-11,0.7226024730753392,0.7282059315413211,0.7101773852185337,0.7230896949768066,409372000
2016-01-12,0.7360019871498779,0.7459907910039253,0.7301549178728657,0.7352710962295532,469356000
2016-01-13,0.7408747867786799,0.7457474138032977,0.7121266532727372,0.7128575444221497,481672000
2016-01-14,0.6982396788210294,0.7065230912912224,0.6777749038456716,0.6984833478927612,600236000
2016-01-15,0.6704661471915168,0.6785058917375466,0.6490268090402361,0.660477340221405,841452000
2016-01-19,0.6741204636582103,0.693123515054912,0.6631571558392522,0.6658371090888977,457140000
2016-01-20,0.6531684889043999,0.6780186137699807,0.6443978531821005,0.6694915890693665,481180000
2016-01-21,0.6768003566430096,0.6877636054001625,0.6629134858193761,0.6772875785827637,481456000
2016-01-22,0.6901998958077598,0.6977524168004621,0.6887381138036502,0.693123459815979,257996000
2016-01-25,0.6928798080583157,0.7009195505220772,0.6909307461390347,0.6923925280570984,270728000
2016-01-26,0.6938543703902178,0.7021377245330391,0.6867891292281202,0.6992141604423523,227944000
2016-01-27,0.6982396958863596,0.7004323690719649,0.6777749204108323,0.6909308433532715,231700000
2016-01-28,0.6965341394624186,0.698970423068908,0.6699786307260088,0.6833782196044922,276776000
2016-01-29,0.6892255129770518,0.7150501392285424,0.6865456175633166,0.7135883569717407,310504000
2016-02-01,0.7128574591008928,0.7174863583790052,0.7067667196133183,0.7138319611549377,289884000
2016-02-02,0.7065229975323553,0.7101773941818303,0.6787493158026422,0.683621883392334,341908000
2016-02-03,0.6889819408799243,0.6931236187844039,0.6711970579506622,0.6870328783988953,326772000
2016-02-04,0.6880072559291001,0.7028686295723326,0.680454792658339,0.6872764229774475,348140000
2016-02-05,0.6826475231150856,0.6901999870202825,0.6419615230233227,0.6439105272293091,600428000
2016-02-08,0.634165324188036,0.637332499258142,0.6054171375780253,0.6144314408302307,608852000
2016-02-09,0.6071224794555501,0.6468339080909842,0.604198915890504,0.6210092902183533,425372000
2016-02-10,0.6249074535284334,0.6429359434429325,0.616136819544582,0.6195476055145264,335800000
2016-02-11,0.6037116359000839,0.6227146829006355,0.6037116359000839,0.6163803339004517,340144000
2016-02-12,0.6261253171328781,0.6280743784006466,0.6029805993950225,0.6268562078475952,340816000
2016-02-16,0.6358707846485951,0.6585282925859394,0.63392178043826,0.6575537323951721,485352000
2016-02-17,0.6658370198894444,0.6802111120071171,0.6631570669988213,0.6738767623901367,771468000
2016-02-18,0.7291803261118673,0.754761330912765,0.7284494352816493,0.7318602204322815,1068660000
2016-02-19,0.7279623770109684,0.7481835993278476,0.7223589176635817,0.7416055798530579,525628000
2016-02-22,0.7523250143333644,0.7764442364102858,0.7508632327373858,0.7679172158241272,449668000
2016-02-23,0.7618266648718097,0.7771752580423027,0.7581722102666517,0.769866406917572,369380000
2016-02-24,0.7666992120738233,0.7764443466498614,0.7455034920939152,0.7752261757850647,336852000
2016-02-25,0.7781501129588514,0.780830008828125,0.7630451238803025,0.7769319415092468,349616000
2016-02-26,0.7805862331069148,0.7825352373124034,0.7640194650178633,0.7718155980110168,361964000
2016-02-29,0.7729158362962161,0.7829409750654464,0.7663139099557753,0.7668029069900513,323344000
2016-03-01,0.7687589742845073,0.8007906079292297,0.7675363652566414,0.8007906079292297,348700000
2016-03-02,0.796389346391743,0.8083706476154867,0.794922238764801,0.8054364323616028,233812000
2016-03-03,0.8044584369442545,0.8078816494511111,0.7875868146354694,0.7983455657958984,302004000
2016-03-04,0.8044584959528118,0.8051920498719767,0.7897875341639555,0.7959004640579224,175304000
2016-03-07,0.7914991970913854,0.7968785734505155,0.7804959458150088,0.790765643119812,239968000
2016-03-08,0.7826966021605398,0.7873424245150398,0.7738940128615173,0.7763391733169556,274940000
2016-03-09,0.7831856581832723,0.7844082092633361,0.7658249781280211,0.7758501768112183,222788000
2016-03-10,0.7804958797112845,0.7848972031679569,0.7589784926916173,0.7746275067329407,286084000
2016-03-11,0.7861197596937992,0.7880759228985162,0.7768281739373574,0.7878313660621643,277400000
2016-03-14,0.7841637155870615,0.7929663049477547,0.780495945729596,0.7897875905036926,190312000
2016-03-15,0.7856307622908942,0.7907655813938678,0.7719378530524121,0.7858752608299255,226216000
2016-03-16,0.7800067255464773,0.8120383593847559,0.7763389567379232,0.8093486428260803,363644000
2016-03-17,0.8064146618721173,0.8103268717244803,0.7914991431954078,0.8025023937225342,353680000
2016-03-18,0.8120381955875009,0.8374678404409361,0.8069033202912874,0.8267091512680054,545512000
2016-03-21,0.8193740288752798,0.829399168783409,0.8105714399889419,0.8291546702384949,337780000
2016-03-22,0.8264650700080807,0.8335559946916091,0.81741792363752,0.8276876211166382,242012000
2016-03-23,0.8313552199747375,0.8479822847321273,0.8276874508093056,0.8418694138526917,429008000
2016-03-24,0.834289377021731,0.8445590723878733,0.8315997184985181,0.8430919647216797,244956000
2016-03-28,0.8416248034034371,0.8553177102529913,0.8406467511207282,0.8516499996185303,265388000
2016-03-29,0.8479824143311108,0.8672991988611143,0.8460263093420668,0.8653430938720703,261812000
2016-03-30,0.8685215747735853,0.8863712466158196,0.8680325195091544,0.8743899464607239,376700000
2016-03-31,0.8783024517954342,0.8802585567890518,0.8643650433985474,0.8712114691734314,379884000
2016-04-01,0.8658319232028542,0.8844152084840937,0.8592299972725248,0.8839261531829834,348292000
2016-04-04,0.8912617485233063,0.8959075704462329,0.8719449652306078,0.8753681778907776,393940000
2016-04-05,0.8675438776978388,0.8822148420703012,0.8641206060398133,0.8741458058357239,339568000
2016-04-06,0.863142376749301,0.875857233255324,0.8467598090494443,0.8753681778907776,453376000
2016-04-07,0.8697443593681082,0.8775688959198268,0.8626534350589119,0.8663211464881897,378104000
2016-04-08,0.8734120717262732,0.8790359460726987,0.86338687399714,0.8719449639320374,255936000
2016-04-11,0.8770796071322222,0.8917506238370293,0.8743899489133241,0.8773241639137268,387524000
2016-04-12,0.8802585597164322,0.8814811690644259,0.8592301686276107,0.8763463497161865,292764000
2016-04-13,0.8802582760194714,0.8985970022484611,0.8802582760194714,0.8983525037765503,350716000
2016-04-14,0.8959074644504491,0.9047100518903122,0.8922396953933347,0.9007977843284607,416564000
2016-04-15,0.9005533493734362,0.9159578639059504,0.8976191339206847,0.9078888297080994,436972000
2016-04-18,0.9061772212231091,0.9061772212231091,0.8951739715996647,0.903976559638977,307320000
2016-04-19,0.907399763515251,0.9091113697431483,0.8822146088377101,0.8878384828567505,309152000
2016-04-20,0.886371376642619,0.8966410723245356,0.8853933242674876,0.8912616968154907,200172000
2016-04-21,0.8915063144666404,0.89566313963655,0.8863714950881255,0.8902837634086609,178280000
2016-04-22,0.8932177980804288,0.8993306687250929,0.8839261554163326,0.8868603706359863,223540000
2016-04-25,0.8871049304982712,0.8961520169883624,0.8846597704118353,0.8912616968154907,191972000
2016-04-26,0.8966410129196912,0.9069107079212134,0.8880829240355543,0.8919951915740967,214536000
2016-04-27,0.8897945417611299,0.9127790919884663,0.8880829356214153,0.9122900366783142,352396000
2016-04-28,0.9066661462497481,0.9120455213734949,0.8829481009398479,0.8851487040519714,381224000
2016-04-29,0.8814811046900686,0.8834372095473376,0.8592301058782387,0.8687662482261658,321904000
2016-05-02,0.8770798458308712,0.8856379363796725,0.8729230789805011,0.8802585601806641,256076000
2016-05-03,0.8702332965671565,0.8739010074982783,0.8621642625620317,0.8697442412376404,224024000
2016-05-04,0.8592301575294984,0.8599637114693752,0.8411359824717941,0.8499385714530945,525764000
2016-05-05,0.8570295556670725,0.865098590724125,0.848715963764773,0.8550733923912048,246884000
2016-05-06,0.8536062882199722,0.86607664697903,0.8518946817819097,0.8638759851455688,183240000
2016-05-09,0.8660765274710547,0.8697442383901687,0.8555623334471999,0.8626533150672913,333336000
2016-05-10,0.8680326403819633,0.880747496055635,0.8597191078094307,0.8792803883552551,269676000
2016-05-11,0.8819701065131024,0.8915061899849245,0.8770797280723635,0.881725549697876,328176000
2016-05-12,0.8880829707848916,0.8919952385293785,0.8540952285569068,0.8697442412376404,670540000
2016-05-13,0.958259186866849,1.0025166278740374,0.9536134232341086,1.0020276308059692,2110256000
2016-05-16,0.9944476058550283,1.046529641879368,0.9912688916835115,1.031614065170288,973032000
2016-05-17,1.0269680089956408,1.0411499702649025,1.0137641582462775,1.033814549446106,628392000
2016-05-18,1.0269681410873894,1.0722037471974264,1.0269681410873894,1.0602223873138428,541072000
2016-05-19,1.0560653292464133,1.0724480085207344,1.0545983384939435,1.0648679733276367,398880000
2016-05-20,1.0714705024245534,1.0883421881323707,1.0697588956535535,1.083940863609314,391084000
2016-05-23,1.0885863283435147,1.0927430363069812,1.0790501866469566,1.0856521129608154,413636000
2016-05-24,1.0889617665504503,1.115438168251661,1.086019931150625,1.1120059490203857,415788000
2016-05-25,1.115438312817759,1.1200960830910636,1.098522815525043,1.1073483228683472,458076000
2016-05-26,1.1093089585190326,1.1272049809466695,1.1061219908169666,1.1191149950027466,309964000
2016-05-27,1.1203410021961362,1.1269600722977016,1.116663650108556,1.1252440214157104,277416000
2016-05-31,1.1301470781064782,1.1477979712616193,1.1294115609056956,1.1453464031219482,412524000
2016-06-01,1.139953126839449,1.1585845538956248,1.1365210249316586,1.1475528478622437,387132000
2016-06-02,1.1536814467404037,1.165448785983371,1.1424044912306899,1.1556427478790283,329208000
2016-06-03,1.1443659653265865,1.1458367660570563,1.1193604825531953,1.1394628286361694,461076000
2016-06-06,1.1424050032689255,1.1512305116568389,1.1276959395196504,1.1335796117782593,322512000
2016-06-07,1.140443106870329,1.1468170422094068,1.1352949553034988,1.1357852220535278,193400000
2016-06-08,1.1360306997099052,1.1401983190397007,1.122792558269817,1.1321083307266235,234616000
2016-06-09,1.1281856073692715,1.163242134449537,1.1257340398518743,1.161526083946228,472168000
2016-06-10,1.1477977194852618,1.1580940228600367,1.13112736372497,1.1325982809066772,400024000
2016-06-13,1.1338243984198233,1.1693713208295293,1.1338243984198233,1.1470625400543213,475588000
2016-06-14,1.1443657276013635,1.1546620319590224,1.1316178554077734,1.1492687463760376,298344000
2016-06-15,1.1588300538821996,1.1710875466368298,1.1460821772513792,1.1610363721847534,301036000
2016-06-16,1.1524558576892232,1.1676551827110238,1.1411789014158864,1.165693998336792,246456000
2016-06-17,1.167164915355649,1.1674100487901755,1.1406885171743357,1.1453464031219482,471000000
2016-06-20,1.1637328938850127,1.180893404459589,1.1629973766334103,1.165939211845398,293768000
2016-06-21,1.1708424058439677,1.1740293749817934,1.1571138784436306,1.1588300466537476,212508000
2016-06-22,1.1612810555175173,1.1688807752316188,1.155887770147901,1.1578489542007446,202620000
2016-06-23,1.168880897880426,1.1899638916793653,1.168145380722693,1.1887381076812744,297880000
2016-06-24,1.1399525362163898,1.1610355205103284,1.1105344349081696,1.1210758686065674,1017684000
2016-06-27,1.11176080639542,1.120341179057102,1.0926389933512841,1.1090642213821411,449088000
2016-06-28,1.130147040635285,1.1313727077672793,1.1097994465805918,1.1252440214157104,381920000
2016-06-29,1.1350501304552156,1.1524558906813664,1.1321082953610486,1.1436303853988647,318932000
2016-06-30,1.1455919603770695,1.1595656233895717,1.1362763019326476,1.152456283569336,430940000
2016-07-01,1.1460820338311415,1.1610362268931542,1.1399532297721677,1.1438755989074707,218488000
2016-07-05,1.13750207577515,1.162752701586116,1.128431550008966,1.1607915163040161,371084000
2016-07-06,1.1527009601260094,1.1750097386381384,1.1468172902643317,1.1681454181671143,273104000
2016-07-07,1.175990233436579,1.2027117634607467,1.170596947506639,1.1985441446304321,395400000
2016-07-08,1.2112917003805703,1.252477143467723,1.2066338159304064,1.2465934753417969,481932000
2016-07-11,1.264489734535501,1.2845920762597816,1.2630188172267505,1.2752764225006104,448776000
2016-07-12,1.289495051262347,1.3061652894887594,1.273314962881547,1.2943980693817139,436760000
2016-07-13,1.2968500739185553,1.3042046626875696,1.2919470537049536,1.2939082384109497,324604000
2016-07-14,1.3007723714518102,1.31891353191966,1.2899856817884265,1.3071461915969849,316892000
2016-07-15,1.2904760894784282,1.2978306779825886,1.270864009330292,1.2919470071792603,428616000
2016-07-18,1.3078816361685868,1.3098428204810286,1.2936628453332837,1.2985658645629883,252992000
2016-07-19,1.2978304786831323,1.3171974223899428,1.2953789105924776,1.3120492696762085,382652000
2016-07-20,1.3164622849672434,1.3363196181588028,1.3110689972680676,1.3292101621627808,296460000
2016-07-21,1.3262680347166187,1.3304356539976325,1.3002820190392141,1.3046947717666626,361308000
2016-07-22,1.3093525193705244,1.340241551399231,1.2997916145881634,1.340241551399231,315768000
2016-07-25,1.3483322624193903,1.3681894829030765,1.3424485895809977,1.3650025129318237,312528000
2016-07-26,1.3770139291407055,1.3954002172210438,1.3750527453409787,1.3882908821105957,514508000
2016-07-27,1.4003035392743257,1.4027551072292705,1.3659824061854593,1.3743175268173218,446676000
2016-07-28,1.3775048647745798,1.3875560389139934,1.373092111409511,1.3772597312927246,221916000
2016-07-29,1.382407535728456,1.4034905295036386,1.3576473068603403,1.3998132944107056,409588000
2016-08-01,1.405697449152375,1.4108456034384351,1.381672612253526,1.3907431364059448,301120000
2016-08-02,1.3973619053123452,1.3980974225634126,1.360589315880871,1.3738274574279785,282748000
2016-08-03,1.372111419710407,1.3802014081675298,1.3645116981606211,1.3775047063827515,299828000
2016-08-04,1.3841241478503326,1.409374770694997,1.3814275622406962,1.403000831604004,272712000
2016-08-05,1.419180620500981,1.4275157435139774,1.4123164153017165,1.426780343055725,371588000
2016-08-08,1.4463923533637422,1.4498244557940807,1.4248189710912964,1.4400184154510498,305064000
2016-08-09,1.4471275278818139,1.457669083898454,1.4400181906569474,1.4436954259872437,372344000
2016-08-10,1.4564435853664728,1.4586499036177707,1.4297220483809792,1.4343799352645874,375740000
2016-08-11,1.4419794502612602,1.4696815171958386,1.43903761508468,1.463552713394165,681064000
2016-08-12,1.5174858477128506,1.5537681650768191,1.4863516827846512,1.5454330444335938,1425744000
2016-08-15,1.5471493281155504,1.5567102341769845,1.5231244962353223,1.5439623594284058,573304000
2016-08-16,1.5417563269657484,1.544207778849801,1.5299891007483823,1.534646987915039,287652000
2016-08-17,1.5346470164705708,1.5380791193104466,1.4870876099243266,1.4990999698638916,595212000
2016-08-18,1.496893539923279,1.5248407444640213,1.4910098686948166,1.52238929271698,331684000
2016-08-19,1.5216533926085158,1.5378333675196538,1.5150343225900682,1.5263112783432007,291560000
2016-08-22,1.5309687526098024,1.5348912370203058,1.5128275982905768,1.5326848030090332,244748000
2016-08-23,1.548280893748058,1.5551577460177082,1.5406671689565987,1.5450880527496338,339764000
2016-08-24,1.5504915312336602,1.5512282867079774,1.5141422342438244,1.521264672279358,298448000
2016-08-25,1.5217556856480225,1.5224924409896539,1.492283363956041,1.5111947059631348,406032000
2016-08-26,1.5151248077680017,1.5320713560984458,1.5030901972002542,1.5234752893447876,300024000
2016-08-29,1.5296152020009983,1.5357551820172122,1.5200366785870574,1.5224926471710205,274652000
2016-08-30,1.520527626520314,1.5286325207535778,1.5094754767272098,1.5136507749557495,285544000
2016-08-31,1.5165984279385418,1.5207736101485887,1.502107848565915,1.506528615951538,388544000
2016-09-01,1.5077564476065628,1.5566314040744127,1.5065284047881855,1.5509825944900513,428492000
2016-09-02,1.5541752072845214,1.555894420132701,1.5183172054652458,1.535754919052124,323148000
2016-09-06,1.5411588813831438,1.5502461194992065,1.533299569287739,1.5502461194992065,306812000
2016-09-07,1.5453337901183883,1.552947515659883,1.5185631338117869,1.52740478515625,397988000
2016-09-08,1.5259311368836437,1.5409130026077478,1.5084934195861075,1.538456916809082,315808000
2016-09-09,1.5215102295474425,1.530106294825007,1.4490573447433825,1.4618287086486816,697760000
2016-09-12,1.4424262935379462,1.4949852678336306,1.4077962078848354,1.4920380115509033,598260000
2016-09-13,1.488354136337276,1.5055463881558038,1.4620746467778143,1.4704251289367676,471768000
2016-09-14,1.4738633060633668,1.4883538840665953,1.461583228656677,1.4834418296813965,319048000
2016-09-15,1.4858981099917086,1.541404343523624,1.4824595660704785,1.5396851301193237,515212000
2016-09-16,1.545087910075102,1.5534383895046744,1.5256852807398087,1.5433686971664429,902444000
2016-09-19,1.5595786637692368,1.6028048107573765,1.552456226208101,1.5637539625167847,417128000
2016-09-20,1.5816829242218968,1.5816829242218968,1.5409128639560041,1.5495089292526245,331112000
2016-09-21,1.554175943601567,1.5959284761741905,1.553930358380133,1.592981219291687,336212000
2016-09-22,1.6023139384676566,1.607225993553979,1.5878233583961103,1.5969105958938599,308732000
2016-09-23,1.5988751301623538,1.6035414818353357,1.5880685647055985,1.5951910018920898,276132000
2016-09-26,1.5770166522549547,1.5865951764013453,1.5603156898465602,1.580209493637085,230040000
2016-09-27,1.5740694751686228,1.636698263017439,1.573332719633842,1.6342421770095825,402752000
2016-09-28,1.6366982919682818,1.6413647617756504,1.619260455764457,1.64013671875,319788000
2016-09-29,1.6374351480989877,1.6605219133713807,1.6222078118284886,1.6553641557693481,336684000
2016-09-30,1.6644516411305939,1.6993273184122495,1.6546275297776911,1.68287193775177,429932000
2016-10-03,1.6828715548933284,1.707186242526993,1.678205085495439,1.6811522245407104,242596000
2016-10-04,1.6836085173065176,1.7118528052137567,1.6649426374207623,1.6774684190750122,281624000
2016-10-05,1.6917133910395974,1.708905642430113,1.6705915424177455,1.6757491827011108,305440000
2016-10-06,1.6556097038682511,1.6659249838862293,1.627365300737281,1.6538904905319214,360212000
2016-10-07,1.6649424813031555,1.6693633656688198,1.6371893663807364,1.6418558359146118,286260000
2016-10-10,1.6504519176089198,1.6592936864219123,1.6325229119250786,1.647995948791504,287876000
2016-10-11,1.6425923807758527,1.6450483490805312,1.6116463135036732,1.6241720914840698,388540000
2016-10-12,1.617541364817247,1.640136842904068,1.6040332418504484,1.6315407752990723,419920000
2016-10-13,1.6123835378189044,1.6160675496361252,1.5644909157445361,1.6050153970718384,390116000
2016-10-14,1.6246633342535135,1.6357154848994728,1.6111552151932322,1.6207337379455566,330636000
2016-10-17,1.6204880755158377,1.6357154068735607,1.6091903402786243,1.6114007234573364,195328000
2016-10-18,1.6337507915389742,1.6452941131856988,1.6271195241485708,1.6359611749649048,269372000
2016-10-19,1.6249092131131009,1.6401365468522986,1.6165586151039812,1.6325228214263916,199060000
2016-10-20,1.651679693256079,1.668871940645985,1.6283474662600537,1.663468599319458,312084000
2016-10-21,1.6575742281057828,1.6617494096120329,1.6430836511757856,1.6588022708892822,279508000
2016-10-24,1.6700998488406191,1.738623013522911,1.6698541466170806,1.7366582155227661,339836000
2016-10-25,1.7337113932724857,1.7757095026679155,1.7253609118503892,1.7651485204696655,397460000
2016-10-26,1.7504121999294155,1.791673550126174,1.7486929867639351,1.772270917892456,333792000
2016-10-27,1.7857789146930392,1.789217340786452,1.7287990647930735,1.7359215021133423,388664000
2016-10-28,1.7442722662743055,1.770797337026611,1.7297816880007935,1.7329745292663574,290856000
2016-10-31,1.7386237070260782,1.7592543870382635,1.737641249077825,1.7477110624313354,252388000
2016-11-01,1.7540967888930281,1.7636753149486042,1.6772229952335544,1.695888876914978,473224000
2016-11-02,1.7089053883213938,1.731992032126004,1.6858186274041695,1.6887658834457397,295848000
2016-11-03,1.6966252173811296,1.698098845422351,1.636698106451052,1.6691176891326904,309664000
2016-11-04,1.6580653564183168,1.68802896716943,1.635224299941186,1.659538984298706,328780000
2016-11-07,1.708168417970028,1.7614642574808743,1.7069403751709045,1.750412106513977,487580000
2016-11-08,1.7570438859328543,1.7626928141881875,1.7315012675173271,1.7477110624313354,429884000
2016-11-09,1.700309347937536,1.7413251165825494,1.6877836843793699,1.718238353729248,456532000
2016-11-10,1.7558153441679165,1.756060929290699,1.6396451489846189,1.664451003074646,869280000
2016-11-11,1.9527895901376833,2.18021788993007,1.9279836101731296,2.160569667816162,2175344000
2016-11-14,2.163517046827138,2.1659731332865033,2.0537326054168337,2.0542237758636475,1348796000
2016-11-15,2.070186884594065,2.1477973996777946,2.061345118081629,2.116851568222046,626092000
2016-11-16,2.145096947565658,2.273301573795736,2.1207822528435427,2.250460624694824,987984000
2016-11-17,2.2671610228220116,2.3280705955180396,2.226390839502222,2.2691259384155273,832988000
2016-11-18,2.2691261559501665,2.3167729628519083,2.2546355754564016,2.292949676513672,576060000
2016-11-21,2.3108784880174777,2.317264170985581,2.2693714316121825,2.283616542816162,436436000
2016-11-22,2.2914754124622965,2.30228186125354,2.268879940098631,2.3000714778900146,330368000
2016-11-23,2.30523717741466,2.3428706618902813,2.2818701314228718,2.3113865852355957,443236000
2016-11-25,2.3224550706031333,2.339181036097256,2.2976118406186155,2.3160598278045654,195564000
2016-11-28,2.3089267273381306,2.330326149609626,2.3022854140792948,2.3148300647735596,278736000
2016-11-29,2.312124129078461,2.3229469920887627,2.275966599397766,2.2936763763427734,444568000
2016-11-30,2.3022849439731132,2.3160594733684485,2.265389444399286,2.2678492069244385,440500000
2016-12-01,2.265389794381926,2.2671115815003606,2.0850933488844428,2.155686855316162,1035524000
2016-12-02,2.121497396668663,2.1842199565453724,2.0937027267810793,2.1756110191345215,478292000
2016-12-05,2.2134902760371364,2.277934621424825,2.189139181858732,2.259978771209717,602284000
2016-12-06,2.2680950760475986,2.305482716341283,2.2523529240595144,2.297119617462158,498796000
2016-12-07,2.2835926204439105,2.344101263795092,2.265390696106794,2.3384439945220947,480804000
2016-12-08,2.3413949152989337,2.376568636203618,2.288757251724002,2.2993338108062744,381544000
2016-12-09,2.3170442095528685,2.31876599709267,2.2312004335919706,2.2585031986236572,382312000
2016-12-12,2.2100469112123107,2.2125066747956397,2.153227686062824,2.2036516666412354,601332000
2016-12-13,2.215949825492061,2.2700634410794005,2.214966014077576,2.2425146102905273,387796000
2016-12-14,2.2762124571013977,2.388621230889203,2.252353272628307,2.372387170791626,983980000
2016-12-15,2.383455507456011,2.458230795617796,2.376076453599585,2.427976369857788,746548000
2016-12-16,2.455525686760714,2.4769251134575607,2.403871825382681,2.469792127609253,1089528000
2016-12-19,2.452328134287639,2.5199699881871207,2.435110024444749,2.499800443649292,744656000
2016-12-20,2.5723610212793213,2.6104864051407506,2.561046253511378,2.5868732929229736,848056000
2016-12-21,2.5984342348638245,2.6060593595450476,2.5509619341389573,2.6031076908111572,576136000
2016-12-22,2.6274593126824293,2.677883292326866,2.6203260922532867,2.6345925331115723,718612000
2016-12-23,2.6166355897027116,2.7017415974503396,2.6139299914431335,2.700265645980835,647692000
2016-12-27,2.756347764473548,2.8867121707183148,2.7356860810280015,2.885728359222412,1194272000
2016-12-28,2.9418095018336468,2.9499265328375466,2.6734555729737886,2.687229871749878,2295764000
2016-12-29,2.5802325664679837,2.7423273540804516,2.5285787104900077,2.740851402282715,2175368000
2016-12-30,2.738883741355182,2.7529041103596503,2.61466851240196,2.625491142272949,1212932000
2017-01-03,2.5679332768267114,2.616389614846364,2.44445605608568,2.5091464519500732,1501996000
2017-01-04,2.5433366601693703,2.5949905081166054,2.497340079223391,2.567687749862671,1199220000
2017-01-05,2.5711314271248455,2.6028615722033566,2.485533504587961,2.5025055408477783,984296000
2017-01-06,2.5298086433596483,2.5642446262342946,2.4892234867390743,2.5359580516815186,822856000
2017-01-09,2.5457962327826964,2.6564829745176217,2.5457962327826964,2.638772964477539,916248000
2017-01-10,2.65180953895212,2.6857533732513637,2.5981878373808738,2.618849515914917,880920000
2017-01-11,2.6072891638935953,2.612208455253865,2.561784487287583,2.58662748336792,525664000
2017-01-12,2.5637523826738877,2.5753129873046032,2.4995538818778806,2.544320583343506,625616000
2017-01-13,2.5482565670688433,2.582692552212353,2.5349741726247936,2.5440752506256104,457820000
2017-01-17,2.5334985008139856,2.5384177933080756,2.4737276074534376,2.4870100021362305,580612000
2017-01-18,2.46560955449923,2.5391547178811065,2.4378148948752294,2.5322675704956055,654424000
2017-01-19,2.5352197040447653,2.6186036982253516,2.5330060112038484,2.58662748336792,644872000
2017-01-20,2.6092573885337527,2.626967404498405,2.5364501706594136,2.5583415031433105,492024000
2017-01-23,2.5531754805409395,2.60482932855618,2.5507157176411894,2.5849056243896484,369904000
2017-01-24,2.594991135262594,2.646153089910302,2.5802327888926944,2.6400036811828613,428052000
2017-01-25,2.6823104855582245,2.688459893959086,2.6154066111036545,2.651318311691284,522760000
2017-01-26,2.654023069143716,2.7044470291633727,2.6245066219060544,2.697067975997925,458800000
2017-01-27,2.703956034605218,2.7521663183762977,2.6773912465984466,2.7492146492004395,471996000
2017-01-30,2.7283065250454235,2.7305202177929897,2.6542694456049754,2.7061691284179688,496004000
2017-01-31,2.679850269317658,2.706906955612821,2.66140228342344,2.6855075359344482,362756000
2017-02-01,2.719943153183032,2.8070167794378063,2.7022333783973207,2.802835464477539,590004000
2017-02-02,2.786848094522404,2.8468650540611793,2.7563478262820076,2.8382558822631836,483240000
2017-02-03,2.839731616303163,2.850800316047078,2.8016062252829723,2.813412666320801,372744000
2017-02-06,2.8040661593416534,2.885974455459737,2.8040661593416534,2.8854825496673584,506768000
2017-02-07,2.9196721812307898,2.9742777066636155,2.8999945439943047,2.930248975753784,746224000
2017-02-08,2.9122926959847173,2.934675928799721,2.8626064699079588,2.9174580574035645,449580000
2017-02-09,2.9236070433631984,2.9285265689197137,2.8434207941446434,2.8626062870025635,842568000
2017-02-10,2.949926876230002,2.968866539251836,2.7696303858093962,2.7947194576263428,1651092000
2017-02-13,2.7890618020379416,2.8035740775941367,2.661402991177167,2.665830612182617,1180724000
2017-02-14,2.6562376293592855,2.7093674394038962,2.6144225901354146,2.6756694316864014,850632000
2017-02-15,2.6786205745956937,2.70075773697465,2.65057984050942,2.6810801029205322,373020000
2017-02-16,2.690673440564517,2.6919033221776854,2.598926336490382,2.638035774230957,647176000
2017-02-17,2.624506880721197,2.641970821443127,2.5775264898508476,2.637543201446533,563740000
2017-02-21,2.662140530488657,2.735931777858841,2.661894460360288,2.7319962978363037,551952000
2017-02-22,2.7440634978135288,2.753422203984601,2.7088451593546186,2.727808952331543,433772000
2017-02-23,2.59826622261599,2.620185183323722,2.4549306454263533,2.474879264831543,1592888000
2017-02-24,2.3906504250915286,2.51206700687691,2.3569098959544026,2.498767852783203,1029904000
2017-02-27,2.5169923887817833,2.586443543196861,2.5012303696891904,2.571420431137085,715400000
2017-02-28,2.581025692384673,2.5908771613927484,2.4820208245473925,2.499260425567627,625360000
2017-03-01,2.556151194154126,2.5704356354819806,2.4901479527934924,2.5315232276916504,504804000
2017-03-02,2.5187173964429546,2.5327554615470076,2.4354742938962595,2.438183307647705,754332000
2017-03-03,2.427592664922795,2.4325181643344616,2.36971646145013,2.424144744873047,864692000
2017-03-06,2.387941474078011,2.4160175972668774,2.343857183376024,2.4054274559020996,883568000
2017-03-07,2.4054283997452792,2.451236668536365,2.3926217667609286,2.4317803382873535,603400000
2017-03-08,2.4800510476773274,2.4948280196774317,2.4251304577269446,2.42734694480896,638712000
2017-03-09,2.411338254085188,2.4492653767794295,2.398777771874124,2.426853895187378,478060000
2017-03-10,2.453206463658558,2.4650278057918507,2.4229138487365125,2.441138505935669,499740000
2017-03-13,2.4514828020882304,2.5182249744164813,2.4507438947173297,2.508373737335205,774136000
2017-03-14,2.521179605242259,2.530538077993127,2.474386067128181,2.5066490173339844,522016000
2017-03-15,2.5182239880794843,2.5364486403620106,2.4706915470359947,2.5256123542785645,615036000
2017-03-16,2.53620282156962,2.5571367242259133,2.522164759571124,2.5566439628601074,523100000
2017-03-17,2.5741302288646555,2.6135354060505707,2.556644244610251,2.6123039722442627,1119688000
2017-03-20,2.6297899904360813,2.699487547643091,2.613781585619469,2.695546865463257,748568000
2017-03-21,2.67830684004042,2.7081069231789536,2.6004820197567367,2.608362913131714,913484000
2017-03-22,2.5972807640589384,2.666239651785733,2.593340316584492,2.661560297012329,616764000
2017-03-23,2.653678059882324,2.673626904526082,2.62781866392921,2.637423515319824,533940000
2017-03-24,2.6837251803874778,2.69160607399549,2.6209234727172857,2.646782875061035,439500000
2017-03-27,2.6002361023902445,2.6699336610431588,2.5509799228403383,2.6659932136535645,506644000
2017-03-28,2.6672250101352892,2.6817556026934795,2.641858127064422,2.6522018909454346,432444000
2017-03-29,2.659589798473687,2.671903901615715,2.64136514190571,2.6435816287994385,349992000
2017-03-30,2.6507236626285504,2.7090924045068174,2.645059254940107,2.6943154335021973,525532000
2017-03-31,2.6847107911527397,2.706383605385506,2.6696876731167554,2.6827404499053955,440808000
2017-04-03,2.6832330004973897,2.7004726042867815,2.6455517831303115,2.6691949367523193,445232000
2017-04-04,2.5465470107707486,2.571667745156867,2.4711850424843904,2.4820213317871094,1271280000
2017-04-05,2.4633037100857216,2.5211799232172014,2.450497080657409,2.463550090789795,747048000
2017-04-06,2.468721891571607,2.493596242380354,2.4236523093317857,2.4815285205841064,635120000
2017-04-07,2.4879319013319914,2.505417885059701,2.455915327948296,2.4709384441375732,429068000
2017-04-10,2.4716770788560987,2.4783265386303523,2.403703492444902,2.4078903198242188,756332000
2017-04-11,2.377844310084594,2.43572052755176,2.3729188094819387,2.416510581970215,618148000
2017-04-12,2.4165099938041656,2.4307942004343586,2.391389265716094,2.3965611457824707,414092000
2017-04-13,2.372425971953983,2.3940985475602243,2.351738214492798,2.351738214492798,506892000
2017-04-17,2.3645443189088478,2.4440930867579578,2.3593724394083093,2.4438469409942627,497292000
2017-04-18,2.4295631130769184,2.4514823049067753,2.403703709060082,2.4453251361846924,370116000
2017-04-19,2.462810721487885,2.4869461613358403,2.4482801344731557,2.454929828643799,380828000
2017-04-20,2.4694607776958026,2.4985219559857987,2.448280493405277,2.493842601776123,404016000
2017-04-21,2.4834993431664096,2.506896121164708,2.4716779986557205,2.5041871070861816,341896000
2017-04-24,2.535709478884399,2.548516104276336,2.5147758158991715,2.535463333129883,371820000
2017-04-25,2.5499944180038687,2.5940787085073245,2.528567989566946,2.5795481204986572,388440000
2017-04-26,2.5930931568458986,2.5955557887595533,2.559845159856572,2.5618155002593994,327004000
2017-04-27,2.5692040877535467,2.6100865995157867,2.5512255814348435,2.601713180541992,319700000
2017-04-28,2.59481802085429,2.6017138623593685,2.5630475919419107,2.5687122344970703,348248000
2017-05-01,2.5795487433183135,2.6315141746236863,2.572406520490901,2.6263420581817627,307732000
2017-05-02,2.5994973622605433,2.6007287960762104,2.5258591232643695,2.5485169887542725,629972000
2017-05-03,2.5416204539495495,2.577084939601566,2.526843721936496,2.5674800872802734,336904000
2017-05-04,2.573637755333926,2.584720424947022,2.5497484557177845,2.5576295852661133,209788000
2017-05-05,2.5460540543608263,2.565017616157093,2.5305381780191967,2.557875394821167,228428000
2017-05-08,2.5696971654518155,2.571174745044671,2.519702082044593,2.5310311317443848,365240000
2017-05-09,2.5366960535950946,2.5842282791150213,2.528322396254828,2.5352182388305664,847672000
2017-05-10,2.814746561581942,3.000196286790456,2.8080971017814176,2.9871432781219482,2129096000
2017-05-11,2.9566049024707577,3.212244733816736,2.9531569817891117,3.1154561042785645,1939792000
2017-05-12,3.1186574389481483,3.1918029050630983,3.0977235371048293,3.149688720703125,962620000
2017-05-15,3.1908181002633813,3.3102643524987374,3.186384891902223,3.3078014850616455,1087540000
2017-05-16,3.358781986202735,3.3848880080895847,3.284405307436322,3.3693721294403076,1120700000
2017-05-17,3.302629558184894,3.3213469746499116,3.141315501262564,3.1455023288726807,1271368000
2017-05-18,3.1893402471947496,3.2861288694259905,3.129001404949158,3.2772626876831055,1156032000
2017-05-19,3.378344164916682,3.40768235370232,3.333720398880428,3.3529505729675293,1018372000
2017-05-22,3.3965887178959764,3.4387470285648796,3.385740781197584,3.424447774887085,836608000
2017-05-23,3.4441713852842555,3.446390206866603,3.345801669138686,3.378345012664795,681248000
2017-05-24,3.475234763322068,3.4779468648983247,3.404231074114113,3.416311740875244,815996000
2017-05-25,3.4515669891013774,3.452306674551503,3.363798584545197,3.4086689949035645,608228000
2017-05-26,3.4005330786977535,3.5817402566336582,3.380316812794464,3.4969303607940674,779140000
2017-05-30,3.5427865304355315,3.6066404689891876,3.526761503316545,3.571631908416748,989652000
2017-05-31,3.6165026750790763,3.624145464777477,3.5021079400433868,3.558812379837036,887316000
2017-06-01,3.574589692354118,3.57557601774403,3.5136942684360175,3.5590577125549316,503340000
2017-06-02,3.5560995067070698,3.582232782038283,3.535390198560589,3.541307210922241,487456000
2017-06-05,3.5250364710663,3.6618663010794443,3.5134490834452854,3.6490461826324463,817376000
2017-06-06,3.644361141632944,3.6904642774354706,3.6192141903945796,3.6325273513793945,758728000
2017-06-07,3.656934811807027,3.6951485185639883,3.641402830016917,3.6764113903045654,612612000
2017-06-08,3.7834099996465405,3.9446475373302308,3.7422377861185647,3.9431684017181396,1161744000
2017-06-09,4.061508561185832,4.154207656831671,3.5193656601801893,3.688246011734009,3692928000
2017-06-12,3.5965325130376598,3.7400190145561973,3.503586789949396,3.6973674297332764,1697532000
2017-06-13,3.8065850591265993,3.815707219011461,3.590862130547796,3.7326231002807617,1672504000
2017-06-14,3.73558168342812,3.798202897645878,3.6611264426951515,3.7405123710632324,1184640000
2017-06-15,3.6231587164922225,3.78686147698821,3.611817736544497,3.7565371990203857,963824000
2017-06-16,3.766153060184017,3.8139819821565193,3.704024883710563,3.7380473613739014,924960000
2017-06-19,3.782177570386992,3.8837524143273754,3.7784796135025065,3.878575086593628,778176000
2017-06-20,3.920732489795966,3.9875449248042503,3.8687125842725787,3.87290358543396,1095444000
2017-06-21,3.9005175276089514,3.935279689574897,3.8386357584099504,3.931581497192383,682652000
2017-06-22,3.9397177872430063,3.9530311873095636,3.880548113006823,3.9044625759124756,469132000
2017-06-23,3.912104742758777,3.927883367062651,3.7774935084634222,3.7925326824188232,1088588000
2017-06-26,3.82532103778316,3.860822870797346,3.6569340298517665,3.751112461090088,1063960000
2017-06-27,3.7336087130082625,3.742237591428163,3.6081196630174825,3.6137900352478027,999492000
2017-06-28,3.681342130297252,3.7459357504914252,3.5933271009381897,3.7412514686584473,994948000
2017-06-29,3.712900165368525,3.7158584370447887,3.5521556483239505,3.6162562370300293,1064424000
2017-06-30,3.6335144466131974,3.6470742515095416,3.537856832126741,3.5639901161193848,731060000
2017-07-03,3.5760696175737685,3.5908619144048175,3.416557853152628,3.4350483417510986,709072000
2017-07-05,3.498409435323804,3.5556069152935326,3.4794259004335344,3.526761770248413,820188000
2017-07-06,3.497669968457925,3.5842056383027625,3.445649816431922,3.537362813949585,746284000
2017-07-07,3.5940668603958397,3.6364718027947545,3.571138495932102,3.61822772026062,654972000
2017-07-10,3.69169690496112,3.7967230542961623,3.665563628924915,3.7893269062042236,958492000
2017-07-11,3.7930253945813677,3.850715918498617,3.7511134935822885,3.8430731296539307,757956000
2017-07-12,3.902735437994072,4.018609284166019,3.859837450895551,4.006528854370117,1145208000
2017-07-13,4.018609781247791,4.0999681237807755,3.913830261553631,3.9601798057556152,1369132000
2017-07-14,3.976452043177156,4.068165054223206,3.9695489385951275,4.066686153411865,941948000
2017-07-17,4.100707012508297,4.129552387059989,3.9877914453789183,4.049426555633545,930792000
2017-07-18,3.9885323639354753,4.106132484092921,3.976698336345437,4.091586589813232,776640000
2017-07-19,4.100706868864145,4.127086781652957,4.058302166542235,4.070382595062256,687044000
2017-07-20,4.0908460892615714,4.12979924622593,4.041044997461201,4.129552841186523,699596000
2017-07-21,4.109091027409969,4.173931308112767,4.094791537273834,4.144346237182617,648332000
2017-07-24,4.151495382262104,4.16111035204074,4.085669024142947,4.0962700843811035,652524000
2017-07-25,4.073340093100854,4.090844720051024,4.032907578955617,4.076545238494873,496556000
2017-07-26,4.133990423259096,4.189462121833369,4.088873379053538,4.123635768890381,640404000
2017-07-27,4.148536138274292,4.160123757807409,3.88449128748743,3.9875452518463135,782856000
2017-07-28,3.9517963648684185,4.0772856348946735,3.9268960580777983,4.052877902984619,513348000
2017-07-31,4.066438193290225,4.1024330776482305,3.9599329108716357,4.006528854370117,559672000
2017-08-01,3.997160537931892,4.057069880558753,3.9693017202164262,4.055344104766846,431384000
2017-08-02,4.0864077925157725,4.090352153468697,3.975957691778552,4.052877902984619,478444000
2017-08-03,4.052385261440039,4.108103359243933,4.03537391096739,4.104405403137207,442420000
2017-08-04,4.127087191564323,4.192913542453255,4.1044057027706895,4.122403144836426,589096000
2017-08-07,4.15149453776515,4.249617336987724,4.141879099703831,4.249124526977539,717412000
2017-08-08,4.287093378615998,4.3036114553880305,4.159385467099917,4.198585510253906,755336000
2017-08-09,4.152481502096911,4.245673869641281,4.133744372517521,4.243208408355713,530784000
2017-08-10,4.244442386207858,4.256769696940887,4.051401355492976,4.061509609222412,1328088000
2017-08-11,3.874137593291156,3.9199940971363216,3.769851107732093,3.845045804977417,1497196000
2017-08-14,3.936512093213958,4.155439938462175,3.9249247068549793,4.151741981506348,1279020000
2017-08-15,4.156919681721959,4.183052728297874,4.082464434131405,4.116733551025391,764532000
2017-08-16,4.131771912736308,4.15519308801055,4.039319236840992,4.071615695953369,596632000
2017-08-17,4.063233741140348,4.080244623660912,3.9786702576695623,3.980888843536377,525444000
2017-08-18,4.03512721103813,4.052138560267455,3.93577121641075,3.9816277027130127,601204000
2017-08-21,4.006036901985634,4.017377648881827,3.879808139558585,3.923692226409912,623672000
2017-08-22,3.960212121234989,4.016966248418415,3.9409650141570314,4.011044025421143,450456000
2017-08-23,3.977731688520714,4.102344037148433,3.9690947417578593,4.091239929199219,579520000
2017-08-24,4.123317332641135,4.127759351406601,4.04978399021053,4.076186656951904,469700000
2017-08-25,4.100369547249984,4.110486695181089,4.035718825794448,4.042134761810303,357200000
2017-08-28,4.061135861021363,4.073967265100088,4.005615317348737,4.070759296417236,389496000
2017-08-29,4.012030501412811,4.085810943349243,4.003887270231886,4.064095973968506,324096000
2017-08-30,4.083837227371453,4.099383355759798,4.053486248552185,4.0882792472839355,384400000
2017-08-31,4.108512497308293,4.1850071945553555,4.101110073135981,4.18105936050415,612684000
2017-09-01,4.193645373682579,4.241763027562376,4.185008425187449,4.2062296867370605,445432000
2017-09-05,4.154902648327941,4.159837911314532,4.035965916658152,4.093953609466553,695364000
2017-09-06,4.126772202983144,4.140590561210384,4.0566929828428275,4.091485500335693,397672000
2017-09-07,4.108265974556037,4.142811876601377,4.070265482306162,4.11048698425293,352868000
2017-09-08,4.098889548180518,4.113694868928455,4.014991946187767,4.0391740798950195,498856000
2017-09-11,4.084824920035346,4.180813597246549,4.079395941120961,4.170202732086182,567444000
2017-09-12,4.194877052429539,4.194877052429539,4.120109662159092,4.185253620147705,411488000
2017-09-13,4.160084444846371,4.232877925067333,4.127759555472201,4.204007625579834,580960000
2017-09-14,4.165023222152232,4.258051076292994,4.140594450384361,4.180075645446777,513712000
2017-09-15,4.265450921166393,4.444350242614746,4.260269035104378,4.444350242614746,1364792000
2017-09-18,4.568467531433733,4.718002772117724,4.561558352778251,4.627935886383057,1684460000
2017-09-19,4.577598667174815,4.684691429164592,4.5556370758134035,4.623002052307129,874280000
2017-09-20,4.626703838446828,4.674081146439339,4.545520491706357,4.585741996765137,724920000
2017-09-21,4.482104117027129,4.508260639988848,4.3826608525460555,4.460389614105225,1075600000
2017-09-22,4.449039946445701,4.498638279534807,4.407091133271735,4.416961193084717,491232000
2017-09-25,4.386114104183552,4.387348155146531,4.198825455860749,4.219552993774414,874580000
2017-09-26,4.354037696855157,4.409064532840637,4.203515419514735,4.243243217468262,1125620000
2017-09-27,4.333553219175612,4.349592580820538,4.262733688494737,4.336267471313477,713720000
2017-09-28,4.343426138397221,4.347374443620587,4.28765897453844,4.335036754608154,435244000
2017-09-29,4.418933008502954,4.434971905191483,4.373776252156311,4.411283493041992,619092000
2017-10-02,4.4613776388751285,4.49049504483526,4.367609952714213,4.416961193084717,503480000
2017-10-03,4.4231284173264385,4.455947495502793,4.381919956113937,4.426089763641357,390332000
2017-10-04,4.432259077523877,4.485311988315735,4.395738783234437,4.463103771209717,427848000
2017-10-05,4.487532038540155,4.490986628433252,4.430777456600264,4.460635185241699,437364000
2017-10-06,4.432999599030392,4.487039470734371,4.416960225862189,4.473714351654053,318800000
2017-10-09,4.5104818137742,4.6077045525628355,4.491728184255044,4.574638843536377,563492000
2017-10-10,4.723680517653766,4.761187777227535,4.620782646523738,4.661991119384766,974876000
2017-10-11,4.678522207209927,4.71306857897507,4.632625577253638,4.711587905883789,529508000
2017-10-12,4.715043070828581,4.764641389559843,4.686666009933324,4.713809490203857,528292000
2017-10-13,4.775991534980275,4.8117714872007,4.729107946538963,4.80165433883667,628728000
2017-10-16,4.831514047738074,4.887034604839877,4.768343970739899,4.884073257446289,576640000
2017-10-17,4.863343620254945,4.908006668825775,4.84508371156119,4.879629611968994,478596000
2017-10-18,4.888514326515958,4.889254192567472,4.770317430217601,4.875435829162598,567316000
2017-10-19,4.7979539723186315,4.8857994136257155,4.748849365587751,4.88086462020874,570772000
2017-10-20,4.897890955677958,4.925033966777259,4.849772836939612,4.858656406402588,451620000
2017-10-23,4.880370239666877,4.906773381119188,4.8315122616098165,4.851746559143066,428696000
2017-10-24,4.860877597490025,4.904307079985378,4.834968163609026,4.9025797843933105,407244000
2017-10-25,4.863096899908881,4.915903178594694,4.717263313963376,4.778705596923828,828160000
2017-10-26,4.806342981512302,4.840395168035618,4.782407472703444,4.828797817230225,322744000
2017-10-27,4.880864040723219,4.981294252288455,4.854954142760017,4.981047630310059,572192000
2017-10-30,4.9810473431084725,5.085425382920258,4.965254595001695,5.029905319213867,504056000
2017-10-31,5.061737718778116,5.1298425725651375,5.056062118190584,5.1031928062438965,411908000
2017-11-01,5.165868763585285,5.181167798233534,5.04865884259544,5.112815856933594,502576000
2017-11-02,5.083206270887511,5.127869332876632,5.0252180886505835,5.081725597381592,342308000
2017-11-03,5.112816895637146,5.14958381652832,5.0669202530208235,5.14958381652832,353640000
2017-11-06,5.112817453982868,5.181416038692662,5.100479761878591,5.172779560089111,389944000
2017-11-07,5.195480052078543,5.2534682242757045,5.183388985396631,5.23199987411499,427700000
2017-11-08,5.227557565489611,5.231259248075691,5.11380271815011,5.161180019378662,522988000
2017-11-09,5.0651912662464555,5.091347312526664,4.9442801487197015,5.06642484664917,978564000
2017-11-10,5.2579096705055335,5.395847135690715,5.222129715141216,5.3334174156188965,1253256000
2017-11-13,5.333417522576677,5.358833236559161,5.231506632697949,5.246805667877197,582376000
2017-11-14,5.255934905067065,5.300351333272847,5.212258813418393,5.285052299499512,529292000
2017-11-15,5.230025482309857,5.231259533456734,5.127621357791847,5.1814141273498535,501948000
2017-11-16,5.255442335399168,5.285546692219255,5.212753196798798,5.2216362953186035,441768000
2017-11-17,5.278637513278716,5.313923756026012,5.200415509912734,5.21546745300293,515664000
2017-11-20,5.231013859378572,5.294677643418057,5.194246938064573,5.282586574554443,396100000
2017-11-21,5.322315114450929,5.3427960418951415,5.290483453318601,5.331198215484619,399176000
2017-11-22,5.358359259350775,5.358359259350775,5.274650158608363,5.307244777679443,356640000
2017-11-24,5.323541324645499,5.358358491793912,5.299095128354143,5.357370376586914,180752000
2017-11-27,5.366014192224124,5.367248629963366,5.284527172043773,5.2877373695373535,422896000
2017-11-28,5.292921377164338,5.302304702692142,5.142047788870571,5.203039169311523,512752000
2017-11-29,5.185754483332419,5.188470622521679,4.722021874427324,4.850178241729736,1396788000
2017-11-30,4.918825384343876,5.004756565350237,4.855858700600845,4.956111431121826,823768000
2017-12-01,4.921542276935536,4.941790637594679,4.752642822128657,4.881292819976807,811548000
2017-12-04,4.9398137459395,4.9459873468586295,4.555839600338682,4.609176158905029,1240844000
2017-12-05,4.50398499760678,4.758322042474608,4.459044114595156,4.635845184326172,981488000
2017-12-06,4.585471052136598,4.695107578798248,4.564235050733378,4.673377990722656,467032000
2017-12-07,4.740049515972733,4.780546239178378,4.694614570041799,4.740790367126465,542600000
2017-12-08,4.790667528963127,4.809681443024563,4.720046034378989,4.7284417152404785,466876000
2017-12-11,4.742518183932446,4.809683184158977,4.726714931514254,4.806719779968262,372748000
2017-12-12,4.763260014025102,4.7864713030833475,4.688934247785812,4.712392330169678,455016000
2017-12-13,4.753382020939242,4.754616458388995,4.58991490318919,4.597322940826416,554280000
2017-12-14,4.590902913340465,4.675352853610898,4.558308298705478,4.6044840812683105,438164000
2017-12-15,4.648437872128234,4.7504195592405765,4.583495434913486,4.730171203613281,670036000
2017-12-18,4.770668021901644,4.889687882002822,4.741036806785302,4.886724948883057,477704000
2017-12-19,4.877341701368436,4.882527187648366,4.8141277506400355,4.842524528503418,373100000
2017-12-20,4.881784605806349,4.890920666405373,4.804001868205076,4.859560966491699,288820000
2017-12-21,4.863020311197797,4.887960101443575,4.8286971915643235,4.837092876434326,300904000
2017-12-22,4.800300742202443,4.831166872670088,4.7225179615496415,4.821783542633057,466276000
2017-12-26,4.766469589690461,4.88302008893235,4.7365911139468935,4.875365257263184,355080000
2017-12-27,4.862032832162393,4.937839849997559,4.847464015326145,4.868699550628662,329488000
2017-12-28,4.8924044879063056,4.923270614664793,4.868205550027107,4.874378681182861,240248000
2017-12-29,4.90055400373004,4.90055400373004,4.778077125549316,4.778077125549316,279964000
2018-01-02,4.834375485622499,4.926233475649677,4.802768982234694,4.922529220581055,355616000
2018-01-03,5.0398209418013105,5.276873030919499,5.031178464326242,5.246500492095947,914704000
2018-01-04,5.327740403287896,5.384287169511591,5.251932921727809,5.27415657043457,583268000
2018-01-05,5.288971564597203,5.356136083669661,5.212176454343494,5.318850040435791,580124000
2018-01-08,5.442315792766725,5.555902915184677,5.397374436356182,5.4818243980407715,881216000
2018-01-09,5.487253982945219,5.5267625688132735,5.398853486741986,5.480340003967285,497000000
2018-01-10,5.3879915576518975,5.526765745443234,5.333667338604159,5.523308753967285,582664000
2018-01-11,5.555900802128249,5.587260975240034,5.511700313636926,5.533183574676514,406032000
2018-01-12,5.521333074143963,5.555656193077837,5.4655271567039865,5.506023406982422,359916000
2018-01-16,5.532443747287633,5.617880865788269,5.350704010135814,5.435153484344482,702348000
2018-01-17,5.449721845317526,5.558864301690892,5.355889051648854,5.54898738861084,538408000
2018-01-18,5.529728423194506,5.596399373698795,5.498615501351067,5.542075157165527,408632000
2018-01-19,5.632203082211665,5.706281587472886,5.605288008141734,5.682082653045654,609380000
2018-01-22,5.689984119368288,5.7722115122356215,5.6324497178900605,5.770483016967773,550944000
2018-01-23,5.823819060815665,5.922096960023161,5.80529967214981,5.899379730224609,475228000
2018-01-24,5.902589462007986,5.938394272835507,5.767025521047098,5.822584629058838,579972000
2018-01-25,5.876909417809855,5.9201222710314765,5.821350775207208,5.8361663818359375,409884000
2018-01-26,5.879873476482648,6.008770257563276,5.867033157046664,6.008523464202881,516356000
2018-01-29,5.993952772771819,6.126553767643767,5.9413570737122265,6.09544038772583,455116000
2018-01-30,5.9537038376780185,6.084823142037893,5.887032909160199,5.993459224700928,570832000
2018-01-31,6.068773423608203,6.155198660306278,6.036178805971639,6.069514274597168,478576000
2018-02-01,5.889749150422555,6.096675919910666,5.878390535502139,5.93864107131958,519224000
2018-02-02,5.8522161029264055,5.876168240398628,5.708256484793646,5.766284465789795,718464000
2018-02-05,5.605288673745596,5.759125246137221,5.062044667389918,5.2768731117248535,1165204000
2018-02-06,5.047228245708797,5.57318674114251,5.037350860903087,5.570223808288574,1114800000
2018-02-07,5.668994251809078,5.8020888318594785,5.597878695706052,5.649733543395996,802932000
2018-02-08,5.77517587039458,5.80826407928095,5.370952820335988,5.371200084686279,1144000000
2018-02-09,5.883082013651636,5.898885261891157,5.37119834714765,5.730726718902588,1674604000
2018-02-12,5.811718991146549,5.814682394452114,5.556641649624317,5.630720138549805,1093172000
2018-02-13,5.594422971878374,5.790484735326262,5.562075147582211,5.744308948516846,625524000
2018-02-14,5.704060460728907,5.990251293100123,5.692948635980887,5.961360454559326,744988000
2018-02-15,6.044573933257524,6.132974450475771,5.963828247581664,6.086798667907715,698900000
2018-02-16,6.059636730440942,6.173223822708572,6.011979246602118,6.021115779876709,637656000
2018-02-20,6.043587059178459,6.219400471784907,6.0398828041022865,6.15050745010376,686240000
2018-02-21,6.2149551508922505,6.22186913163197,5.959877301517261,5.963581085205078,892292000
2018-02-22,5.997431811097101,6.0690854684715605,5.917624200039191,5.983100891113281,534364000
2018-02-23,6.042895850210012,6.076498985290527,5.992243965221742,6.076498985290527,415300000
2018-02-26,6.122703811875432,6.127151209647181,6.030294831831411,6.092559814453125,469312000
2018-02-27,6.0658720292919295,6.15012749118597,6.056730290704812,6.079709053039551,455436000
2018-02-28,6.090582207639398,6.130115361349495,5.967782295909265,5.979395389556885,523116000
2018-03-01,5.9771714232388495,6.031035498043806,5.636444803216449,5.737501621246338,1040120000
2018-03-02,5.630021487082701,5.8509134836762,5.481524950920731,5.844489097595215,913428000
2018-03-05,5.794331316354615,5.862031957639764,5.671037022574234,5.822498798370361,620776000
2018-03-06,5.907740731198539,6.002620574471278,5.864748442124549,5.9833478927612305,636808000
2018-03-07,5.880561610998472,6.02757595760045,5.879326406215545,5.9754414558410645,581208000
2018-03-08,6.002867703637452,6.002867703637452,5.9149061354144825,5.959134101867676,411912000
2018-03-09,6.006573419720669,6.0745209900779376,5.9905134019466875,6.061673164367676,505524000
2018-03-12,6.102935194168098,6.251184250486144,6.094781241583587,6.1711297035217285,605060000
2018-03-13,6.21387633344253,6.288248295020169,6.0792163846093725,6.120479106903076,619772000
2018-03-14,6.163471980336942,6.190651202145571,6.083664355888642,6.145929336547852,505496000
2018-03-15,6.159518045344583,6.241796067659434,6.118749218602539,6.16075325012207,401952000
2018-03-16,6.177060458869331,6.2079457611636775,6.1395038257144074,6.188920497894287,399456000
2018-03-19,6.132093400894383,6.1610017240680195,5.85585517097443,5.95468807220459,713772000
2018-03-20,5.9576503786214134,6.205474076206681,5.9576503786214134,6.166682243347168,554696000
2018-03-21,6.160259724929546,6.226478209071581,6.111090462200979,6.141481876373291,438688000
2018-03-22,6.078227407471712,6.124678832896503,5.938378766555672,5.9756879806518555,551196000
2018-03-23,5.989279408286088,5.991750289700514,5.745162168319159,5.756280899047852,735620000
2018-03-26,5.880561753784872,6.041906553384697,5.828674668740064,6.040671348571777,611424000
2018-03-27,6.121467837896956,6.177061485521125,5.432108021174442,5.572203636169434,1409000000
2018-03-28,5.537859467379129,5.667824617577534,5.361689827086438,5.469170570373535,945904000
2018-03-29,5.537366184719388,5.81879316004205,5.45311114338713,5.722184181213379,916628000
2018-04-02,5.651763826874527,5.79778944981991,5.37404303062302,5.461757183074951,922092000
2018-04-03,5.628537141413006,5.691542944931062,5.46916888314603,5.568001747131348,667432000
2018-04-04,5.312520520781163,5.600371849956054,5.2875652305798555,5.589994430541992,789168000
2018-04-05,5.648303170583296,5.661398411873821,5.398502971848293,5.46990966796875,701240000
2018-04-06,5.367370911236592,5.475345988736697,5.264584541555635,5.293740272521973,662988000
2018-04-09,5.3567469184188905,5.484488578032637,5.30238848463379,5.322402477264404,499524000
2018-04-10,5.552436272948301,5.658187426207416,5.495360010454197,5.631255626678467,761676000
2018-04-11,5.616432343880295,5.657695074771193,5.557379549162812,5.589994430541992,460244000
2018-04-12,5.682895919574601,5.81434367122385,5.638667953244426,5.796553611755371,593920000
2018-04-13,5.860053907226452,5.868454808084226,5.671777305690125,5.719958305358887,503036000
2018-04-16,5.726630059112489,5.75306796845744,5.625573237199884,5.719711780548096,350792000
2018-04-17,5.771846152597597,5.890445614871483,5.716252507384096,5.86919641494751,447224000
2018-04-18,5.818789638198108,5.911445527158411,5.751336445108874,5.840285778045654,391364000
2018-04-19,5.726136636882171,5.759492830281805,5.603831065689306,5.659177303314209,471996000
2018-04-20,5.650527592750426,5.734782597827774,5.619889708986493,5.651021957397461,386200000
2018-04-23,5.668811872382748,5.719957640441089,5.5057375211040105,5.531681060791016,427508000
2018-04-24,5.557377269794424,5.6532448866715415,5.400232948627083,5.465462684631348,414596000
2018-04-25,5.43581313300979,5.4748523883524705,5.196143359985117,5.353287696838379,588492000
2018-04-26,5.514880154243845,5.572944680228743,5.4489090917317045,5.564790725708008,375824000
2018-04-27,5.670542920771416,5.69030949968004,5.549966459538119,5.592217445373535,400848000
2018-04-30,5.608524912038657,5.65818854193356,5.537612551386115,5.556884765625,327844000
2018-05-01,5.548730126055674,5.614948128368746,5.490171241475929,5.61223030090332,253788000
2018-05-02,5.608770757760308,5.653245194599308,5.565531054308875,5.591722011566162,268248000
2018-05-03,5.62359615167403,5.782964431798426,5.57837992758132,5.756773471832275,443144000
2018-05-04,5.728111633202851,5.909964301493581,5.710815939958727,5.906752109527588,400660000
2018-05-07,6.011268108792078,6.2015216788325995,6.00138458611721,6.144445419311523,687616000
2018-05-08,6.144693033340903,6.189662312359762,6.0957707218406165,6.186944484710693,506616000
2018-05-09,6.206957904466042,6.322098220839707,6.179778685882466,6.319874286651611,596760000
2018-05-10,6.372750852816729,6.436497985127587,6.354960791030304,6.427356243133545,994080000
2018-05-11,6.245750776113595,6.418955643960541,6.190404542976496,6.288990020751953,1214456000
2018-05-14,6.3270395144221085,6.386833602372193,6.28577679618445,6.3094964027404785,523140000
2018-05-15,6.245994147116381,6.248712444885251,5.967038264029162,6.06735372543335,963528000
2018-05-16,6.028810429912492,6.140491591104779,5.991995111059349,6.078474044799805,553828000
2018-05-17,6.080204642737312,6.214123280156427,6.064144152159315,6.120479106903076,519784000
2018-05-18,6.172366186643895,6.23561894338696,6.071803271734639,6.07674503326416,483716000
2018-05-21,6.174095676278785,6.177801761741882,5.942085018079283,6.034740924835205,640624000
2018-05-22,6.0480829794787345,6.073285206388353,5.936154402750137,5.996689796447754,518264000
2018-05-23,5.940567719184721,6.12129688402957,5.939825949406634,6.120060443878174,442956000
2018-05-24,6.1163520518220045,6.16604638276045,6.063196442969986,6.1237688064575195,437372000
2018-05-25,6.136378382604383,6.17939726015594,6.100776731775564,6.163079738616943,292112000
2018-05-29,6.145031066439956,6.214009995996872,6.099292684366807,6.14601993560791,352684000
2018-05-30,6.17964394129472,6.263456374843187,6.154920327342823,6.25480318069458,390996000
2018-05-31,6.222910456179272,6.309442876795593,6.212279522885315,6.235024929046631,493868000
2018-06-01,6.279774161543991,6.375454443154054,6.271120967026768,6.3692731857299805,421968000
2018-06-04,6.403391812062183,6.570028289938037,6.371251442413983,6.548024654388428,642024000
2018-06-05,6.551239579835776,6.591044753875298,6.506490059090202,6.553464889526367,391712000
2018-06-06,6.463470886733961,6.558656512108603,6.4471533644287025,6.5554423332214355,371356000
2018-06-07,6.551735124930243,6.563602501736681,6.409574645858088,6.499815940856934,369448000
2018-06-08,6.427127439991888,6.527010312038009,6.408337508734217,6.484486103057861,360456000
2018-06-11,6.471877203081521,6.513412544338041,6.4305889612666265,6.443445205688477,265372000
2018-06-12,6.469900615413379,6.50401873541634,6.419711597569327,6.491904258728027,319160000
2018-06-13,6.493386194154102,6.568298345834007,6.478304641110039,6.487452507019043,338208000
2018-06-14,6.532450519907455,6.655573484370887,6.517616064187925,6.59895658493042,430016000
2018-06-15,6.541844213493508,6.613047988906187,6.510939808543376,6.558161735534668,432260000
2018-06-18,6.5141537228346875,6.571512382860502,6.486958168246381,6.553958892822266,356268000
2018-06-19,6.450861045769104,6.518109337887466,6.3049927016297485,6.432318687438965,594932000
2018-06-20,6.473359734758297,6.538135145663278,6.435038106902227,6.485227108001709,369780000
2018-06-21,6.5171193742457705,6.535414630096947,6.348999379528706,6.356663703918457,359516000
2018-06-22,6.377433949599994,6.390784865735962,6.189040884725308,6.204369068145752,434160000
2018-06-25,6.09805530411177,6.101763680524054,5.823377032731739,5.911887168884277,665816000
2018-06-26,6.025124807036734,6.073335617795449,5.9314222231854385,5.982847213745117,478884000
2018-06-27,6.026358153449965,6.092617101969401,5.8223889196307805,5.827828407287598,453892000
2018-06-28,5.817939364650027,5.966775268239401,5.810275038522449,5.9549078941345215,338012000
2018-06-29,6.019932320220563,6.032540995603692,5.855767725120782,5.857004165649414,392300000
2018-07-02,5.787530620051878,5.992735878357603,5.767010047064919,5.989027500152588,357572000
2018-07-03,6.0236393295648005,6.0295730166874435,5.847113198684711,5.8555192947387695,222732000
2018-07-05,5.910652695618231,6.00608541765982,5.871836865355554,6.00114107131958,306216000
2018-07-06,5.9766650814098945,6.123275691441566,5.955402739792998,6.114869594573975,296352000
2018-07-09,6.189040085660409,6.198682150756022,6.083717724780583,6.1623382568359375,303880000
2018-07-10,6.174699481208446,6.28323553498429,6.134400115458975,6.261231899261475,360016000
2018-07-11,6.168518424251351,6.203131201326417,6.109181561317353,6.119812965393066,367508000
2018-07-12,6.165057776067518,6.259254053520863,6.155168140714099,6.21129035949707,345508000
2018-07-13,6.229833456417124,6.229833456417124,6.122038689961179,6.164068698883057,246988000
2018-07-16,6.136377811431885,6.189286319689047,6.124016239608383,6.136377811431885,197036000
2018-07-17,6.08718009722832,6.287193448983059,6.061714704120097,6.272111892700195,362136000
2018-07-18,6.264693790411804,6.278538903205476,6.171980577328074,6.2229108810424805,277640000
2018-07-19,6.2041206336081025,6.2646934705515,6.18903955289805,6.231069087982178,235752000
2018-07-20,6.228597638674499,6.267413469753372,6.192006645604569,6.202885150909424,222352000
2018-07-23,6.176431310870159,6.178161950133588,6.014739146335825,6.166294574737549,301584000
2018-07-24,6.214257376922752,6.30078979914946,6.131433332134808,6.148987293243408,354620000
2018-07-25,6.158383304050002,6.239723823051808,6.1005299654223775,6.227114677429199,319112000
2018-07-26,6.207088315757086,6.337380924614669,6.190276122839303,6.300542831420898,325124000
2018-07-27,6.337135248919278,6.3440578071903815,6.176926596026475,6.230823993682861,295420000
2018-07-30,6.244915885311409,6.250849573296613,6.00089432266595,6.035754680633545,340340000
2018-07-31,6.025369543202064,6.12846658338702,5.986553716003607,6.053801536560059,283988000
2018-08-01,6.085200847788866,6.140334197694458,6.029819926903251,6.093606472015381,283556000
2018-08-02,6.02240420083108,6.200166339106687,5.963562458766129,6.196210861206055,269668000
2018-08-03,6.220685533246548,6.256534755260272,6.203873812770747,6.232800006866455,214288000
2018-08-06,6.22019135556885,6.283977902639579,6.173711199442598,6.280516624450684,207508000
2018-08-07,6.329222590857342,6.371252602861012,6.3025212324926825,6.352709770202637,258132000
2018-08-08,6.3539473088183485,6.4340513977582106,6.319086947158015,6.389054298400879,262100000
2018-08-09,6.406853724259384,6.409573232602088,6.332930442341758,6.34059476852417,204280000
2018-08-10,6.258761346011126,6.331695773648009,6.247635739369436,6.299307823181152,256396000
2018-08-13,6.30796013430305,6.452840099767012,6.306229495103313,6.332189083099365,375208000
2018-08-14,6.437510873299413,6.477563142330335,6.354439727543762,6.463470458984375,466220000
2018-08-15,6.484238341164835,6.51810982494344,6.326749711256938,6.405370712280273,591136000
2018-08-16,6.475090509203012,6.477562917977438,6.304745175685963,6.364823341369629,801260000
2018-08-17,6.253569115273911,6.254310885221484,6.02586507548696,6.05281400680542,1143188000
2018-08-20,6.012268473517121,6.259997982877513,5.90200126479305,6.1274800300598145,854388000
2018-08-21,6.143795354500337,6.267412965369303,6.124016555623853,6.262962818145752,673988000
2018-08-22,6.23032651709831,6.502779499075176,6.22686523978364,6.4978346824646,749856000
2018-08-23,6.45926778484295,6.662495277887314,6.445422671676492,6.597225189208984,720684000
2018-08-24,6.605631467323773,6.744824844240702,6.601181319621181,6.73023796081543,531512000
2018-08-27,6.759905786011847,6.895390782287352,6.728507181744651,6.821220397949219,505776000
2018-08-28,6.815285601111715,6.83803147745245,6.6637302066621995,6.783639430999756,475384000
2018-08-29,6.7759733641336055,6.91400625458893,6.755194330947645,6.889021873474121,420108000
2018-08-30,6.857852383301976,6.968922064318232,6.835341765555251,6.872200012207031,346608000
2018-08-31,6.852161580332045,6.95605718709204,6.842266535963625,6.9431939125061035,306592000
2018-09-04,6.930085003777478,7.055501850537219,6.901637450444376,7.01790189743042,391720000
2018-09-05,7.0003365746425885,7.035710463506061,6.806398036419235,6.8872880935668945,393156000
2018-09-06,6.870961991910118,6.873435753245805,6.713387216582884,6.7462873458862305,322796000
2018-09-07,6.654265481017739,6.850430552376574,6.6094914867958945,6.725013732910156,295420000
2018-09-10,6.747525608084543,6.825694686641503,6.703741015834612,6.7960100173950195,220140000
2018-09-11,6.749750576286906,6.837319746683039,6.728971547071906,6.748266696929932,243112000
2018-09-12,6.708439905373068,6.727982290265793,6.479127459547784,6.634476184844971,419092000
2018-09-13,6.700276708044495,6.8026879738979895,6.682960850511504,6.712150573730469,305536000
2018-09-14,6.802441158943348,6.90411025548557,6.765582914854368,6.838062286376953,386936000
2018-09-17,6.812583141273332,6.8615624842390135,6.7569246897619335,6.776219367980957,205528000
2018-09-18,6.780178095532601,6.882836607123447,6.697556439574552,6.704235076904297,299520000
2018-09-19,6.685681810783271,6.745792842653954,6.635713058791179,6.727982044219971,224860000
2018-09-20,6.606028262505605,6.648328495095606,6.5330539563080166,6.586980819702148,430584000
2018-09-21,6.598855352257606,6.64437152628743,6.4838280364211505,6.516975402832031,435128000
2018-09-24,6.486053978745938,6.57609691499487,6.3989797450026416,6.572633743286133,293912000
2018-09-25,6.63868143865924,6.664655225404641,6.5530910878733595,6.6396708488464355,280388000
2018-09-26,6.644618053395329,6.684939465478431,6.586980784311211,6.60281229019165,268548000
2018-09-27,6.637938801426124,6.659212770347407,6.583270235767039,6.614686012268066,214428000
2018-09-28,6.746535538948417,6.973868701782201,6.718582458478351,6.951605319976807,709396000
2018-10-01,7.029278557813436,7.224700961294527,6.990688734959713,7.15791130065918,622060000
2018-10-02,7.130455469167495,7.24201915535807,7.064407490874187,7.086670875549316,383964000
2018-10-03,7.156923661777549,7.164344947205839,6.988959339767103,7.092854976654053,320552000
2018-10-04,7.056737088541114,7.0809792874879465,6.831877246390793,6.908809661865234,391220000
2018-10-05,6.884071917439042,6.946161760422033,6.618148512444637,6.675538539886475,426636000
2018-10-08,6.592422694508517,6.707697231251956,6.43361080939942,6.57436466217041,408612000
2018-10-09,6.55383295047159,6.648328460251058,6.500895969321754,6.568675518035889,273500000
2018-10-10,6.462801444779352,6.508565326266384,6.075419251687974,6.077645778656006,684940000
2018-10-11,5.990570932922012,6.123903989627401,5.794901256217261,5.816422462463379,725436000
2018-10-12,6.073193065888216,6.1728833434684125,5.928233848839464,6.098671913146973,608236000
2018-10-15,6.0853130926397165,6.0853130926397165,5.8216161998223575,5.822605609893799,449760000
2018-10-16,5.935159483401088,6.092239782889113,5.8859329088283365,6.081108093261719,408712000
2018-10-17,6.143197197421929,6.181292549564624,5.963606305902995,6.012585639953613,329668000
2018-10-18,6.081850186742388,6.120192305746902,5.864906095134859,5.925264358520508,524020000
2018-10-19,5.980427798795011,5.999969708399224,5.632624932339949,5.668988227844238,613608000
2018-10-22,5.721183733792063,5.821121227799391,5.617040893137295,5.719699382781982,368844000
2018-10-23,5.452788075499012,5.5457997249829,5.360766308179031,5.468372821807861,626436000
2018-10-24,5.430028780507337,5.476534356991268,4.918961436491268,4.932814121246338,884288000
2018-10-25,4.835349841273153,5.188594678123856,4.791070324510031,5.1413469314575195,951720000
2018-10-26,4.905604828482797,5.06713775446874,4.777219746039156,4.9051103591918945,664784000
2018-10-29,5.0461110963584925,5.049574268414846,4.353968323409663,4.591691493988037,758016000
2018-10-30,4.614696653597426,5.031515796486237,4.5916910961498605,5.021620750427246,807192000
2018-10-31,5.186121330841789,5.258848395218674,5.046604134189498,5.215311050415039,745772000
2018-11-01,5.251673706897508,5.404796334635334,5.125267506272403,5.3953962326049805,566528000
2018-11-02,5.385997012579226,5.491624206588815,5.199974233183098,5.31648588180542,452960000
2018-11-05,5.3033763051890865,5.326629571616042,5.078021938042721,5.238565444946289,379332000
2018-11-06,5.230649442131772,5.314755451588281,5.183896148686008,5.221002101898193,299012000
2018-11-07,5.287545230834331,5.378082654915124,5.223971010344911,5.288534641265869,483812000
2018-11-08,5.229410942305845,5.230153117792413,5.042151527072607,5.095583915710449,511352000
2018-11-09,5.006777418100709,5.177957615027754,4.973135119078118,5.087667465209961,413240000
2018-11-12,4.996389398433703,5.018405546787777,4.666891707906829,4.688660621643066,617116000
2018-11-13,4.786371907222003,5.051552728895751,4.7801872674293575,4.9303412437438965,644712000
2018-11-14,5.103253536316122,5.117601165900112,4.77004589296523,4.877899169921875,526580000
2018-11-15,4.871962006307089,5.078516622728389,4.836093169949229,5.006531715393066,840708000
2018-11-16,4.04005532435077,4.221625092561433,3.9977546126045596,4.067513465881348,1963520000
2018-11-19,4.002207133571936,4.002948837344284,3.5777192599394287,3.579450845718384,1697820000
2018-11-20,3.316248565605062,3.8159367939608377,3.297695827476737,3.6877989768981934,1692032000
2018-11-21,3.8248420159858147,3.8416631675883193,3.5524871817661805,3.579697847366333,1025496000
2018-11-23,3.5450668048617975,3.7004153109840536,3.5322035272180106,3.5868723392486572,411968000
2018-11-26,3.707836190930004,3.7963947733887093,3.6254617760851735,3.7860052585601807,814832000
2018-11-27,3.760030521513061,3.883963208046904,3.7241619315247965,3.802825689315796,738060000
2018-11-28,3.920327568871796,3.964854334256061,3.78798438943622,3.9596595764160156,804524000
2018-11-29,3.961888178171767,3.9990307853833524,3.8663077052187442,3.896517038345337,549172000
2018-11-30,3.9061752762825863,4.057469944424394,3.8559087869972437,4.046822547912598,729564000
2018-12-03,4.273886762475256,4.325391352126382,4.143639451874544,4.210496425628662,890804000
2018-12-04,4.165924821161724,4.17087729419902,3.875221360444782,3.8903262615203857,812112000
2018-12-06,3.7499260669261663,3.924496694353743,3.7343262048398436,3.9195444583892822,692308000
2018-12-07,3.9237544176548105,3.9339068454543518,3.6058130711508896,3.6550889015197754,681676000
2018-12-10,3.6102699118874186,3.785088276464206,3.6065555573984267,3.760326385498047,629472000
2018-12-11,3.8519445824182545,3.8601159724816876,3.5904601003883942,3.669450283050537,671912000
2018-12-12,3.6751462375945487,3.7831076499447813,3.5860038455252448,3.6870319843292236,654136000
2018-12-13,3.7338310937601453,3.797964097788894,3.6508790730952585,3.6867835521698,471384000
2018-12-14,3.6451839667390646,3.728878911987021,3.6028414121564096,3.6263651847839355,471820000
2018-12-17,3.596403238237289,3.6684599180415702,3.497355914046392,3.5552985668182373,662868000
2018-12-18,3.5991271888681555,3.722440974942913,3.5718892969335556,3.638498544692993,564372000
2018-12-19,3.604822500604131,3.6583081228484264,3.3782520555774735,3.4297566413879395,745364000
2018-12-20,3.421338281378698,3.511223601928458,3.285643523188255,3.3453195095062256,749588000
2018-12-21,3.3718135142772416,3.4047467940180467,3.1809000985336753,3.208385705947876,863740000
2018-12-24,3.13211952945496,3.2185381893953644,3.082843468010501,3.146728992462158,463840000
2018-12-26,3.1927860386286473,3.2967856023218456,3.081853202175488,3.295795202255249,695100000
2018-12-27,3.2435481147353684,3.277967000968328,3.0996819782329377,3.2480051517486572,637044000
2018-12-28,3.2685569568075237,3.4020231610470932,3.226709603672185,3.3094139099121094,628728000
2018-12-31,3.352747375093456,3.385185222164874,3.2749952987569935,3.3057000637054443,465140000
2019-01-02,3.2348827531360764,3.429015197381744,3.220273282078163,3.373053550720215,508752000
2019-01-03,3.3128810650449374,3.3468047509537686,3.161834173940892,3.169262647628784,705552000
2019-01-04,3.242310091713328,3.4104426909025465,3.211605559520312,3.372309684753418,585620000
2019-01-07,3.429509287207385,3.587737169145705,3.3782521814495134,3.550842046737671,709160000
2019-01-08,3.63230781142824,3.6345365657870636,3.389889803420566,3.462441921234131,786016000
2019-01-09,3.5136993844836737,3.577832640427813,3.4631854305185543,3.5305376052856445,617260000
2019-01-10,3.5112237468369347,3.604823190418427,3.4508048397329176,3.596156597137451,523156000
2019-01-11,3.5738699331062063,3.7080790587125985,3.5461368423942865,3.685298204421997,874764000
2019-01-14,3.633051529019275,3.750422463429063,3.6095277512792596,3.725165367126465,730168000
2019-01-15,3.757850825452581,3.797222187221913,3.692727404157881,3.7110512256622314,617012000
2019-01-16,3.7382888658650337,3.7712219153154525,3.680098722595817,3.6855461597442627,470104000
2019-01-17,3.6526127323510096,3.7967263343986897,3.6253746048394815,3.75685977935791,493436000
2019-01-18,3.8066306453246095,3.9118683175463644,3.7551260682234333,3.8858683109283447,651336000
2019-01-22,3.85566005430992,3.8672980837653896,3.653603762135762,3.6838130950927734,661552000
2019-01-23,3.739031926253848,3.827679121889104,3.6654893966310533,3.6966891288757324,591020000
2019-01-24,3.7811270421483245,3.9259833480829425,3.776422286838493,3.908402681350708,708972000
2019-01-25,3.8489734559844364,3.983677543834256,3.7464597309960763,3.9656014442443848,1154572000
2019-01-28,3.3812228913100077,3.5072603788243772,3.2437950957291846,3.417375087738037,2511528000
2019-01-29,3.3713183594934417,3.4196040207088623,3.2440427472905946,3.2586522102355957,1153932000
2019-01-30,3.3346716185944336,3.4163855399650047,3.255186215779982,3.4020237922668457,974228000
2019-01-31,3.398804447009973,3.595165565429852,3.3770139904824843,3.5595085620880127,842852000
2019-02-01,3.5780794122343567,3.6347839467533984,3.530536904544244,3.5837745666503906,625048000
2019-02-04,3.599622847127747,3.7311080411348154,3.5775849071350003,3.693965435028076,528592000
2019-02-05,3.7058505391601373,3.749678932348677,3.672174573691517,3.713031530380249,542424000
2019-02-06,3.7462130588822213,3.852936604217907,3.7407656209787006,3.788555860519409,702464000
2019-02-07,3.7422505305478992,3.7444790489285333,3.6075464299573263,3.6503841876983643,637120000
2019-02-08,3.5832798133270645,3.679603194977889,3.5689180664556606,3.6689558029174805,461604000
2019-02-11,3.624879348540675,3.679107648481847,3.57807952137513,3.6263651847839355,495180000
2019-02-12,3.664746075053052,3.7588409338348012,3.6503840927126143,3.7432408332824707,591060000
2019-02-13,3.7727075881158356,3.8586310580795686,3.7590885235415303,3.785583734512329,605372000
2019-02-14,3.784592980517605,3.8546688609684834,3.7415072724366327,3.8264403343200684,827264000
2019-02-15,4.034936009095594,4.057716634678168,3.87324145806416,3.896022319793701,1516748000
2019-02-19,3.8853736497137206,3.9591638895349415,3.8663071487243155,3.878687858581543,551892000
2019-02-20,3.9079075629097284,3.993088129381964,3.896764969055961,3.9259836673736572,540988000
2019-02-21,3.938611744491741,3.9631256834479633,3.8425358444025264,3.857145309448242,448548000
2019-02-22,3.908897822960406,3.960649894447038,3.8952787573494283,3.94183087348938,401740000
2019-02-25,4.025278707547542,4.092630651065868,3.9207836827699745,3.929450511932373,656020000
2019-02-26,3.924745387991044,3.9807070143369634,3.856650296415104,3.8900787830352783,488464000
2019-02-27,3.875716927918622,3.9022119038952963,3.791279054489746,3.848231315612793,500256000
2019-02-28,3.8420345503860722,3.86434317592044,3.8013834557961195,3.8236918449401855,324944000
2019-03-01,3.8735143122949323,3.9201144040319287,3.8152641976236867,3.877976179122925,357188000
2019-03-04,3.916396067248157,3.9392004003948013,3.829640364654736,3.886155605316162,409992000
2019-03-05,3.870540632171086,3.917884417795232,3.816256426001872,3.8797121047973633,362924000
2019-03-06,3.8707875372597664,3.8792150871425233,3.766185074620006,3.768911600112915,403524000
2019-03-07,3.7453636217638,3.7550308023781716,3.6536505745820045,3.6997549533843994,450104000
2019-03-08,3.610520703719502,3.7446201836708006,3.589203500745577,3.733961582183838,422416000
2019-03-11,3.7575092789922193,4.017032220525099,3.7104132468627493,3.9942281246185303,859728000
2019-03-12,4.021990761412275,4.074787593786374,3.9458936443828994,4.028435707092285,579576000
2019-03-13,4.065863269613638,4.208885994672627,4.058426904875303,4.1796369552612305,768900000
2019-03-14,4.188808493413833,4.200706488078726,4.096103797162113,4.103787899017334,519384000
2019-03-15,4.1469166662238965,4.251767066098481,4.143446458106266,4.209133148193359,661484000
2019-03-18,4.240614882158362,4.294403607702958,4.16079958269572,4.1878180503845215,486992000
2019-03-19,4.282256503132672,4.399748612284668,4.265401404271132,4.355379104614258,854972000
2019-03-20,4.3843807498112275,4.437673521455852,4.2882058347189105,4.322908401489258,719148000
2019-03-21,4.3459598390483,4.585652922155928,4.341002262962438,4.559378147125244,824312000
2019-03-22,4.532113665529477,4.580696600692123,4.385868440404318,4.399749279022217,747644000
2019-03-25,4.359099051390916,4.423297942771761,4.241359163970552,4.307541370391846,525212000
2019-03-26,4.449075417579673,4.505094712857802,4.327865357021131,4.3841328620910645,703508000
2019-03-27,4.409664422261027,4.4560163056173785,4.305557660121188,4.374961853027344,474372000
2019-03-28,4.400988196292479,4.459238546118691,4.340507267685018,4.393552303314209,480264000
2019-03-29,4.460229639257601,4.475102369682448,4.4099116057171175,4.450810432434082,456896000
2019-04-01,4.542523810574591,4.548472808317169,4.470888573432599,4.518232345581055,483824000
2019-04-02,4.542276137523133,4.580448440193339,4.499393994882644,4.536078929901123,440920000
2019-04-03,4.585654537511932,4.734378563014394,4.5806969596797,4.675384521484375,783504000
2019-04-04,4.660015093181668,4.708846229198485,4.603748065144978,4.666460037231445,457376000
2019-04-05,4.709591252026839,4.750490560887049,4.673154046983878,4.7331390380859375,481744000
2019-04-08,4.702649728924929,4.778994803887443,4.678606001599154,4.753959655761719,424192000
2019-04-09,4.720496023172079,4.731650332886938,4.649108535553082,4.69124698638916,439972000
2019-04-10,4.690504589184223,4.787422721742926,4.686042958630669,4.761643886566162,444772000
2019-04-11,4.764123741443113,4.795603844960344,4.698437480839822,4.7477641105651855,374600000
2019-04-12,4.786431210547088,4.79039736695356,4.701162866442991,4.709838390350342,471708000
2019-04-15,4.702154587291515,4.707112164920692,4.538558307773687,4.57821798324585,440092000
2019-04-16,4.61738149157994,4.684059151396104,4.584662240587354,4.665220737457275,394964000
2019-04-17,4.700170874822639,4.720992129672078,4.62010785478453,4.642416477203369,351004000
2019-04-18,4.649109362959098,4.683067772083667,4.590115332177181,4.617877006530762,380988000
2019-04-22,4.5943287023701025,4.6872811316969,4.562849085292997,4.671665191650391,279936000
2019-04-23,4.684801999135971,4.757429116477299,4.6751350568816745,4.726196765899658,346856000
2019-04-24,4.736608833155228,4.779243243282639,4.675880163403559,4.738592147827148,318204000
2019-04-25,4.698435048781748,4.720743667774978,4.5534294981062216,4.632996559143066,499296000
2019-04-26,4.479315954390358,4.483778057349987,4.295642123758112,4.414373397827148,868988000
2019-04-29,4.422304799143129,4.472871039316649,4.350173621257163,4.4451093673706055,391920000
2019-04-30,4.412886940548845,4.512036136906894,4.393800785257262,4.486505508422852,362920000
2019-05-01,4.53880668205535,4.580945147868897,4.473119958040308,4.473368167877197,354280000
2019-05-02,4.483035192759258,4.582432123842187,4.43990530517907,4.540789604187012,394684000
2019-05-03,4.54921630099399,4.559130981628011,4.474854068726424,4.536326885223389,336824000
2019-05-06,4.3501726613691,4.470143527716054,4.312991791391155,4.457997798919678,422176000
2019-05-07,4.409664416633841,4.409664416633841,4.242845671273384,4.290933132171631,555220000
2019-05-08,4.263418850487332,4.391073385860817,4.251520854734579,4.311010360717773,419168000
2019-05-09,4.2421027574147105,4.251769704200405,4.099823663531328,4.218554496765137,660248000
2019-05-10,4.187818057678365,4.253256570946645,4.065120608910023,4.184595584869385,569500000
2019-05-13,4.052726290962937,4.075778597136489,3.9116864013488333,3.9275503158569336,656912000
2019-05-14,3.967209629629472,4.051734749753598,3.9285416198787013,4.016536712646484,524880000
2019-05-15,3.9610134971586377,3.991997646177927,3.9017719611969133,3.9555604457855225,502320000
2019-05-16,3.9501069539339073,4.013314643034374,3.9077207575150528,3.9706802368164062,781088000
2019-05-17,3.928790492286999,4.05793241263566,3.84054764233292,3.8799593448638916,1022068000
2019-05-20,3.7813056382624497,3.8363335181039435,3.736688387279552,3.7614758014678955,572064000
2019-05-21,3.8222046272629533,3.8593855113872992,3.7835363753950677,3.8435215950012207,361848000
2019-05-22,3.804852797618077,3.830879363878543,3.7617226877732,3.7726292610168457,325868000
2019-05-23,3.7104129301364273,3.7104129301364273,3.5919296489392836,3.6516671180725098,591844000
2019-05-24,3.670506072343846,3.705704114217534,3.5911867278095704,3.597879409790039,357584000
2019-05-28,3.6154783017294005,3.648197553821421,3.55078324499088,3.5527663230895996,428356000
2019-05-29,3.5051745191916663,3.5401245858320607,3.4439499092198114,3.478652238845825,559800000
2019-05-30,3.4818785056992767,3.5176129997385956,3.413883688106398,3.4520998001098633,394300000
2019-05-31,3.403212716131436,3.470462996970709,3.3597853510032443,3.3615224361419678,389720000
2019-06-03,3.3726896529546333,3.4114020408869172,3.2905501343227805,3.3198325634002686,478644000
2019-06-04,3.383856373826162,3.5538434001141703,3.3617705442284787,3.5486321449279785,641836000
2019-06-05,3.6223346757717674,3.627794187677335,3.469718728804367,3.5059494972229004,511616000
2019-06-06,3.5101680748232,3.592555843398238,3.507686457076579,3.567988395690918,408140000
2019-06-07,3.5739442379149793,3.6449167079298492,3.5548360649678163,3.610671281814575,348856000
2019-06-10,3.666754525432909,3.751872169648638,3.666754525432909,3.6833810806274414,402780000
2019-06-11,3.7431865683985013,3.7809064020945917,3.7014965248313723,3.740953207015991,383872000
2019-06-12,3.6975253781271924,3.7037294219232213,3.6129042560259834,3.6280417442321777,358892000
2019-06-13,3.650128093826062,3.6975259065653265,3.632508985583392,3.6791625022888184,308080000
2019-06-14,3.5861035675727653,3.610422757405874,3.5446615476228303,3.589329481124878,394428000
2019-06-17,3.587593020809871,3.6359836257979934,3.564762655565564,3.599008321762085,276040000
2019-06-18,3.6603025933790496,3.8491493120688105,3.6493838060369956,3.7938106060028076,581920000
2019-06-19,3.8290484894629415,3.840463552055667,3.773709551550996,3.7997660636901855,331644000
2019-06-20,3.8903434446776135,3.9042401265985758,3.809692754251881,3.8240857124328613,350168000
2019-06-21,3.8091963060582503,3.858331203483976,3.759564895734803,3.766016960144043,434428000
2019-06-24,3.7873587448378245,3.817881983735955,3.7402089492520556,3.78835129737854,282948000
2019-06-25,3.7933139109527065,3.8682570586619445,3.7563386132870105,3.759068250656128,311868000
2019-06-26,3.8863726800215015,4.0131806021573935,3.8734685516761678,3.952133893966675,584072000
2019-06-27,4.037747423194393,4.06975948452506,4.001764679171801,4.050651550292969,445440000
2019-06-28,4.09457600138995,4.103757940700078,4.028814780708891,4.075468063354492,397668000
2019-07-01,4.282429770761454,4.316675433416628,4.086138206588349,4.123610019683838,709756000
2019-07-02,4.106984405330587,4.12807792581039,4.012685269424141,4.025837421417236,400228000
2019-07-03,4.049164102336375,4.054871872238148,3.978936144492796,4.038741588592529,246636000
2019-07-05,3.9804240518733294,3.9848907745607325,3.9129252787163464,3.976205348968506,396552000
2019-07-08,3.9166482702461005,3.9355081894863546,3.871235794174561,3.9012625217437744,329788000
2019-07-09,3.859075804161712,3.9317856035650762,3.8464199307929863,3.9037439823150635,342860000
2019-07-10,3.947171065308045,4.02931058133632,3.933274383924666,3.971986770629883,452076000
2019-07-11,4.044943986198475,4.1670369236067675,4.007720668204289,4.126339435577393,682560000
2019-07-12,4.154132464844888,4.230316653100433,4.154132464844888,4.159343719482422,506392000
2019-07-15,4.180439401753614,4.1965692135382975,4.122619057901125,4.150908470153809,289840000
2019-07-16,4.13601758306642,4.173240902590646,4.0906048776539645,4.1461920738220215,341444000
2019-07-17,4.147929633119086,4.218406070489946,4.1186472030368435,4.2114577293396,348204000
2019-07-18,4.221881070468805,4.285905218880551,4.165301304283338,4.223121643066406,442192000
2019-07-19,4.2613376014460185,4.267789430326389,4.1739863418265974,4.1799421310424805,344896000
2019-07-22,4.201283504432008,4.264315091724775,4.193838649874808,4.251410961151123,315940000
2019-07-23,4.2906204366307605,4.361096414536076,4.274986192648743,4.359111309051514,428176000
2019-07-24,4.402289498828608,4.439264802250148,4.32635378692082,4.433557033538818,366236000
2019-07-25,4.392114655728459,4.404770764474118,4.279203649431086,4.302530288696289,392700000
2019-07-26,4.329578410548918,4.3911209057302365,4.329578410548918,4.344467639923096,274160000
2019-07-29,4.337271913005272,4.354394742272245,4.250169174840338,4.338264465332031,248160000
2019-07-30,4.291859504059564,4.366058120377159,4.277466311043389,4.353898525238037,197772000
2019-07-31,4.322382269179052,4.32337529483997,4.144702620536477,4.186889171600342,359416000
2019-08-01,4.197312436118388,4.2876413418581345,4.040477778383073,4.092590808868408,421212000
2019-08-02,4.00002908706665,4.069264963677774,3.9526315000910976,4.00002908706665,428348000
2019-08-05,3.8166403933922854,3.8178812021442226,3.6950439756233027,3.741945505142212,589156000
2019-08-06,3.8166409945805504,3.862053466086372,3.7330124121395962,3.78065824508667,361272000
2019-08-07,3.7198597974168814,3.8307856965451412,3.702488946544037,3.8188741207122803,372560000
2019-08-08,3.87644659037663,3.9285593819229723,3.8191225433416642,3.927318572998047,309300000
2019-08-09,3.8863734516219903,3.889847622507796,3.775695786273872,3.8260715007781982,341816000
2019-08-12,3.7739591090407987,3.8260719146248032,3.736487521390682,3.7583253383636475,279200000
2019-08-13,3.7568354485894377,3.918385086800619,3.717875040369741,3.872476100921631,351956000
2019-08-14,3.7843798694139164,3.7955469109122046,3.6804025629374726,3.7240779399871826,419880000
2019-08-15,3.7429387166698227,3.7627911868770045,3.657573047446917,3.6918184757232666,477200000
2019-08-16,3.9543682115310657,4.008714135678641,3.893073472406718,3.9595794677734375,1007960000
2019-08-19,4.072738797076498,4.253892668551874,4.056608515191072,4.238010406494141,815112000
2019-08-20,4.232549557576048,4.233046070367216,4.14470229254729,4.165795803070068,463188000
2019-08-21,4.2318061266537566,4.304267667180546,4.210216571039822,4.249176979064941,427244000
2019-08-22,4.258854800460947,4.301289372684599,4.216171735153766,4.255380630493164,303488000
2019-08-23,4.178948538511534,4.233294687427818,4.011194876201635,4.031047344207764,568056000
2019-08-26,4.1097140920359,4.133785268218952,4.067527528758819,4.105743408203125,318208000
2019-08-27,4.143957615073779,4.14668725202946,3.985882431490318,4.015164852142334,290968000
2019-08-28,3.988835102822662,4.057393748788544,3.9495873946582023,4.004732608795166,255612000
2019-08-29,4.096144148403475,4.180600767858281,4.092666539618465,4.148308753967285,357976000
2019-08-30,4.194512135644787,4.244192678295925,4.14284452290001,4.160977840423584,290616000
2019-09-03,4.088194641460856,4.12123191882085,4.05515736410086,4.078010082244873,296140000
2019-09-04,4.138621157565341,4.199479791476243,4.138621157565341,4.192027568817139,227728000
2019-09-05,4.294121111738001,4.470983126943168,4.292382307110529,4.464773178100586,695676000
2019-09-06,4.441423285392116,4.498307311494924,4.399691971411544,4.437697410583496,376976000
2019-09-09,4.468747664893921,4.57009581931913,4.4672571254435836,4.483651638031006,417524000
2019-09-10,4.4508622737446295,4.5768019505612365,4.441174715633058,4.550223350524902,352812000
2019-09-11,4.564879748688695,4.626980194188536,4.5358165961629755,4.578790187835693,361512000
2019-09-12,4.625241335341929,4.679889556180352,4.5693508402862735,4.57729959487915,327840000
2019-09-13,4.510728029877859,4.5477399368594575,4.475703193108127,4.5194220542907715,324592000
2019-09-16,4.444403357461807,4.5109749272595625,4.433970531330053,4.476447105407715,231832000
2019-09-17,4.483153706848775,4.502032288026082,4.436702523397849,4.497809410095215,223048000
2019-09-18,4.490855456841406,4.506504699218102,4.38429089143522,4.470734596252441,258152000
2019-09-19,4.4766967988047615,4.495078856815174,4.384539664785912,4.39522123336792,245476000
2019-09-20,4.394226976885047,4.4178249719627845,4.279465397875577,4.289649486541748,350244000
2019-09-23,4.289897111533224,4.388512418937597,4.286170764170677,4.34305477142334,249712000
2019-09-24,4.374354552305497,4.4039142288683895,4.250153689139878,4.285675048828125,317268000
2019-09-25,4.28517829278737,4.4468880685788506,4.240465903650763,4.427264213562012,308432000
2019-09-26,4.417576028267607,4.426270050055258,4.3542333280562575,4.405155658721924,234564000
2019-09-27,4.36342614042172,4.4141002265778075,4.205939201389443,4.266549587249756,362056000
2019-09-30,4.2923830327616175,4.3341143508758595,4.261084070387128,4.323929786682129,186184000
2019-10-01,4.347031992814338,4.4960731844686075,4.317472304133778,4.3221917152404785,366008000
2019-10-02,4.300331682329208,4.312255051152552,4.226059603195252,4.298344612121582,293372000
2019-10-03,4.302815694750589,4.509982685246314,4.272510742473027,4.503772735595703,450588000
2019-10-04,4.506008647850153,4.549479248546061,4.440927590168033,4.520167827606201,265524000
2019-10-07,4.585000137627918,4.678399071208503,4.576306113161044,4.578790187835693,480984000
2019-10-08,4.487129238036931,4.487129238036931,4.38429101816831,4.402424335479736,444436000
2019-10-09,4.479178774062176,4.538298587080894,4.450364373886193,4.488866329193115,292412000
2019-10-10,4.486632713369001,4.597419687455007,4.481416299085726,4.546497344970703,309124000
2019-10-11,4.630457509788729,4.703239045355618,4.611578922491844,4.620024681091309,446404000
2019-10-14,4.61132922970183,4.654302809756783,4.580279015346232,4.633437156677246,200040000
2019-10-15,4.723608679696773,4.950399543155537,4.7096977661499775,4.877865791320801,664124000
2019-10-16,4.843834022264547,4.948659778379216,4.812783804173107,4.824210166931152,428944000
2019-10-17,4.868674685329174,4.913635344117551,4.771797674871035,4.826198101043701,263436000
2019-10-18,4.826695280734293,4.859236045172796,4.6575337167856095,4.731805801391602,307440000
2019-10-21,4.793161038913564,4.882337573616498,4.774282448956211,4.868923664093018,261868000
2019-10-22,4.92580670192421,5.030880725953008,4.851286366161707,4.858986854553223,328720000
2019-10-23,4.777014158325373,4.860228515074197,4.745218670685841,4.846069812774658,279916000
2019-10-24,4.887303293197778,4.9235699189172255,4.853272476100206,4.890036106109619,232020000
2019-10-25,4.970518220820409,5.101674291975892,4.962817733779943,5.080808639526367,423092000
2019-10-28,5.124528046514247,5.18911256029062,5.095216631561461,5.13670015335083,330792000
2019-10-29,5.122788692384218,5.12924737996355,5.021192759747854,5.040567874908447,211236000
2019-10-30,5.067395601925326,5.073109020316152,4.9744932110349795,5.042555332183838,205960000
2019-10-31,5.021689363981352,5.0425550187031005,4.9136347421803634,4.993371486663818,209732000
2019-11-01,4.958099442770782,5.064664021687049,4.933010903968749,5.032371997833252,283640000
2019-11-04,5.1133506463871905,5.241277891080467,5.090249651247196,5.228857517242432,376716000
2019-11-05,5.228608631295536,5.25469070257639,5.158807702113853,5.206749439239502,300868000
2019-11-06,5.182655086783872,5.208240156857396,5.070128820646721,5.157566547393799,269012000
2019-11-07,5.244009765902245,5.2586654740785965,5.130489975417849,5.175202369689941,280340000
2019-11-08,5.158310517720232,5.1928383430746115,5.120801613860862,5.161291122436523,189100000
2019-11-11,5.1605473163633455,5.194329881672355,5.074351861171593,5.171228885650635,243436000
2019-11-12,5.209481779022911,5.26263993040473,5.1744569448823645,5.206749439239502,283504000
2019-11-13,5.17545067895377,5.203023290736433,5.114592510291266,5.180915832519531,300188000
2019-11-14,5.1898585540740285,5.213457027543398,5.129993915496387,5.211221218109131,518080000
2019-11-15,5.208983968056477,5.260651571996702,4.983931972589848,5.072114944458008,1053628000
2019-11-18,5.064663468615245,5.299651321277817,5.061682863543426,5.273072719573975,574588000
2019-11-19,5.242022061927123,5.26562005658897,5.108381899695247,5.166507720947266,414564000
2019-11-20,5.143655568076796,5.329459888793397,5.130986930145402,5.245748519897461,472588000
2019-11-21,5.241277770166367,5.296919527552921,5.199297713003257,5.2209086418151855,288388000
2019-11-22,5.243511661537723,5.289962850869842,5.214945520920422,5.23854398727417,224100000
2019-11-25,5.366471697782979,5.499863607178879,5.353554794766883,5.4948954582214355,506476000
2019-11-26,5.47725863087291,5.481978514484049,5.383859705352823,5.390318393707275,385244000
2019-11-27,5.435808370317738,5.470112747755643,5.3987691633811155,5.425118923187256,215784000
2019-11-29,5.394294186408728,5.4226324792819485,5.3639664095826225,5.38783073425293,141556000
2019-12-02,5.380871533007133,5.394295337032082,5.186478142091579,5.20164155960083,372036000
2019-12-03,5.018185224969009,5.166093122255287,4.980897571567401,5.162116050720215,465232000
2019-12-04,5.245642296763433,5.268014992392997,5.177281493067951,5.205868721008301,273424000
2019-12-05,5.227744628880031,5.243405421320501,5.158389081322822,5.188965320587158,184884000
2019-12-06,5.258070886581136,5.307042264766786,5.2481272573677025,5.274228572845459,232236000
2019-12-09,5.251358984275902,5.328917585242667,5.242658545783317,5.274228572845459,211880000
2019-12-10,5.304308434137687,5.370929624486733,5.251608422137787,5.319223880767822,256388000
2019-12-11,5.329663470004647,5.408216340025426,5.327177562670897,5.40274715423584,233796000
2019-12-12,5.373911044033196,5.588191212847948,5.364962157672717,5.57004451751709,404348000
2019-12-13,5.573027443677887,5.692099685136238,5.514112444088463,5.568055629730225,454704000
2019-12-16,5.6155369040627265,5.669231181851166,5.587446574271158,5.596892833709717,320976000
2019-12-17,5.615536780813981,5.697569835117651,5.606090521582747,5.674948692321777,321196000
2019-12-18,5.709749502030859,5.7656812284331656,5.701297512416588,5.705275058746338,343548000
2019-12-19,5.739829581300655,5.8666080300170345,5.734857765867444,5.853184223175049,445360000
2019-12-20,5.919556591738878,5.97573677951805,5.900415623542293,5.950381278991699,603044000
2019-12-23,5.97896600894853,6.011033399613863,5.926017570793047,5.93670654296875,355060000
2019-12-24,5.921296894457324,5.948889855209329,5.886992029924898,5.931737422943115,138864000
2019-12-26,5.93521671269074,5.973996015905677,5.916324195165126,5.945906162261963,182852000
2019-12-27,5.961068893221164,5.974492697227238,5.861883424733075,5.888233661651611,254644000
2019-12-30,5.866359228302341,5.871579491951401,5.743806782668627,5.775128364562988,258056000
2019-12-31,5.739828891899906,5.858652706134479,5.72068792633329,5.849206447601318,231004000
2020-01-02,5.934968095675587,5.963803768157959,5.884505550296847,5.963803768157959,237536000
2020-01-03,5.844233913695736,5.912097802856729,5.8193753167124,5.868346691131592,205384000
2020-01-06,5.77512766888247,5.898176996723833,5.749026353781372,5.892956733703613,262636000
2020-01-07,5.921295338837738,6.010040281790685,5.876301509096684,5.964300632476807,314856000
2020-01-08,5.960074415808599,6.01675195985036,5.920052401950536,5.975486755371094,277108000
2020-01-09,6.061746457974927,6.113452193523961,5.987419581657777,6.04111385345459,255112000
2020-01-10,6.148253347803174,6.178580656241072,6.059259958542958,6.073429107666016,316296000
2020-01-13,6.156456910250187,6.288952489506994,6.133835297475145,6.263845443725586,319840000
2020-01-14,6.221088751738677,6.246444720752033,6.133835447619546,6.147010803222656,359088000
2020-01-15,6.15968810642731,6.182060796386267,6.078649335978341,6.104502201080322,263104000
2020-01-16,6.157948519655376,6.193993464647111,6.134581559774977,6.188027381896973,284192000
2020-01-17,6.20716923413062,6.214626957169051,6.149248960200199,6.196728706359863,253792000
2020-01-21,6.160185612581765,6.196976374999237,6.129360932560053,6.163417339324951,217916000
2020-01-22,6.208660534025002,6.303868469663997,6.189768016004906,6.217360973358154,239240000
2020-01-23,6.2573834759438345,6.294173769700094,6.168638520500725,6.285721778869629,244516000
2020-01-24,6.40106482430508,6.450782022304533,6.172366566956607,6.226558208465576,373512000
2020-01-27,5.92229013718489,6.0219729859012325,5.772890562498944,5.971013069152832,470536000
2020-01-28,6.036887788328454,6.196479436751818,5.9836904141412175,6.164163589477539,310976000
2020-01-29,6.149745962240131,6.185790910221257,6.063983811930669,6.103757858276367,258848000
2020-01-30,6.006062188703586,6.1238917135787965,5.951125209315321,6.110467910766602,290504000
2020-01-31,6.064729017650381,6.076661182932319,5.835533866568299,5.877295970916748,370420000
2020-02-03,5.859149408225992,5.993634007995882,5.852934876956835,5.974244594573975,255564000
2020-02-04,6.115937429917117,6.162422897112003,6.065971787601257,6.14328145980835,271544000
2020-02-05,6.264094359762809,6.2742864375752365,6.15024236438546,6.233518600463867,208220000
2020-02-06,6.267822801669854,6.3202738761901855,6.186784032913833,6.3202738761901855,218284000
2020-02-07,6.280251702987878,6.302375943450668,6.228794423639679,6.254150390625,189752000
2020-02-10,6.276770592212981,6.537784625204178,6.2717987789408305,6.537039279937744,529608000
2020-02-11,6.645175046983783,6.7739420040767095,6.583277238541487,6.65934419631958,638556000
2020-02-12,6.712043650970629,6.781399175304886,6.673264355662587,6.774935722351074,374644000
2020-02-13,6.717016762163457,6.798303991866709,6.689672254333135,6.7311859130859375,528016000
2020-02-14,7.1408547082051,7.332513775197744,7.109533125809277,7.203746795654297,1041924000
2020-02-18,7.100582772620869,7.3906819386275275,7.081193359788082,7.372286319732666,620164000
2020-02-19,7.494591162549413,7.8406216221615965,7.494591162549413,7.822971820831299,694332000
2020-02-20,7.774993056447043,7.863240616578318,7.366816442111432,7.673819065093994,810052000
2020-02-21,7.561708450077723,7.5868154972700355,7.225372733301837,7.310140132904053,768180000
2020-02-24,6.716518371949166,7.006865964800293,6.662078287190511,6.793331146240234,856916000
2020-02-25,6.868402613985865,6.9303004089824425,6.41249786330268,6.514169216156006,1055496000
2020-02-26,6.514418977708999,6.847274499035752,6.512927812738994,6.653378009796143,747732000
2020-02-27,6.340223905891915,6.641192022148659,6.190734947968384,6.283015251159668,906416000
2020-02-28,6.030799256981387,6.777000591412127,6.014134234274689,6.71755313873291,1133252000
2020-03-02,6.887436477672803,6.904599164176833,6.491949845703625,6.87574577331543,890744000
2020-03-03,6.931462850373076,6.991158887369875,6.528265410526086,6.61358118057251,652792000
2020-03-04,6.720785660126154,7.086175484127031,6.646165254678037,7.076723575592041,597408000
2020-03-05,6.877486487233338,7.044138079809449,6.753119641263759,6.797643184661865,540328000
2020-03-06,6.618306817272901,6.675764530909443,6.417329829721976,6.617311954498291,515412000
2020-03-09,5.967122164255437,6.45215313065251,5.924340216709666,6.104920864105225,614160000
2020-03-10,6.381014650643406,6.4939398765563965,6.118600976007037,6.4939398765563965,580648000
2020-03-11,6.354151552200165,6.382507276245163,6.03353389422231,6.130539894104004,499964000
2020-03-12,5.607948786634195,5.873098855223012,5.367672178068965,5.38035774230957,816540000
2020-03-13,5.733312524970292,5.99498043118963,5.4624417815793365,5.990503311157227,634836000
2020-03-16,5.283353073561972,5.62386990228448,4.825434365934162,4.885130405426025,726972000
2020-03-17,4.997309431523579,5.493533447583742,4.7508144907275,5.404237747192383,833632000
2020-03-18,4.977162031994791,5.221915838198457,4.494121265098619,5.0448174476623535,874268000
2020-03-19,5.02342686677516,5.390806930894805,4.810262418937481,5.297283172607422,765512000
2020-03-20,5.447268167132194,5.728834719934263,5.102274726874198,5.117696285247803,804636000
2020-03-23,5.116701401410118,5.3845880223773275,4.93786188180685,5.290317535400391,643876000
2020-03-24,5.696002435464178,6.284506733213007,5.672372901435857,6.197947025299072,1101644000
2020-03-25,6.312860814948152,6.512345244813488,6.060644869608553,6.109396934509277,793432000
2020-03-26,6.316343477852053,6.522295239784668,6.21834262205559,6.398426055908203,696108000
2020-03-27,6.21834418702446,6.544682958276273,6.185511337307723,6.286248683929443,638828000
2020-03-30,6.351663454114976,6.6153215121157185,6.307637578761108,6.606118202209473,602252000
2020-03-31,6.646164892139033,6.850126943033816,6.411111600364291,6.556621074676514,949960000
2020-04-01,6.358876792283273,6.5051320359178195,6.00144641848549,6.045969486236572,656912000
2020-04-02,6.075072846746822,6.36758387464943,6.027067511719613,6.354401111602783,675764000
2020-04-03,6.3168396901941195,6.358378163789076,5.929561598331317,6.0668625831604,663212000
2020-04-06,6.348679425541923,6.712825761305832,6.291221713068466,6.676012992858887,727884000
2020-04-07,6.897386212673465,6.921016220631699,6.399918753132553,6.4429497718811035,784520000
2020-04-08,6.551895173160466,6.664820405786756,6.482000959912944,6.639946937561035,542444000
2020-04-09,6.765558123153106,6.78844139261449,6.477524208175872,6.540453910827637,525564000
2020-04-13,6.480757091589397,6.720785167160998,6.392456735653417,6.7120795249938965,398408000
2020-04-14,6.840176949824809,7.0968700332485595,6.812567493136743,7.062793731689453,530948000
2020-04-15,6.894898714057057,7.0682662463296895,6.849629373283734,6.985437870025635,366148000
2020-04-16,7.140647674170319,7.437138127768252,7.127464912267185,7.3301825523376465,745620000
2020-04-17,7.41226464837836,7.433655858312724,7.137165405215727,7.270984172821045,539120000
2020-04-20,7.144628306507121,7.300335493886379,7.095627633607135,7.139902114868164,449388000
2020-04-21,7.022003162515106,7.083191266559698,6.643927724837678,6.7036237716674805,735160000
2020-04-22,6.8956450294305265,7.160297985277611,6.850127091236819,7.117515563964844,483356000
2020-04-23,7.159552061322838,7.291380639717549,7.039164642874313,7.064286708831787,424160000
2020-04-24,7.054089379164619,7.205070379941824,6.979468968693204,7.203080654144287,352328000
2020-04-27,7.337396625716924,7.549068993615915,7.312771754298701,7.3893818855285645,479388000
2020-04-28,7.536630547178379,7.56647879844656,7.241632663051998,7.247104644775391,442904000
2020-04-29,7.381671801019242,7.476439492546448,7.30655419417302,7.423707962036133,379160000
2020-04-30,7.369730516188236,7.423705966666164,7.256059510755734,7.269988536834717,375916000
2020-05-01,7.0727439323957615,7.185917767812462,6.985438429326991,7.033692836761475,342096000
2020-05-04,6.986432764934915,7.259045096885763,6.986432764934915,7.245364665985107,317556000
2020-05-05,7.349337390602198,7.468729493948263,7.245366375873477,7.3063063621521,368896000
2020-05-06,7.385649386962077,7.511757355632686,7.347841761181275,7.407040119171143,323464000
2020-05-07,7.546083299397135,7.646322956404003,7.494844309602577,7.583144664764404,373732000
2020-05-08,7.654780572992808,7.779147440058237,7.620952864853898,7.7729291915893555,339216000
2020-05-11,7.76795505913149,8.071410544031213,7.739350734221137,8.024648666381836,469060000
2020-05-12,8.08235272343663,8.131104316123853,7.753278049532233,7.762978553771973,493060000
2020-05-13,7.877396787105867,8.037581075925017,7.556281469377941,7.740593433380127,625852000
2020-05-14,7.802030552114325,7.99529675418394,7.648561706335305,7.9898247718811035,602312000
2020-05-15,7.8497872616478075,8.457443446163204,7.834117106027025,8.44774341583252,987660000
2020-05-18,8.71612984047994,8.871339869496333,8.636535099780891,8.705931663513184,774460000
2020-05-19,8.74572658115145,9.041470783714418,8.71836571880114,8.760899543762207,717320000
2020-05-20,8.945459810615404,8.997196470671472,8.84372761897781,8.924566268920898,587536000
2020-05-21,9.00565317637838,9.006647564701275,8.693243502257346,8.730802536010742,761068000
2020-05-22,8.780551415125013,9.046946047215028,8.66911916021186,8.980533599853516,1038764000
2020-05-26,9.110373086375231,9.13524703695688,8.62807842840078,8.673596382141113,770780000
2020-05-27,8.581313337076326,8.589023642130156,7.956245377477276,8.48206901550293,1175892000
2020-05-28,8.369642255768241,8.716128787061324,8.336809405476911,8.444014549255371,734896000
2020-05-29,8.511170268712194,8.830544471740723,8.442022323211523,8.830544471740723,745256000
2020-06-01,8.788508028577247,8.79596973608388,8.645485958689513,8.76164436340332,389876000
2020-06-02,8.751697555312681,8.792489306850127,8.614147438930704,8.780550003051758,391320000
2020-06-03,8.777565804011429,8.821342618286915,8.655934444253308,8.725082397460938,365440000
2020-06-04,8.687753825722185,8.902011297144291,8.637486770862257,8.72607707977295,424280000
2020-06-05,8.753948963501875,8.955514629700385,8.667847647401274,8.878870010375977,481748000
2020-06-08,8.836317714446977,8.848759888492882,8.645700988059112,8.76440143585205,387736000
2020-06-09,8.759423633292464,9.067744989711962,8.710898494136034,9.004288673400879,468488000
2020-06-10,9.125478874094505,9.456196549107496,9.111293827443436,9.32356071472168,632180000
2020-06-11,9.107807709528801,9.21854464450774,8.745486794003435,8.75568962097168,583652000
2020-06-12,9.1202486620025,9.144884287471923,8.663115987625536,8.891308784484863,570908000
2020-06-15,8.774603216221042,9.139910604567905,8.703432128605263,9.131449699401855,400004000
2020-06-16,9.182462012681775,9.22401944930365,8.797992597026973,9.02668285369873,535716000
2020-06-17,9.071725930471368,9.256121053617617,9.028425617741286,9.193411827087402,408304000
2020-06-18,9.184454427604352,9.239698546814658,9.072472976600096,9.175496101379395,254408000
2020-06-19,9.199884081125418,9.40144976678961,9.18470419227258,9.218546867370605,524160000
2020-06-22,9.257117593182326,9.487301102199996,9.230490376313739,9.482821464538574,398468000
2020-06-23,9.506959593896607,9.598037964663789,9.364121900954425,9.406425476074219,375108000
2020-06-24,9.432553235534522,9.512433926958058,9.10233306985164,9.192914009094238,449372000
2020-06-25,9.312610716944958,9.461172555518514,9.1399106647532,9.44624137878418,376072000
2020-06-26,9.45619379454365,9.45619379454365,9.082922986864295,9.112784385681152,592084000
2020-06-29,9.12746645295521,9.162056197776709,8.858959737939557,9.157576560974121,342248000
2020-06-30,9.271052779473228,9.482323840413832,9.223772146240533,9.45395565032959,367892000
2020-07-01,9.476850244240778,9.53159694518685,9.369597135978692,9.48605728149414,326648000
2020-07-02,9.594551713870706,9.692597752403852,9.534081842150709,9.567925453186035,364056000
2020-07-06,9.696831134904459,9.863060925578766,9.667715860624158,9.7938814163208,315892000
2020-07-07,9.900384682445155,10.023563766568676,9.805325070504392,9.826228141784668,357800000
2020-07-08,9.94766768707391,10.177852135345317,9.919548208152843,10.168892860412598,365480000
2020-07-09,10.332386498774396,10.521261277875176,10.186312717025418,10.460542678833008,494548000
2020-07-10,10.53992323755913,10.606116305406612,10.33089154771138,10.430928230285645,497676000
2020-07-13,10.546147190037164,10.742487094268514,9.978774789284222,10.005899429321289,457076000
2020-07-14,10.028543640334897,10.354782578911696,9.740378299322161,10.329151153564453,542676000
2020-07-15,10.36623083826327,10.384893623623142,10.009383383606286,10.180092811584473,403984000
2020-07-16,9.96882151149735,10.159686933380636,9.849872362524458,10.088019371032715,344964000
2020-07-17,10.178348498417453,10.201242205886482,10.041234014835991,10.154458999633789,266284000
2020-07-20,10.226873884937834,10.482688788071664,10.10991539172372,10.46228313446045,284852000
2020-07-21,10.464523249805001,10.511307409960915,10.239316810486173,10.280874252319336,277036000
2020-07-22,10.319694993925742,10.553611049792725,10.244045222912812,10.390616416931152,367292000
2020-07-23,10.401814053155686,10.498366900172412,9.984995131598533,10.083041191101074,411660000
2020-07-24,9.829467523808882,10.31695925240339,9.731919815684156,10.147494316101074,473292000
2020-07-27,10.185069107587438,10.393602461072307,10.170635352239847,10.373446464538574,292132000
2020-07-28,10.326414528145886,10.334128352270644,10.162175384539536,10.16839599609375,271636000
2020-07-29,10.342835838773102,10.467756856562863,10.299287769750446,10.417241096496582,284508000
2020-07-30,10.327161360719078,10.57401798861962,10.247779023481753,10.565059661865234,308880000
2020-07-31,10.514544480145966,10.716858214499968,10.384895060573951,10.565807342529297,386080000
2020-08-03,10.683012873856836,11.047574145206553,10.665842352281864,10.959482192993164,412720000
2020-08-04,10.999047691929793,11.17597770690918,10.855711635123345,11.17597770690918,310336000
2020-08-05,11.192154590342838,11.31931498345862,11.114762888879284,11.23470687866211,249924000
2020-08-06,11.297415830981054,11.305628025623456,11.127204783408471,11.283231735229492,244316000
2020-08-07,11.26033652411239,11.451700283827373,10.986604966220375,11.147857666015625,342516000
2020-08-10,11.281987829661926,11.35564602075613,10.806439976810287,11.113517761230469,427796000
2020-08-11,11.022687098568131,11.08539727357645,10.74596911283335,10.799969673156738,354512000
2020-08-12,10.940071438029333,11.414125122757872,10.907721031284495,11.38749885559082,464412000
2020-08-13,11.49275872959911,11.667699042003894,11.303386562871257,11.390233993530273,374460000
2020-08-14,11.476834671108962,11.650779221877425,11.387747881419168,11.5106782913208,366436000
2020-08-17,11.796602846193656,12.352527856575652,11.762760176683678,12.280113220214844,621300000
2020-08-18,12.392593371852119,12.438381746178354,12.03052110177565,12.204216003417969,503448000
2020-08-19,12.23980244779101,12.258216523677957,12.042217078302572,12.082530975341797,622624000
2020-08-20,11.919785102320878,12.31794037096447,11.823978367840457,12.0850191116333,921388000
2020-08-21,12.145486175613579,12.749687580406652,12.139015904821967,12.625015258789062,999868000
2020-08-24,12.82434125696798,12.852959104530782,12.449825930553745,12.661595344543457,490564000
2020-08-25,12.572507468754125,12.702405554694398,12.515770144609954,12.691207885742188,289076000
2020-08-26,12.74023159092039,12.809162381604702,12.619291819047708,12.714102745056152,321244000
2020-08-27,12.722564739853016,12.790749404758962,12.508555946693578,12.570021629333496,317604000
2020-08-28,12.616554072790118,13.087372581370376,12.584203668831243,13.08712387084961,537160000
2020-08-31,13.12196361348135,13.51240499533192,12.977632707337218,13.312829971313477,500840000
2020-09-01,13.421855269799934,13.933389350143239,13.378542954721397,13.761384963989258,511316000
2020-09-02,14.640326683053306,14.663228189204778,13.840043530473613,14.284618377685547,874012000
2020-09-03,13.769101909402469,13.8246113357648,12.823199748148971,12.959360122680664,945128000
2020-09-04,12.72861072124861,13.118173789760052,11.654265141820803,12.5680570602417,1463684000
2020-09-08,11.683884939027743,12.495867661284716,11.653765820445578,11.861615180969238,795728000
2020-09-09,12.346514414990567,12.75399944583385,12.178990048023763,12.66015625,736200000
2020-09-10,12.933226534148584,13.008898952923687,12.114522597887174,12.258648872375488,698684000
2020-09-11,12.431647488239708,12.597926996342265,11.844440927572224,12.112031936645508,636928000
2020-09-14,13.024578926203295,13.257568885233198,12.576768855905764,12.816728591918945,1201744000
2020-09-15,13.222717153107856,13.24138646588189,12.772418380661053,12.934964179992676,727556000
2020-09-16,12.901361990824535,13.036277502029263,12.459775343133906,12.460521697998047,556384000
2020-09-17,12.07991998724421,12.535447115383795,11.98284068441075,12.409741401672363,792512000
2020-09-18,12.539430184632225,12.578012742879299,11.937040148177086,12.136674880981445,698460000
2020-09-21,11.873563455723925,12.468486075393573,11.853151697144176,12.463258743286133,721044000
2020-09-22,12.520759401296207,12.59344448097838,12.103069452829205,12.58323860168457,646452000
2020-09-23,12.521260177157716,12.67210744174115,12.027151349496169,12.07145881652832,647012000
2020-09-24,12.020179888363417,12.515284736210981,11.962180709019703,12.294739723205566,731240000
2020-09-25,12.393812906216654,12.827932265146119,12.192933271803156,12.81822395324707,588016000
2020-09-28,12.984005218588951,12.995455974352662,12.695007286262086,12.978777885437012,573808000
2020-09-29,12.881698289843444,13.384769035049606,12.877467046243323,13.168704986572266,621460000
2020-09-30,13.100748073599721,13.563742542883896,13.093529512118515,13.472139358520508,689184000
2020-10-01,13.698658927613552,13.703387740885159,13.40269029134298,13.555777549743652,525004000
2020-10-02,13.167957222470799,13.461186360734684,12.994706996717781,13.005908966064453,552496000
2020-10-05,13.178910712130937,13.585399709035006,13.165717512425775,13.583657264709473,479820000
2020-10-06,13.77034771021102,14.081002250444271,13.606059434041683,13.677250862121582,784420000
2020-10-07,13.939366637867233,14.058351371895522,13.803703815426886,13.903770446777344,418084000
2020-10-08,14.014292260405256,14.023751786873135,13.698660090271776,13.779061317443848,378900000
2020-10-09,13.707617545272925,13.764620625602841,13.601826034509546,13.703385353088379,346892000
2020-10-12,13.929160708195548,14.285118819607398,13.852493157883188,14.164640426635742,434744000
2020-10-13,14.234834452215292,14.28661020379566,13.958282468908806,14.186792373657227,344604000
2020-10-14,14.22886078382852,14.280885323875227,13.899786671772109,14.034453392028809,276100000
2020-10-15,13.751179945542122,13.945338546007145,13.70836519762374,13.909743309020996,267224000
2020-10-16,13.976206063082346,14.060590691280174,13.733009274050568,13.751927375793457,242392000
2020-10-19,13.843034950198934,13.923187396795523,13.348925170537576,13.439533233642578,298068000
2020-10-20,13.524911318681056,13.740229003199504,13.448741340593111,13.586644172668457,229212000
2020-10-21,13.5662332545089,13.732015205253962,13.419369406982236,13.466415405273438,219596000
2020-10-22,13.464172894859765,13.55303754182434,13.174676497160581,13.303369522094727,290480000
2020-10-23,13.391989033555745,13.534621649823457,13.233924151048443,13.531634330749512,233484000
2020-10-26,13.369084922504582,13.633688585873971,12.98226043969902,13.084567070007324,336896000
2020-10-27,13.248609003917073,13.384023046239228,13.134602813833258,13.338968276977539,250520000
2020-10-28,13.141075696041263,13.20280855748123,12.554616361044642,12.572538375854492,376520000
2020-10-29,12.78312583190054,13.13584785804943,12.695007521608149,12.967825889587402,320080000
2020-10-30,12.794575514658112,12.880701638769581,12.246947595239426,12.479938507080078,416820000
2020-11-02,12.60315681993016,12.781384688046016,12.341540396326954,12.5264892578125,299652000
2020-11-03,12.653687958118665,13.048477483052306,12.548393975890177,12.963346481323242,272900000
2020-11-04,13.331499752886495,13.767860047508005,13.279475206935611,13.734752655029297,410228000
2020-11-05,14.1014143855421,14.277152471503854,13.930653897861085,14.09892463684082,319028000
2020-11-06,14.048890531552257,14.525824562918741,13.83506746873094,14.499190330505371,383348000
2020-11-09,14.489730948690765,14.628131343754319,13.55204339364055,13.571956634521484,582976000
2020-11-10,13.54781121416907,13.54781121416907,12.573781115211155,12.714920043945312,644068000
2020-11-11,12.997445519056676,13.377051459709095,12.892400350122854,13.360124588012695,404744000
2020-11-12,13.4208615944081,13.706623391136638,13.258564550225856,13.398707389831543,365812000
2020-11-13,13.568472254694553,13.609793346805214,13.002922328890708,13.239646911621094,346312000
2020-11-16,13.115680931707168,13.590623658561508,13.099252581968164,13.456953048706055,413776000
2020-11-17,13.494044215080645,13.53760531971783,13.246367406234198,13.36435604095459,312028000
2020-11-18,13.407171172523759,13.547065230799866,13.128130360392811,13.370828628540039,510924000
2020-11-19,13.15576163324894,13.429326347476689,13.043497889673867,13.382280349731445,565936000
2020-11-20,13.395969898317098,13.436294899913538,13.008646866876623,13.031299591064453,341088000
2020-11-23,13.11443868783319,13.324776855880762,12.959360212033532,13.08332347869873,361356000
2020-11-24,13.085813935486797,13.105229608148392,12.829424883595962,12.901861190795898,346500000
2020-11-25,12.976287586431019,13.21226485548097,12.963841692206845,13.177664756774902,259916000
2020-11-27,13.317311808022017,13.349671896984008,13.113693646794417,13.204051971435547,167276000
2020-11-30,13.207784992620201,13.354648825249436,12.916297341464292,13.343695640563965,286952000
2020-12-01,13.4340539339607,13.470396474680498,13.171191763899333,13.332244873046875,296948000
2020-12-02,13.292915747982203,13.614522515050519,13.177167128048557,13.486079216003418,283360000
2020-12-03,13.532891248388985,13.605100097734832,13.275431014926465,13.342161178588867,199520000
2020-12-04,13.394449728247713,13.505502343250445,13.33494026054711,13.503759384155273,202244000
2020-12-07,13.546586206055725,13.676063849403539,13.445743434248142,13.552063941955566,223244000
2020-12-08,13.53040088587082,13.544095699558415,13.22812050077017,13.296345710754395,271920000
2020-12-09,13.247042376503204,13.360085838709526,12.816529658441905,12.878778457641602,401300000
2020-12-10,12.817279927246037,13.016227078884357,12.797857568260008,12.920114517211914,207764000
2020-12-11,12.915134293753066,12.967672875794605,12.771464120306371,12.960949897766113,209264000
2020-12-14,13.035398774169177,13.334939820019592,13.024941019943634,13.255261421203613,270156000
2020-12-15,13.385733618093893,13.40988618458932,13.133751149437082,13.306802749633789,193016000
2020-12-16,13.368556468706593,13.383247669196718,13.159400391954394,13.18928050994873,223116000
2020-12-17,13.313028850638311,13.325728231536273,13.12553583695301,13.28763198852539,231384000
2020-12-18,13.325227800290302,13.351123325763458,13.017968362309006,13.218658447265625,342064000
2020-12-21,13.022203579340832,13.316266932574571,12.915384395690523,13.278668403625488,302332000
2020-12-22,13.265718661021117,13.283645967615037,13.001534523080034,13.224883079528809,185580000
2020-12-23,13.20272072009753,13.221644408013391,12.95273009268442,12.956962585449219,179144000
2020-12-24,12.984851528834119,13.079718838543478,12.886748109468082,12.941526412963867,97884000
2020-12-28,13.010001354735067,13.010001354735067,12.711954400513704,12.848154067993164,212564000
2020-12-29,12.873051559550927,13.019958760176179,12.79063383221602,12.891227722167969,170372000
2020-12-30,12.938041984526887,13.160643991606976,12.844918572910682,13.092917442321777,225396000
2020-12-31,13.083704508417757,13.098145898291843,12.863094326087117,13.002532005310059,192424000
2021-01-04,13.051581365786737,13.597628037496744,12.9104007529022,13.06079387664795,560640000
2021-01-05,13.04710135296224,13.389469813350296,13.03440292226786,13.350875854492188,322760000
2021-01-06,13.169357986731624,13.191767596146791,12.53541670344203,12.563801765441895,580424000
2021-01-07,12.915383021394952,13.323984877289753,12.834709185553201,13.290369987487793,461480000
2021-01-08,13.30879652893053,13.36706075733227,12.989584240660953,13.223390579223633,292528000
2021-01-11,13.364819001093393,13.904890294581081,13.30879545335435,13.566754341125488,518344000
2021-01-12,13.697228086074581,13.699220853511294,13.291366518342056,13.430554389953613,291476000
2021-01-13,13.435784283748028,13.570241954933193,13.33120672827616,13.47736644744873,210028000
2021-01-14,13.520442716544837,13.545093004651417,13.127528408243663,13.147198677062988,283120000
2021-01-15,13.174832286367135,13.271691393497104,12.796858175940383,12.80781364440918,277780000
2021-01-19,12.963935787634238,13.041373506221632,12.79237828621631,12.972900390625,226188000
2021-01-20,13.059051941538538,13.376521226677053,13.004273639082106,13.312031745910645,258572000
2021-01-21,13.36456988189232,13.942986262976488,13.199735351672873,13.811765670776367,337780000
2021-01-22,13.68477640464162,13.786117826642263,13.572479512634926,13.657386779785156,246820000
2021-01-25,13.72635884482473,13.772921018082734,13.183300345613404,13.59837532043457,251112000
2021-01-26,13.525919807719731,13.589911580254576,13.333695631638935,13.381254196166992,163980000
2021-01-27,13.176826544521976,13.17956588706727,12.742330152960971,12.865832328796387,371272000
2021-01-28,12.944017154210293,13.28613673623266,12.90841044886563,12.998546600341797,228316000
2021-01-29,13.022451148945741,13.28115757374475,12.859608425570046,12.937543869018555,271552000
2021-02-01,13.000788099819756,13.217413681369504,12.85089267680462,13.183799743652344,217204000
2021-02-02,13.344898109624282,13.51745103174744,13.23210255402486,13.502263069152832,220440000
2021-02-03,13.581195250724157,13.875757217775313,13.4621763232891,13.476119995117188,245408000
2021-02-04,13.476619285849223,13.618546504869126,13.284146250549627,13.609333992004395,201340000
2021-02-05,13.66983917802764,13.682039891705488,13.491308875072331,13.536376953125,169152000
2021-02-08,13.672080435543572,14.41558027564343,13.672080435543572,14.380721092224121,434624000
2021-02-09,14.283112900004856,14.524638573331769,14.165338264412211,14.205924987792969,287560000
2021-02-10,14.40512039530339,14.845094516583352,14.283859846653357,14.704910278320312,485352000
2021-02-11,14.920044844642259,15.21087111646074,14.865016726806148,15.189456939697266,450828000
2021-02-12,14.989512421221601,15.229792846310929,14.715617109549683,14.901119232177734,374756000
2021-02-16,15.003704102440429,15.31071561660101,14.889913111064672,15.268634796142578,321960000
2021-02-17,15.110028510059346,15.162318238696045,14.720600112519854,14.846094131469727,274756000
2021-02-18,14.669803078245188,14.813473242529565,14.51642173524086,14.769401550292969,233868000
2021-02-19,14.964114181705161,15.116001413378493,14.787078950270823,14.866508483886719,271724000
2021-02-22,14.715370418206222,15.072430094686014,14.267428005030796,14.298054695129395,325884000
2021-02-23,14.01867706550905,14.181520693146052,13.335683290713398,14.085159301757812,391780000
2021-02-24,14.065990089420389,14.448446595280082,13.700713365709305,14.440727233886719,448320000
2021-02-25,13.989047741668749,14.316974745337102,13.16313130162418,13.254014015197754,824436000
2021-02-26,13.69722734472465,13.798817635314652,13.307301288699822,13.659380912780762,500932000
2021-03-01,13.819234727310848,13.869033961341506,13.498778190317397,13.786118507385254,353184000
2021-03-02,13.844135500255799,13.864553293096154,13.342161365725818,13.352370262145996,264116000
2021-03-03,13.372288481570262,13.397436481579216,12.747309959818812,12.753286361694336,377592000
2021-03-04,12.749302617793662,12.922852894444349,12.035184286271841,12.32053279876709,573344000
2021-03-05,12.499559425069663,12.499559425069663,11.632308704404133,12.411415100097656,542840000
2021-03-08,12.39995976529484,12.421124127618032,11.520010701011357,11.546653747558594,543112000
2021-03-09,12.085668531876562,12.570380320180579,12.014929374310588,12.474235534667969,521824000
2021-03-10,12.793309677560007,12.932296665789181,12.411717820927414,12.422428131103516,384376000
2021-03-11,12.902402543037475,12.998299311661766,12.687694727286392,12.9457426071167,299916000
2021-03-12,12.60176150260014,12.84137800317836,12.54372612258318,12.808748245239258,243964000
2021-03-15,12.817465165722231,13.158208142901147,12.720323681685503,13.142765045166016,221988000
2021-03-16,13.307411714289238,13.462838518161057,13.068542937398949,13.242402076721191,272128000
2021-03-17,12.991824107730828,13.403804172306538,12.941758742191908,13.292216300964355,243864000
2021-03-18,13.088220142222372,13.135545224725465,12.670261569305001,12.675741195678711,293896000
2021-03-19,12.703139313327759,12.874009196386721,12.56614486370807,12.798537254333496,299208000
2021-03-22,12.865293491438804,13.345272507132586,12.85931502565977,13.137787818908691,297804000
2021-03-23,13.205538615360009,13.295456950984734,12.973395115950051,13.022713661193848,222048000
2021-03-24,13.102918061675245,13.110889033545208,12.590309221995916,12.596535682678223,245840000
2021-03-25,12.453562514626949,12.66802144997611,12.226898653291949,12.489180564880371,295144000
2021-03-26,12.508360221242423,12.809001433516976,12.32802566282414,12.79206371307373,363968000
2021-03-29,12.773130700711981,13.0144907889492,12.653322911949298,12.900660514831543,273520000
2021-03-30,12.79480042870209,12.927560916338413,12.658303875869729,12.824440956115723,200204000
2021-03-31,12.967662254162988,13.420989848582142,12.934783551601091,13.299189567565918,314776000
2021-04-01,13.522368421618353,13.819023625386853,13.461591793310602,13.760988235473633,308276000
2021-04-05,13.816533522907958,13.962494731258166,13.682527344785477,13.936092376708984,255672000
2021-04-06,13.948297705902563,14.002597032896157,13.722879532840807,13.810555458068848,191744000
2021-04-07,13.829734405751106,14.191151260158252,13.661106906366319,14.091519355773926,251284000
2021-04-08,14.20036660361676,14.418312621618602,14.196629588023145,14.26438045501709,244416000
2021-04-09,14.161760136622581,14.355047386702058,14.122903911178433,14.347076416015625,195172000
2021-04-12,14.237231804937178,15.29607580434181,14.087284632452857,15.15310287475586,869324000
2021-04-13,15.175520404329175,15.642298695804206,15.07015897630807,15.62187385559082,676212000
2021-04-14,15.56757342143402,15.66272242258447,15.171534315585967,15.220852851867676,385500000
2021-04-15,15.604938070709537,16.154660479530673,15.574051864074454,16.077943801879883,598480000
2021-04-16,15.99399807287851,16.106334673297113,15.806938268733886,15.854015350341797,335208000
2021-04-19,15.479398285932946,15.749402181564943,15.177013572325267,15.305290222167969,404420000
2021-04-20,15.266931737952133,15.440043072453125,14.908006256331758,15.115490913391113,334132000
2021-04-21,15.063183469763409,15.306038182131777,15.046744591326041,15.304045677185059,216776000
2021-04-22,15.318492618235641,15.381759641026642,14.729166263249828,14.795671463012695,277788000
2021-04-23,14.879363615592718,15.278640941311782,14.845489127080329,15.209147453308105,227500000
2021-04-26,15.129191549679522,15.422110695504312,15.069411647383998,15.421113967895508,197796000
2021-04-27,15.521241884321276,15.612903751038674,15.298065206668875,15.325215339660645,164572000
2021-04-28,15.308030914991681,15.475164740857569,15.15957836730446,15.220602989196777,209416000
2021-04-29,15.34340000196832,15.379765830719082,15.016107543211453,15.268426895141602,173196000
2021-04-30,15.118727772895102,15.308526913285368,14.941879438167428,14.954333305358887,201912000
2021-05-03,15.069411410988684,15.190713824195964,14.73315219758806,14.782220840454102,203912000
2021-05-04,14.583453950082967,14.583702894438511,13.958758495262643,14.298504829406738,405324000
2021-05-05,14.65493927929447,14.759055975565776,14.334621071122196,14.405360221862793,292024000
2021-05-06,14.441974587843967,14.517695473850004,14.165744240795117,14.469622611999512,193380000
2021-05-07,14.753824629308104,14.915726811597322,14.617825960036255,14.75780963897705,229328000
2021-05-10,14.732902772330645,14.751584051485553,14.197627731992897,14.213319778442383,268904000
2021-05-11,13.774188670983172,14.301991547121727,13.69946450914894,14.253669738769531,285584000
2021-05-12,13.958010377250185,14.20783933441675,13.658864784297744,13.70793342590332,303408000
2021-05-13,13.982172876716831,14.029001024518745,13.409535245687866,13.61502742767334,285404000
2021-05-14,13.838948676923984,14.275338566750431,13.697968278398676,14.190650939941406,258616000
2021-05-17,14.104969746666484,14.11717467222545,13.802585945986333,14.113438606262207,216980000
2021-05-18,14.214564048719183,14.35130955439113,13.952530178000735,13.964237213134766,186256000
2021-05-19,13.516638780467643,14.027753839066552,13.493474603613123,14.014054298400879,344000000
2021-05-20,14.249932964504612,14.629782114343872,14.218050986432957,14.558794021606445,321592000
2021-05-21,15.108018052622167,15.166054390870835,14.814849979402481,14.936650276184082,672992000
2021-05-24,15.156588205382036,15.687131342210156,15.120222378827417,15.554620742797852,554816000
2021-05-25,15.708053851798939,15.760360666635048,15.425596101514737,15.590238571166992,435408000
2021-05-26,15.676421168733075,15.735702226871508,15.528965356400244,15.64229679107666,370440000
2021-05-27,15.642046857508864,15.69211222113816,15.40317812935889,15.431075096130371,581476000
2021-05-28,15.44403099782794,16.21767694767889,15.44403099782794,16.184797286987305,644536000
2021-06-01,16.210203934751263,16.328019228538366,15.844801122756069,16.204723358154297,472804000
2021-06-02,16.192515583059503,16.856565955945943,16.17582681316416,16.716581344604492,594168000
2021-06-03,16.639372479155806,17.195571248695884,16.522055061608018,16.90738296508789,580008000
2021-06-04,17.049605310936567,17.596089458232893,17.032669494095202,17.51364517211914,617120000
2021-06-07,17.506675722418404,17.74703820489032,17.12956674334457,17.554248809814453,575756000
2021-06-08,17.46283462472556,17.55673796608518,17.18759905493115,17.39284324645996,323848000
2021-06-09,17.45537445495699,17.5144200997862,17.196270441472134,17.298416137695312,381656000
2021-06-10,17.290198386485635,17.431709138454295,17.11679834270945,17.364938735961914,287772000
2021-06-11,17.419248285060828,17.877414660065863,17.383622077318115,17.76380729675293,416308000
2021-06-14,17.84427598888684,17.97731494669159,17.601864607504492,17.956636428833008,321376000
2021-06-15,17.85325126082189,17.954151966900646,17.666895541106463,17.72718620300293,243032000
2021-06-16,17.729423980176904,17.8928582145457,17.52388380440414,17.748855590820312,307124000
2021-06-17,17.71323258774539,18.7700763215897,17.69504598066055,18.592939376831055,809656000
2021-06-18,18.71925451472753,19.308217023143403,18.519943127082154,18.574504852294922,968856000
2021-06-21,18.371703230531587,18.472605819565104,17.76131527148521,18.363731384277344,672384000
2021-06-22,18.407831979451938,18.89838571048754,18.322625970093895,18.8216495513916,580144000
2021-06-23,18.942232994544018,19.0867336597578,18.84257729781816,18.991561889648438,332356000
2021-06-24,19.161471913925485,19.353058520618433,19.022451210045137,19.139297485351562,320924000
2021-06-25,19.21404481317408,19.278821304840594,18.829375588695353,18.965404510498047,278364000
2021-06-28,19.294512263445398,20.009539746281707,19.25240821728546,19.916112899780273,495436000
2021-06-29,19.81396615542745,20.029470225090638,19.589243331185592,19.957719802856445,367632000
2021-06-30,19.93031096241236,20.09299819265169,19.795278090307768,19.933549880981445,326568000
2021-07-01,20.055632059782717,20.385490527597725,19.949996529159517,20.142332077026367,480136000
2021-07-02,20.369793862838424,20.434570343264514,20.21781937074688,20.4163818359375,342764000
2021-07-06,20.666020436292737,20.770160059245526,20.28010622792403,20.627155303955078,446708000
2021-07-07,20.78161688378112,20.8030424068204,20.261914895907818,20.30152702331543,418428000
2021-07-08,19.78805462577858,20.063600320047218,19.632841227354213,19.834144592285156,503300000
2021-07-09,19.89369121039719,20.011035507147476,19.68615897824223,19.981138229370117,296624000
2021-07-12,20.17023741661217,20.46197778555114,20.11816760088611,20.44179916381836,321984000
2021-07-13,20.33017540213625,20.390716944690393,20.044663988869065,20.180194854736328,290708000
2021-07-14,20.287580628248975,20.34737328738898,19.68466640492016,19.773109436035156,380100000
2021-07-15,19.743465682566075,19.7785938982397,18.793500346657215,18.90087890625,550564000
2021-07-16,18.964900147522947,19.090963266733112,18.010700300983057,18.09839630126953,688224000
2021-07-19,17.853499010534822,18.976364277481892,17.803919215628007,18.71501922607422,749060000
2021-07-20,18.665437217414535,18.773064743639477,18.101388235116307,18.54784393310547,434687000
2021-07-21,18.81691585718277,19.45969307152444,18.67739902955173,19.343095779418945,371017000
2021-07-22,19.574295529309875,19.818449966161833,19.209555981723096,19.526460647583008,323826000
2021-07-23,19.5882451844346,19.632094138275786,19.18364454445937,19.490583419799805,195672000
2021-07-26,19.244436793032506,19.374983858977348,18.848803969588506,19.227495193481445,203943000
2021-07-27,19.198591207828677,19.554360946532352,18.676397315586588,19.141788482666016,248863000
2021-07-28,19.25241185691331,19.5782844245796,18.929529207405572,19.43577766418457,202191000
2021-07-29,19.451718199146022,19.78456845561129,19.261376580692936,19.594226837158203,190781000
2021-07-30,19.35106352111419,19.56233262989459,19.196599037799633,19.431785583496094,183497000
2021-08-02,19.632097922483993,19.892197976723832,19.29426570330478,19.68192481994629,217444000
2021-08-03,19.671958043759762,20.152296989603176,19.153749973523123,19.746700286865234,301811000
2021-08-04,19.921097238700884,20.247967690687908,19.759654974548358,20.204118728637695,231309000
2021-08-05,20.429337660982515,20.661534325497566,20.271881335250495,20.56586456298828,211435000
2021-08-06,20.45325366267707,20.49909462866521,20.140334945269064,20.29579734802246,178497000
2021-08-09,20.37552283364435,20.4373093965313,20.073567760929837,20.22504425048828,146443000
2021-08-10,20.25195008967123,20.35957761344973,19.766627375953473,19.867280960083008,179238000
2021-08-11,19.97391190338551,19.979891738651794,19.363025922279018,19.6310977935791,185925000
2021-08-12,19.801512240234526,19.95996268817905,19.552373948791477,19.83639144897461,151652000
2021-08-13,19.836388472220936,20.1443233694404,19.782573757798062,20.118412017822266,183063000
2021-08-16,20.065596914124974,20.217073411230743,19.38594658927901,19.881235122680664,210876000
2021-08-17,19.61714508254788,19.70185307512891,19.20058666248463,19.390928268432617,204585000
2021-08-18,19.43278053951517,19.566319396687003,18.93450411542504,18.974367141723633,285913000
2021-08-19,19.42680433496521,20.424355275719023,18.697327164065186,19.72975730895996,766555000
2021-08-20,19.92209227489408,20.79308023295475,19.864293533156978,20.74424934387207,675741000
2021-08-23,20.898709903686807,21.921172171699094,20.877782385657483,21.882307052612305,575807000
2021-08-24,21.678017210916853,21.88330650113912,21.460768250925426,21.717878341674805,297299000
2021-08-25,21.662071688084197,22.392544826376568,21.64712400159845,22.136430740356445,347701000
2021-08-26,22.123474959245595,22.262991755856135,21.71488842565147,21.99193000793457,237940000
2021-08-27,22.107535969309836,22.643681691661413,22.090594367409157,22.5579776763916,304722000
2021-08-30,22.751305343048546,22.963570482185514,22.473267719877327,22.60979461669922,262580000
2021-08-31,22.620760614168464,22.620760614168464,22.047642674505877,22.31177520751953,259850000
2021-09-01,22.41144663929597,22.622753028655936,22.283865100248764,22.367589950561523,201767000
2021-09-02,22.44433930541851,22.51909472765023,22.22206920355075,22.322738647460938,187834000
2021-09-03,22.25196732176619,22.9108042435258,22.12737624359529,22.768272399902344,280532000
2021-09-07,22.758307882725695,22.82409196545465,22.4483244181334,22.587867736816406,198107000
2021-09-08,22.439353122725205,22.53603592576677,21.905105352001236,22.26592254638672,254434000
2021-09-09,22.239016490910437,22.464277065145424,22.058608795237394,22.10445785522461,196856000
2021-09-10,22.2748946360381,22.55198511877038,22.197150672313043,22.404470443725586,248376000
2021-09-13,22.609795740171823,22.88888048395177,21.786497552074803,22.07953643798828,297500000
2021-09-14,22.202133951589552,22.336692569612442,22.013753027023114,22.16924285888672,199755000
2021-09-15,22.236020817611784,22.293831645548725,21.894142459272885,22.267915725708008,166538000
2021-09-16,22.110435843651945,22.20412821528791,21.855272750166648,22.16924285888672,156033000
2021-09-17,22.227054614590994,22.24798583109001,21.758592696915716,21.8283634185791,294503000
2021-09-20,21.076826867613953,21.362888683857676,20.594410879277827,21.043935775756836,349440000
2021-09-21,21.34693855063017,21.354911802354714,20.881467187077302,21.176498413085938,204688000
2021-09-22,21.296108496012426,21.888165314452635,21.126664510196306,21.86922836303711,268726000
2021-09-23,22.067570844468374,22.461279102173783,21.81838869165872,22.4084529876709,248555000
2021-09-24,21.997804384215325,22.076546431149566,21.789488429342764,22.00876808166504,217655000
2021-09-27,21.63898325171852,21.72769282238247,21.255244302712523,21.589147567749023,245215000
2021-09-28,21.144603190689022,21.348932496688196,20.58344330923957,20.63128662109375,343069000
2021-09-29,20.871497126516754,20.948244893055964,20.400043030002205,20.449880599975586,218394000
2021-09-30,20.70006144475727,20.99708693414732,20.620323224212417,20.648231506347656,221009000
2021-10-01,20.682119903644967,20.790762583446227,20.136908439010178,20.67414665222168,240978000
2021-10-04,20.43692580745961,20.47480160606298,19.49103082581489,19.667451858520508,345635000
2021-10-05,19.884739402108554,20.580456026751712,19.789052772537165,20.38409996032715,279282000
2021-10-06,20.054183467600772,20.652219202114356,20.014313404708272,20.632286071777344,297202000
2021-10-07,21.023000423462637,21.25224946522736,20.903394046211478,21.006057739257812,256919000
2021-10-08,21.031972742875528,21.136628803152057,20.707038964304342,20.762855529785156,151258000
2021-10-11,20.507693882375722,20.994096456605053,20.44390216537423,20.627300262451172,163388000
2021-10-12,20.759866211548562,20.988117194123532,20.460848337072985,20.60338020324707,162134000
2021-10-13,20.849571259430128,20.921336231312484,20.645241941754325,20.870502471923828,180652000
2021-10-14,21.218359995410317,21.68383134051635,21.052902671473788,21.674861907958984,243589000
2021-10-15,21.738653534036047,21.85925800191469,21.59113886513245,21.790483474731445,226994000
2021-10-18,21.677860560301653,22.218087520511002,21.573202565670083,22.14931297302246,189494000
2021-10-19,22.203128841785272,22.305792542429998,21.964912250814812,22.217084884643555,161473000
2021-10-20,22.23203574791411,22.359617290338466,21.910092397516213,22.030696868896484,146276000
2021-10-21,22.024716293024067,22.636708092213606,22.010762150737015,22.617769241333008,187590000
2021-10-22,22.748336082650347,23.054330962445018,22.487194064501068,22.651653289794922,249384000
2021-10-25,22.897850050486433,23.27860041757706,22.69551498837549,23.090219497680664,230235000
2021-10-26,23.9105273389636,25.17637336256749,23.84573943509634,24.636144638061523,485898000
2021-10-27,24.393939116260093,25.00792321942295,24.20256586759915,24.371013641357422,245990000
2021-10-28,24.79661760339399,24.868382573846535,24.442779360511576,24.859411239624023,234204000
2021-10-29,24.91921563206718,25.624899789420567,24.918219450808614,25.48336410522461,292503000
2021-11-01,25.565096437115333,25.809293921603484,25.144476013269458,25.74251365661621,265740000
2021-11-02,25.737527951466095,26.590726680343938,25.71559865861731,26.314632415771484,294112000
2021-11-03,26.582757025267508,26.696384427226477,26.14918053197211,26.5109920501709,239910000
2021-11-04,27.139928992611882,31.26239905171974,27.02929203332066,29.703516006469727,1153631000
2021-11-05,30.088251003295557,31.297282321186877,29.313792339899493,29.654674530029297,851260000
2021-11-08,30.05037382681619,30.998263036065406,29.809164902811037,30.703231811523438,503101000
2021-11-09,32.17639722764453,32.20430550943804,29.86597932140083,30.556711196899414,646746000
2021-11-10,29.259970949508748,30.74908322904024,28.68386069593988,29.362632751464844,636206000
2021-11-11,30.368332333995184,30.489932984419298,29.679592774599925,30.290586471557617,332172000
2021-11-12,29.911830378451516,30.579638725096128,29.53307238423617,30.290586471557617,413054000
2021-11-15,30.45205524331211,30.54375334062734,29.15132398754459,29.92677879333496,384909000
2021-11-16,29.66164689739361,30.290581253929304,29.6088188828862,30.10419273376465,264484000
2021-11-17,30.31849214904719,30.409195964278993,28.705785120196275,29.1652774810791,428508000
2021-11-18,32.26112015873358,32.65283230814321,31.21854045241291,31.571382522583008,781711000
2021-11-19,32.13752850967371,32.97976560905506,31.800634810586825,32.87710189819336,533867000
2021-11-22,33.40735581710539,34.533660369454104,31.795646751201797,31.851463317871094,754335000
2021-11-23,31.431844462985936,32.25414653332147,30.778986374975506,31.642154693603516,532163000
2021-11-24,31.358084433513884,32.74752344863697,30.82682705345173,32.567115783691406,435162000
2021-11-26,32.493355877058754,32.60299664841291,31.2474468349952,31.399946212768555,283069000
2021-11-29,32.26012091262168,33.30269671767384,31.93119862998533,33.266815185546875,454964000
2021-11-30,33.06049435573746,33.24389436052743,31.759764944757165,32.56910705566406,622066000
2021-12-01,33.114388375070114,33.184167626613956,31.281177159177126,31.33600425720215,484368000
2021-12-02,31.11569943003582,32.37571869369958,30.927293561836475,32.02482604980469,472890000
2021-12-03,31.899225278294047,32.027820642535175,30.03511346450326,30.596342086791992,544325000
2021-12-06,29.78590054452752,30.14576373785318,27.94970234622703,29.942407608032227,658938000
2021-12-07,30.859517901547957,32.346820208398555,30.554479830021183,32.324886322021484,593053000
2021-12-08,31.898226458005908,32.188310380047575,31.322045727763758,31.725770950317383,475551000
2021-12-09,31.634061878266106,32.103581165831095,30.33217500414839,30.393980026245117,488507000
2021-12-10,31.051901151200305,31.206413705262143,29.766960947879433,30.1028995513916,488825000
2021-12-13,30.153740973557664,30.19859933646938,28.02745685315274,28.072315216064453,598344000
2021-12-14,27.61177507418998,28.58769228803621,27.164189571352388,28.247766494750977,667035000
2021-12-15,28.31056319651723,30.403950320139508,27.750332756169268,30.363079071044922,698297000
2021-12-16,31.053899534566042,31.06187376372511,28.004532628837605,28.297605514526367,707366000
2021-12-17,27.896870039197612,28.830919505652275,27.67257823059536,27.713449478149414,713758000
2021-12-20,27.219016098484527,28.05537286246123,27.05952009504959,27.631711959838867,461847000
2021-12-21,28.284645850680768,29.028296854991318,27.31470852270142,28.98343849182129,524385000
2021-12-22,28.800017170257917,29.46192565947625,28.359407778692482,29.30741310119629,395184000
2021-12-23,29.66129326312554,29.964336743268632,29.33831421297981,29.546655654907227,343022000
2021-12-27,29.566596240467327,30.989102457785446,29.54665876702278,30.847549438476562,403686000
2021-12-28,31.21339111350028,31.231334077242877,29.91748399123054,30.22650909423828,420591000
2021-12-29,30.177663603854032,30.451797181054715,29.273518478931255,29.906518936157227,343139000
2021-12-30,29.733070560375477,30.361087673132488,29.446975608009016,29.492830276489258,308864000
2021-12-31,29.58055454684799,29.9354343785165,29.238634264128304,29.318382263183594,266530000
2022-01-03,29.7211098062086,30.61428811203806,29.691203595037003,30.026145935058594,391547000
2022-01-04,30.18165084016446,30.372049319821922,28.25972307978426,29.1977596282959,527154000
2022-01-05,28.857834470045624,29.323364772152377,27.446295212189224,27.517070770263672,498064000
2022-01-06,27.55295615903355,28.348443450993756,26.979768076203065,28.089262008666992,454186000
2022-01-07,28.052377508601495,28.33249270432617,26.971789766731415,27.161191940307617,409939000
2022-01-10,26.497290128969677,27.382494114013422,25.5632406683439,27.313711166381836,594681000
2022-01-11,27.23695493896439,27.97661882621992,26.754479886883722,27.729398727416992,404089000
2022-01-12,27.978614296455778,28.504951462178063,27.521060087800688,27.910829544067383,383413000
2022-01-13,28.289629905928102,28.39031167418518,26.41455294503116,26.49131202697754,540171000
2022-01-14,26.217172683523167,27.1113490250758,26.127455968299266,26.85715103149414,395832000
2022-01-18,26.177302480368454,26.554112344866216,25.688845811972694,25.821426391601562,424270000
2022-01-19,25.996870135634115,26.459407663390692,24.97310403064186,24.988056182861328,488315000
2022-01-20,25.22431503185262,25.498448638286458,24.00217414256686,24.07394790649414,435181000
2022-01-21,23.432974653185838,24.744830454694682,23.189743544758542,23.30039405822754,718958000
2022-01-24,22.259678694181396,23.30637129274654,20.82222037714528,23.298397064208984,913982000
2022-01-25,22.474995512389242,22.870746504571382,21.9307154992586,22.253694534301758,664616000
2022-01-26,23.16681347265323,23.98124005243623,22.22977314342867,22.700286865234375,755959000
2022-01-27,23.493783457519353,23.919438849325257,21.60674309968497,21.874897003173828,573353000
2022-01-28,21.942680495703392,22.786017001467613,21.228935667863265,22.76807403564453,543774000
2022-01-31,23.108993615367613,24.431816145631064,22.979403852664547,24.40888786315918,564680000
2022-02-01,25.024941605227585,25.065812851502276,23.81476408120491,24.560409545898438,518925000
2022-02-02,25.712773586139047,25.73569997115753,24.47568045285035,25.162511825561523,543419000
2022-02-03,24.380973639655554,24.99802368140635,23.70510939371821,23.87257957458496,410178000
2022-02-04,23.89650713053911,24.55741930721573,23.557577711661764,24.242414474487305,354829000
2022-02-07,24.29524574603593,25.1026943053942,24.125781045791168,24.65012550354004,376868000
2022-02-08,24.28228698772841,25.150544291203026,23.904480837599923,25.028928756713867,410359000
2022-02-09,25.54130782575454,26.6408347629827,25.273155890673355,26.62089729309082,524282000
2022-02-10,25.913138706568642,26.84020840080806,25.519382164128384,25.74267578125,513200000
2022-02-11,25.834377235462245,26.069634008043693,23.698127020666476,23.873571395874023,605472000
2022-02-14,23.85862884432096,24.796665501968615,23.68019168599295,24.190580368041992,440424000
2022-02-15,24.870427450931633,26.46140183291644,24.705948074593312,26.41156005859375,699869000
2022-02-16,26.17631157666795,26.498294408856562,25.471537179000357,26.42751693725586,732676000
2022-02-17,25.549287576906618,25.70380014996148,24.08890276641559,24.429824829101562,810595000
2022-02-18,24.59031284874341,24.90731216889236,23.02725202902934,23.56754493713379,761255000
2022-02-22,22.962454160001126,23.988212791235018,22.9275645399824,23.316335678100586,633422000
2022-02-23,23.72704258537858,24.07893155363586,22.230770094894353,22.316497802734375,566511000
2022-02-24,20.948815630233725,23.725044515703196,20.82420930000137,23.673208236694336,735801000
2022-02-25,23.646297234789348,24.140733592878306,23.30736782876033,24.080923080444336,528866000
2022-02-28,23.91644642718018,24.587327391046674,23.632344083996866,24.308208465576172,477319000
2022-03-01,24.214506278553596,24.300235899548934,23.059155656499062,23.40306854248047,412056000
2022-03-02,23.685225970986814,24.336280413234043,23.34524228336605,24.147842407226562,389642000
2022-03-03,24.189710547156224,24.2535209394166,23.399074019480082,23.64334487915039,365095000
2022-03-04,23.314329501450473,23.609447114971164,22.41501653226553,22.867664337158203,431415000
2022-03-07,22.749016800661877,22.96437474060364,21.266447763904743,21.288381576538086,450821000
2022-03-08,21.24551054038405,22.306339565350985,20.58847361397796,21.449899673461914,557467000
2022-03-09,22.320299923146024,23.150818288505107,22.18071764381372,22.945432662963867,492742000
2022-03-10,22.46387173081111,22.720105999777736,21.816805180949956,22.59049415588379,428066000
2022-03-11,22.953410808497686,23.076045454723392,21.980318734826213,22.03415870666504,367209000
2022-03-14,21.803848494685607,22.195677339606927,21.095964602580043,21.266454696655273,385354000
2022-03-15,21.453885862253337,22.96935741459522,21.25847070445962,22.904550552368164,491996000
2022-03-16,23.42998833057086,24.523720247964146,23.10296639709602,24.42302131652832,671422000
2022-03-17,24.04813969626861,24.76798684900342,23.834776570421486,24.692214965820312,471941000
2022-03-18,24.725117703242326,26.489844911193696,24.550639830280833,26.374189376831055,730719000
2022-03-21,26.42802919116261,27.071108036211722,25.889637069261166,26.65435218811035,591727000
2022-03-22,26.647371123248757,27.156850275284068,25.994323791878227,26.444976806640625,547007000
2022-03-23,26.04816147769014,26.532713584181124,25.49880439684632,25.557628631591797,502120000
2022-03-24,26.08804154718275,28.235623263570396,25.829812434294954,28.066129684448242,877379000
2022-03-25,27.802919332389703,28.273513231464275,27.189751821010642,27.6094970703125,579016000
2022-03-28,27.67330780734801,28.165835529081235,27.124945266667112,28.13492774963379,425494000
2022-03-29,28.60950485138546,28.85975646589663,27.896634994206327,28.570621490478516,488984000
2022-03-30,28.219676873805547,28.411104299754804,27.421062639533556,27.607505798339844,463487000
2022-03-31,27.699230691592014,28.163841976043138,27.188756923217856,27.204708099365234,523440000
2022-04-01,27.29344253044728,27.414082328036937,26.188743757490492,26.632417678833008,517235000
2022-04-04,26.648367352938315,27.475894378510496,26.533710211634048,27.278484344482422,397120000
2022-04-05,27.172802897221544,27.237609777640948,25.74307514409385,25.853744506835938,436615000
2022-04-06,24.859716112456148,25.22462494159722,23.93149001085727,24.334285736083984,703833000
2022-04-07,24.368179386256767,24.64834229932388,23.40804924530621,24.135873794555664,557992000
2022-04-08,23.845746142871228,23.85172878488728,22.99329382056796,23.05012321472168,524781000
2022-04-11,22.147817756385205,22.253500942815894,21.59546745592254,21.851701736450195,575207000
2022-04-12,22.46985714800616,22.657296773923992,21.218595050115738,21.43993377685547,662258000
2022-04-13,21.66326329916609,22.432962530129032,21.39107597210752,22.1368465423584,516943000
2022-04-14,22.437946450799743,22.70913730080681,21.09994582726885,21.19466209411621,569097000
2022-04-18,21.136836430632233,22.02218926461033,21.016196654972152,21.71809959411621,525701000
2022-04-19,21.655286167385736,22.3063404800413,21.25049567770769,22.13186264038086,512781000
2022-04-20,22.449913552276662,22.602457585796717,21.1368379554735,21.417997360229492,468974000
2022-04-21,21.644320110833693,22.325285752038848,19.940412249254727,20.122867584228516,656209000
2022-04-22,20.242512056651538,20.42496741924135,19.441904885705686,19.456859588623047,624713000
2022-04-25,19.14479141968029,19.885577840769354,19.039108228053102,19.84270668029785,641566000
2022-04-26,19.659252706344454,19.729043844449905,18.614374777282016,18.732023239135742,653143000
2022-04-27,18.542587544483734,19.10989247416375,18.23550655747405,18.36013412475586,499460000
2022-04-28,18.910488306653104,19.977301919519842,18.434910207307524,19.723060607910156,570327000
2022-04-29,19.344197292068042,20.06803419949643,18.461833687592772,18.491744995117188,500435000
2022-05-02,18.48576255245507,19.51568405448222,18.336209816554007,19.474807739257812,572049000
2022-05-03,19.342200337321106,19.7659352569291,19.07599562451621,19.543598175048828,475751000
2022-05-04,19.863641752299557,20.33921986356432,18.695132726502678,20.27341651916504,648855000
2022-05-05,19.8078139209031,19.86563979176818,18.444885832875407,18.787860870361328,626331000
2022-05-06,18.68017713798414,19.45386415893865,17.93639951654731,18.61935806274414,633297000
2022-05-09,17.980269856071814,18.200610175903677,16.776865264300895,16.899499893188477,644455000
2022-05-10,17.636299465737004,18.143783810287378,16.974278119895548,17.542579650878906,761474000
2022-05-11,17.29531869321598,17.70010924577166,16.518640215360524,16.580453872680664,670167000
2022-05-12,16.17067961115199,16.73798466846581,15.520622598818264,16.12681007385254,708728000
2022-05-13,16.73798356385744,17.874586549641382,16.543564832253985,17.653247833251953,670437000
2022-05-16,17.456833430342392,17.735001491928404,17.055034273977807,17.212562561035156,521446000
2022-05-17,18.020150928461515,18.316266948710442,17.581463204511554,18.122844696044922,585830000
2022-05-18,17.652250113395763,18.064019738570103,16.813756162184983,16.887535095214844,545161000
2022-05-19,16.88653775929863,17.634303190844598,16.684141563200637,17.072980880737305,621310000
2022-05-20,17.280363930362633,17.35813066451446,15.708061631405265,16.644264221191406,739105000
2022-05-23,16.225516631801014,16.86460770868563,16.130800340603695,16.847658157348633,639889000
2022-05-24,16.460813405318188,16.54755410720824,15.732987737093548,16.105873107910156,588550000
2022-05-25,15.972272324867756,17.060021530351076,15.952331454150205,16.924427032470703,781132000
2022-05-26,15.988220610755953,18.038094588752674,15.974262384109384,17.797813415527344,996575000
2022-05-27,18.131815573979985,18.82474451489988,18.046071370079833,18.754953384399414,738379000
2022-05-31,18.923452187686582,19.142797955948794,18.29532999144944,18.616371154785156,664100000
2022-06-01,18.668216603337324,18.9962349851399,18.068008952451528,18.265419006347656,544514000
2022-06-02,18.237502324193954,19.56054844841514,18.143782516021254,19.533628463745117,648656000
2022-06-03,19.025147490431646,19.274402636121195,18.466814594887644,18.66422462463379,598779000
2022-06-06,19.08197511741872,19.279385129007327,18.508687574396717,18.730026245117188,422406000
2022-06-07,18.41697137996111,18.94339832756792,18.133817030465554,18.869619369506836,388914000
2022-06-08,18.74695554636219,19.12690128125382,18.483686480121612,18.59637451171875,363252000
2022-06-09,18.42983530392258,18.880583584037574,17.991052933850728,17.99803352355957,395574000
2022-06-10,17.5512700639211,17.64800161515912,16.822293135540402,16.927003860473633,465248000
2022-06-13,15.955702020878928,16.266838484183843,15.562792805356883,15.603679656982422,604153000
2022-06-14,15.687446432401757,16.021518975223227,15.369329385877796,15.792156219482422,469680000
2022-06-15,16.050439932166825,16.821300578805904,15.881908139766276,16.481245040893555,563936000
2022-06-16,15.816088757865616,15.897862458387,15.35835993661818,15.557806015014648,545749000
2022-06-17,15.604675799839594,15.950715197159008,15.285562074810612,15.836033821105957,630334000
2022-06-21,16.429386318006205,16.960909651002094,16.36157379723121,16.52013397216797,483089000
2022-06-22,16.181077014713374,16.61587073985761,16.135204840649315,16.314706802368164,437135000
2022-06-23,16.473265177528255,16.539082437023865,15.809109627633456,16.18008041381836,463680000
2022-06-24,16.454318352824092,17.09254584996885,16.26484385133375,17.078584671020508,472153000
2022-06-27,17.26407044859053,17.282020263994987,16.579968879448046,16.822296142578125,427968000
2022-06-28,16.853210426478878,17.15437435755345,15.900854507260869,15.937752723693848,461149000
2022-06-29,15.770218251263673,15.776201206281394,15.128001145361374,15.498970985412598,482352000
2022-06-30,15.31847053785556,15.52390051921732,14.820852506876262,15.117030143737793,686070000
2022-07-01,14.857751323588166,15.021296837715987,14.352155016267275,14.482791900634766,577610000
2022-07-05,14.135755105271844,14.929550817854716,14.016087452919178,14.92257022857666,651397000
2022-07-06,14.968441379830335,15.276585853130747,14.748052602740911,15.088109016418457,529066000
2022-07-07,15.413207136407195,15.900852605446328,15.34639225199434,15.814093589782715,492903000
2022-07-08,15.387279970974781,15.992599747893234,15.346393120597432,15.794150352478027,467972000
2022-07-11,15.483012377539282,15.484010012025513,14.996363612260746,15.110048294067383,437321000
2022-07-12,15.225729017833062,15.388277846313347,14.835811736826283,15.040244102478027,458483000
2022-07-13,14.549607579077355,15.332434145906136,14.424953642931776,15.122017860412598,521918000
2022-07-14,15.066172037556123,15.430161276206992,14.687223985290593,15.32944107055664,456235000
2022-07-15,15.615646381948205,15.738305033694623,15.402238169306203,15.718360900878906,385935000
2022-07-18,16.25686498780902,16.850216937133126,15.957696353307478,16.056421279907227,670517000
2022-07-19,16.440356240924725,17.062629156569145,16.127226415976143,16.944955825805664,702366000
2022-07-20,16.900078566553773,17.883348644030917,16.7544828947443,17.7576961517334,760538000
2022-07-21,17.835484504614854,18.093766321144624,17.496425663382336,18.00002670288086,557049000
2022-07-22,17.843463625700892,17.917258166341586,17.089556062811305,17.271053314208984,536671000
2022-07-25,16.971880453577725,17.076591197104143,16.602905897371375,16.97686767578125,480748000
2022-07-26,16.842239834616713,16.872157459195602,16.43237845884533,16.487226486206055,397865000
2022-07-27,16.984842903526864,17.886341221329417,16.866172897497414,17.740745544433594,569776000
2022-07-28,17.925237772890636,18.08977999214664,17.39171903743578,17.93421173095703,474646000
2022-07-29,17.763683382729887,18.193489890290078,17.64301808926749,18.112714767456055,435460000
2022-08-01,18.13166037008038,18.79382347486427,17.940192505913,18.389944076538086,476469000
2022-08-02,18.071825862895118,18.885566611126666,18.041908238318054,18.474706649780273,489527000
2022-08-03,18.133655821615758,18.915485636087563,18.08678506318179,18.8406925201416,418146000
2022-08-04,18.796812618454407,19.22063513569803,18.708058337909296,19.16179847717285,409652000
2022-08-05,18.757920901412877,19.17576145516048,18.614320486775554,18.936426162719727,386068000
2022-08-08,17.45354536402082,18.188504443935763,17.19426496293747,17.743738174438477,981859000
2022-08-09,17.20423899397108,17.398698836090517,16.677700873007122,17.038698196411133,668263000
2022-08-10,17.649004232789324,18.067841567146683,17.26905848827763,18.046899795532227,597422000
2022-08-11,18.080806109395972,18.655211706632087,17.826510993938886,17.8923282623291,509327000
2022-08-12,18.109721945226894,18.666177625548745,17.903294316475968,18.657201766967773,478094000
2022-08-15,18.64922796080583,19.110945527296405,18.561472236217575,18.979310989379883,457666000
2022-08-16,18.867617579479603,19.08900306515244,18.449777011947884,18.826730728149414,451240000
2022-08-17,18.47171804037453,18.63626023321667,18.09476431039142,18.284236907958984,446799000
2022-08-18,18.2503302730506,18.812767894027008,18.132656951420675,18.721023559570312,415447000
2022-08-19,18.355042477008766,18.468727183536906,17.72080358497965,17.799585342407227,441588000
2022-08-22,17.44157616837466,17.509388691765842,16.91902677104241,16.986839294433594,409593000
2022-08-23,16.94196075102711,17.416642622928492,16.923012354411128,17.1334285736084,369986000
2022-08-24,16.96489685836931,17.357806968229475,16.848222128016733,17.17431640625,522661000
2022-08-25,16.797366467637275,17.897313400062618,16.78639724119501,17.863407135009766,770691000
2022-08-26,17.807563767738106,17.874377717185446,16.192047853448514,16.214984893798828,769127000
2022-08-29,15.97564814658675,16.29276663412164,15.723348333249264,15.757253646850586,496132000
2022-08-30,15.915815109572485,15.994595920392342,15.139969108143745,15.425177574157715,530181000
2022-08-31,15.341409823464284,15.496978080522329,14.91758622911399,15.052212715148926,573710000
2022-09-01,14.169658975117944,14.340186004315418,13.233259619419709,13.898412704467773,1178865000
2022-09-02,14.060961579559567,14.13176414907431,13.553370076539666,13.60921573638916,743157000
2022-09-06,13.692984371926862,13.740851814141763,13.314036323816168,13.42772102355957,535751000
2022-09-07,13.529468012385438,13.803788702525829,13.313004492414725,13.680094718933105,512657000
2022-09-08,13.425726414837639,13.97336992015191,13.335949711141568,13.955413818359375,624873000
2022-09-09,14.122000907484114,14.438217613905524,14.091078359455306,14.351432800292969,486612000
2022-09-12,14.333474709676818,14.511034122553694,14.162897008334632,14.469138145446777,484159000
2022-09-13,13.767881100371403,13.887584342724397,13.06661886831625,13.098539352416992,714956000
2022-09-14,13.221231803218423,13.257143051448159,12.881075254382225,13.09554386138916,588507000
2022-09-15,12.982823422794079,13.200283922132007,12.758379308646864,12.897035598754883,523625000
2022-09-16,12.710498889536233,13.179337223190453,12.585807914194328,13.165371894836426,670751000
2022-09-19,12.979830907792524,13.429716127163072,12.97783599693244,13.348916053771973,569685000
2022-09-20,13.182329079094677,13.44966616014184,13.024719705664902,13.143424987792969,524818000
2022-09-21,13.180334501882477,13.996312044305188,13.07758850400222,13.228215217590332,807679000
2022-09-22,13.03768878499316,13.116493957539719,12.397276654319372,12.529947280883789,759162000
2022-09-23,12.389296389257975,12.579824199786678,12.226699237698918,12.485058784484863,663309000
2022-09-26,12.460119453590893,12.627704338358164,12.183803837251507,12.197769165039062,547343000
2022-09-27,12.47607929062904,12.70451323216134,12.227695289178223,12.382311820983887,553854000
2022-09-28,12.379319288548018,12.791298357950701,12.323457977799615,12.704513549804688,542414000
2022-09-29,12.417225794477423,12.469097284845578,11.916466992118151,12.189789772033691,532763000
2022-09-30,12.057118225117197,12.601768874936441,12.045147807986924,12.108989715576172,565638000
2022-10-03,12.316475611950034,12.646657634128852,12.075073310975306,12.481067657470703,547478000
2022-10-04,12.847159945252836,13.187317472632325,12.847159945252836,13.134448051452637,584182000
2022-10-05,12.87908219169331,13.288068453828838,12.589799156184034,13.176344871520996,507131000
2022-10-06,13.187318514603342,13.622240530173615,13.07060717712235,13.097540855407715,644157000
2022-10-07,12.474083761565735,12.638675790831929,11.992278089651654,12.046144485473633,672478000
2022-10-10,12.007239883816968,12.094024681790135,11.379795288609536,11.64114761352539,698699000
2022-10-11,11.532417118510912,11.816712348676244,11.255104551505667,11.557355880737305,667482000
2022-10-12,11.550375185170276,11.705988711915621,11.316953468077253,11.471570014953613,492590000
2022-10-13,10.943876148054613,12.048139665363264,10.786266778590695,11.930431365966797,850103000
2022-10-14,12.0271914472458,12.081057843251315,11.176300644723986,11.199243545532227,713432000
2022-10-17,11.489524053285416,11.9184612819513,11.488527073512962,11.858609199523926,580774000
2022-10-18,12.313483940586105,12.461117830022587,11.589278871439754,11.937416076660156,659362000
2022-10-19,11.849633087075178,12.319469375980995,11.80474425754511,12.021207809448242,523131000
2022-10-20,12.08305357020032,12.73743191217373,12.075072975272215,12.163853645324707,652398000
2022-10-21,12.068090417832614,12.467102092739703,11.85761257031653,12.4351806640625,609494000
2022-10-24,12.477077391333092,12.678577660700563,12.034174829585528,12.567852020263672,517457000
2022-10-25,12.662617544617813,13.26711930987685,12.63269102706923,13.228215217590332,505482000
2022-10-26,12.837185850244591,13.354901886783574,12.676583621317251,12.864118576049805,532953000
2022-10-27,13.59630304820485,13.803788998303101,13.089558589412318,13.143424987792969,583113000
2022-10-28,13.071604141512527,13.815760155792058,13.028710226197942,13.799798965454102,521040000
2022-10-31,13.74393706149706,13.803789144395994,13.264126272475048,13.463631629943848,486341000
2022-11-01,13.776855711937651,13.89057419579045,13.485577789770767,13.50951862335205,432817000
2022-11-02,13.815759886644688,14.174869538553562,13.17833970749939,13.186319351196289,672628000
2022-11-03,13.010756351656955,13.746931842934734,12.923971532697045,13.387821197509766,500065000
2022-11-04,13.951423355113537,14.1938226319805,13.663137321682004,14.121003150939941,612576000
2022-11-07,14.192825541805423,14.376370676305802,13.919503702415724,14.265645027160645,410061000
2022-11-08,14.764407269491864,14.854184915550686,14.180853521426073,14.565899848937988,595292000
2022-11-09,14.126986819932588,14.175866414863753,13.724983283457384,13.741941452026367,454414000
2022-11-10,14.76341034070044,15.734004379130576,14.51103557058689,15.711061477661133,700819000
2022-11-11,15.767920535169456,16.348481436653724,15.443724222491777,16.28663444519043,655487000
2022-11-14,16.177901866300843,16.499106232735553,15.882633238435714,16.254711151123047,527852000
2022-11-15,16.680659131421315,16.955975861509707,16.341499544736198,16.624797821044922,545876000
2022-11-16,16.122045274835585,16.32154969717503,15.833759225066268,15.870667457580566,649547000
2022-11-17,15.676150794914285,16.225789250714072,15.496595471995533,15.63824462890625,710894000
2022-11-18,15.926527067026893,15.962439267152297,15.082618903576678,15.370904922485352,492072000
2022-11-21,15.109553993521583,15.438738093483565,15.042719242364662,15.279133796691895,404739000
2022-11-22,15.290104492204474,16.018300200179006,15.084613460927303,15.9983491897583,472866000
2022-11-23,16.05820026675545,16.486140496528126,16.008324643497133,16.478158950805664,427241000
2022-11-25,16.277658047637875,16.44623895293213,16.13201909254946,16.22977638244629,167934000
2022-11-28,15.98637975502715,16.31656273871607,15.68612519322037,15.787872314453125,303741000
2022-11-29,15.787871978822768,15.89261289133373,15.481631739149844,15.600337028503418,298384000
2022-11-30,15.662198222921692,16.892465330806235,15.56242050073122,16.885480880737305,565298000
2022-12-01,16.961311508590725,17.22672059418411,16.598118225185257,17.097009658813477,470977000
2022-12-02,16.622066938764753,16.895459640770735,16.408540682249722,16.838584899902344,371389000
2022-12-05,16.64202078226574,16.957320143368804,16.43547900431618,16.57317352294922,352255000
2022-12-06,16.493351572776334,16.53625550550943,15.783927508680161,15.951555252075195,352694000
2022-12-07,15.737030105203344,16.150112680566554,15.632262419910722,16.084259033203125,372388000
2022-12-08,16.236922259213415,17.140913726572844,15.923617339692608,17.130935668945312,515456000
2022-12-09,17.121954302942694,17.54401680190964,16.937365000489294,16.963306427001953,465338000
2022-12-12,16.99922915428006,17.499117875319435,16.75976146929497,17.496124267578125,457328000
2022-12-13,18.489912854613223,18.748339371405248,17.671731278565026,18.031930923461914,656589000
2022-12-14,17.94711905663919,18.2115327974786,17.381376762267838,17.63481330871582,496888000
2022-12-15,17.107987414571323,17.281601445328924,16.662977044280925,16.914417266845703,478542000
2022-12-16,16.826611361927757,17.003218983176044,16.373617447522786,16.534259796142578,478232000
2022-12-19,16.53525994983705,16.57217667143344,16.109206574205285,16.21796417236328,354039000
2022-12-20,16.028387846789393,16.273842793219973,15.816858875179861,16.049341201782227,403260000
2022-12-21,16.078275356146534,16.590138515163844,16.066300925017234,16.46441650390625,325025000
2022-12-22,16.0583199304805,16.10222300797655,14.849007005999164,15.304993629455566,565045000
2022-12-23,15.16230702391327,15.304989609397857,14.850001291940533,15.172285079956055,349326000
2022-12-27,15.04058027199165,15.066522651056324,14.024836646016347,14.089693069458008,464902000
2022-12-28,13.896123310795858,14.230380640006066,13.853218422811985,14.004881858825684,351066000
2022-12-29,14.370069773045314,14.650445953818707,14.195457574978805,14.570623397827148,354923000
2022-12-30,14.30222215199044,14.596568233600799,14.201446229451317,14.581602096557617,310490000
2023-01-03,14.818075144951218,14.962754136499147,14.064748866809973,14.283263206481934,401277000
2023-01-04,14.534705251277302,14.820070487005857,14.209427782320121,14.716300964355469,431324000
2023-01-05,14.458874351118146,14.53171246808561,14.116634353930149,14.233375549316406,389168000
2023-01-06,14.44191076025438,14.976722686175162,14.00288666985135,14.826057434082031,405044000
2023-01-09,15.25011511747284,16.020402921173815,15.107431553171974,15.593352317810059,504231000
2023-01-10,15.472621454131234,15.926612657782302,15.437699200244237,15.873730659484863,384101000
2023-01-11,15.804881372380587,15.992464284529852,15.528495081310508,15.965523719787598,353285000
2023-01-12,16.064305755567425,16.60011394726638,15.457652972865747,16.474393844604492,551409000
2023-01-13,16.24191245912775,16.884485751855593,16.129164009129322,16.861536026000977,447287000
2023-01-17,16.86153118295506,17.688693570535168,16.86153118295506,17.662750244140625,511102000
2023-01-18,17.62783226446367,17.833374940410984,17.243685577032387,17.338476181030273,439624000
2023-01-19,16.998228042242104,17.158872284903268,16.693905869643526,16.727828979492188,452932000
2023-01-20,16.973286475081306,17.816414337109105,16.787699916065623,17.79945182800293,564967000
2023-01-23,18.0239511412495,19.202334514054723,17.77849813911899,19.150449752807617,655163000
2023-01-24,18.7852576049282,19.451777728959655,18.778273155345232,19.222286224365234,496204000
2023-01-25,18.87107002531869,19.327057588077132,18.538808102919397,19.280160903930664,449537000
2023-01-26,19.657320791237296,20.121289984084356,19.235258296776955,19.75809669494629,489535000
2023-01-27,19.41885115591402,20.582266410433473,19.36197832095678,20.319849014282227,542142000
2023-01-30,19.90577336731511,20.095350783793005,19.107545755024255,19.11952018737793,488611000
2023-01-31,19.12750161644277,19.643355663941833,18.907990025151328,19.493688583374023,498017000
2023-02-01,19.647343286751223,21.14501488817615,19.567520729990026,20.896568298339844,660477000
2023-02-02,20.953440010374486,21.90033534849852,20.654105914331332,21.66086769104004,564276000
2023-02-03,20.953438276075058,21.69678728086083,20.742905669015506,21.0532169342041,429366000
2023-02-06,20.759876102438433,21.522182372807105,20.73991998256734,21.04224967956543,452197000
2023-02-07,21.334593701458743,22.20965010200628,21.103107721044175,22.12384033203125,664150000
2023-02-08,22.33736696829217,22.827279543884256,21.959207503696422,22.155771255493164,559651000
2023-02-09,22.555882109825383,22.96896380674192,22.07095953858251,22.287477493286133,523876000
2023-02-10,21.641912436236254,22.02905079986804,20.76486152389426,21.217853546142578,550737000
2023-02-13,21.49024697725974,21.99911645552033,20.91552384659178,21.73969268798828,474919000
2023-02-14,21.53016116062426,22.997900655540672,21.318631266584543,22.920074462890625,675474000
2023-02-15,22.499006113761624,22.804327433692144,22.056989406086455,22.713529586791992,420575000
2023-02-16,22.08393046172455,22.500005788164945,21.878387788866807,21.953222274780273,412026000
2023-02-17,21.58304317749563,21.691800771351655,20.92849743532747,21.3405818939209,465888000
2023-02-21,20.953441579866375,21.44634583081081,20.5722885301492,20.609207153320312,410015000
2023-02-22,20.661093956622445,21.05721318053683,20.37572680694439,20.707988739013672,513184000
2023-02-23,23.388033612605756,23.8350403425162,22.973952761903,23.611536026000977,1117995000
2023-02-24,23.17350751127071,23.421955993730073,22.89612399551086,23.234371185302734,589716000
2023-02-27,23.617520428698207,23.827053916300855,23.401999726272685,23.448894500732422,452994000
2023-02-28,23.320182165733303,23.772178848920596,23.154549835484183,23.164527893066406,455963000
2023-03-01,23.14057875941402,23.204437941311127,22.458095290551928,22.647674560546875,460026000
2023-03-02,22.438146710867823,23.328167510652396,22.38226919901642,23.262313842773438,389415000
2023-03-03,23.268296382829778,23.847010375257764,23.078717103361356,23.837032318115234,412393000
2023-03-06,23.838030356325884,24.194237273970714,23.434924859466854,23.50177764892578,437429000
2023-03-07,23.551677824513874,24.07560247170694,23.193411743392723,23.24031639099121,515154000
2023-03-08,23.438905826491442,24.150447084590173,23.37603510396069,24.131484985351562,513573000
2023-03-09,24.125499097663184,24.403929057492398,23.33512096029611,23.38801383972168,501257000
2023-03-10,23.36106942050816,23.578623466893095,22.679467330163575,22.917978286743164,474866000
2023-03-13,22.70541520633813,23.250296778148737,22.251346912588748,22.918975830078125,421890000
2023-03-14,23.447890629973315,24.169409811888126,23.411963139447696,24.013729095458984,474910000
2023-03-15,23.71234953099833,24.2362742238191,23.312171498969583,24.178394317626953,524486000
2023-03-16,23.97780468614888,25.535607427755508,23.845075681386035,25.488704681396484,583253000
2023-03-17,25.9287988632653,26.3449448193976,25.61544073749828,25.672325134277344,848547000
2023-03-20,25.56255140531931,25.970714347329455,25.07854386503028,25.846967697143555,432747000
2023-03-21,26.126395026788483,26.337960836204616,25.329031245204536,26.145355224609375,547408000
2023-03-22,26.37088997719431,27.532507969585293,26.183275210273973,26.413803100585938,797295000
2023-03-23,27.059477978352234,27.442692460706514,26.635348987272323,27.13532257080078,564889000
2023-03-24,26.975653609349873,27.111374826778054,26.301037139360137,26.72416877746582,454920000
2023-03-27,26.782050151047695,26.944716509158773,26.3110164665487,26.47667694091797,361026000
2023-03-28,26.392849502534016,26.45871435039119,25.7970717555382,26.355924606323242,356104000
2023-03-29,26.77007235480998,27.022552652943062,26.542538581113224,26.92874526977539,393694000
2023-03-30,27.17324699449219,27.44269460926943,27.04650622795167,27.32693099975586,364516000
2023-03-31,27.084432189356225,27.777011517821233,27.049504001618953,27.720129013061523,433933000
2023-04-03,27.45267208283813,27.94266591204821,27.280025990589856,27.907737731933594,398716000
2023-04-04,27.908739678999307,27.942670460474673,27.251088574745484,27.39678955078125,368592000
2023-04-05,26.77406658654195,26.9427192704289,26.3409552107088,26.825960159301758,515015000
2023-04-06,26.529570152574795,27.02455490537043,26.372892013788857,26.981643676757812,397654000
2023-04-10,26.768077072918704,27.564443419953324,26.614393073942708,27.52252960205078,395279000
2023-04-11,27.66723481289394,27.7330996597478,27.070457767266205,27.113370895385742,314378000
2023-04-12,27.313958486817846,27.4117573972983,26.393845475280525,26.440750122070312,446259000
2023-04-13,26.67925655636213,26.831943139385213,26.275087085274208,26.408811569213867,353615000
2023-04-14,26.44973120006375,26.827954885781043,26.166312310977247,26.703210830688477,395660000
2023-04-17,26.510603252147177,26.95070019905627,26.3788735796498,26.94670867919922,321471000
2023-04-18,27.476627054688475,28.05244531067526,27.300986821273888,27.6103515625,604812000
2023-04-19,27.304977218888993,27.94266877758147,27.176241641344223,27.873809814453125,358660000
2023-04-20,27.614340416338198,27.972606485594795,26.944714827313312,27.04850196838379,427713000
2023-04-21,26.896812971013922,27.127340875735126,26.66728437395246,27.0634708404541,345103000
2023-04-24,26.957689535565127,27.309965480209698,26.61638884445198,26.986629486083984,339282000
2023-04-25,27.02255136042849,27.19120592261038,26.1712993166917,26.187265396118164,378527000
2023-04-26,26.946707940661295,27.27403540128356,26.650315233944067,26.900800704956055,406337000
2023-04-27,27.306978111281907,27.438707825230463,26.57048821778214,27.170257568359375,377161000
2023-04-28,27.169255299832017,27.701162985929276,27.015569392110717,27.692182540893555,292216000
2023-05-01,27.782996461743867,28.99850296142685,27.723119847489293,28.850805282592773,570329000
2023-05-02,28.621273856351937,28.776954560836412,28.025496178380074,28.15223503112793,402730000
2023-05-03,27.782993707204334,28.30891502450401,27.415747210218576,27.745071411132812,383387000
2023-05-04,27.594380294690612,27.801954572191782,27.184222567509938,27.505563735961914,321850000
2023-05-05,27.76902351276572,28.696120235561477,27.67421872062941,28.621274948120117,361494000
2023-05-08,28.46359684267218,29.160167550884644,28.291950055367597,29.09130859375,344979000
2023-05-09,28.839830211659567,28.91367810469715,28.391750121433198,28.512500762939453,314869000
2023-05-10,28.94560847700235,29.053389041510602,28.402723651406696,28.825855255126953,369350000
2023-05-11,28.8368313012262,28.890721581405018,28.188162647959096,28.519481658935547,322149000
2023-05-12,28.470583157825374,28.72107056378974,27.988572349830026,28.281970977783203,274222000
2023-05-15,28.44962451405931,28.909680980904948,28.094354488734744,28.893712997436523,293926000
2023-05-16,28.781946830273363,29.808841156723194,28.77296638486964,29.15318489074707,449405000
2023-05-17,29.523423532319487,30.137164031905737,29.369739532230806,30.116207122802734,432535000
2023-05-18,30.347732971846412,31.76282877397273,30.257917101676483,31.613136291503906,748725000
2023-05-19,31.471424084571897,31.515334611569322,30.852694703812897,31.199981689453125,473908000
2023-05-22,30.837725120407754,31.455459020418363,30.61717888104211,31.112163543701172,372000000
2023-05-23,30.936525465603022,31.223935873295638,30.568281535055462,30.625164031982422,356253000
2023-05-24,30.148138304684203,30.544326634762978,29.744966242348955,30.475467681884766,721419000
2023-05-25,38.44412443571779,39.399165745558044,36.55998955658973,37.90223693847656,1543911000
2023-05-26,37.81241541975771,39.08979325980009,37.47311145513567,38.86625289916992,714397000
2023-05-30,40.51188361880298,41.852132355940626,39.867206384616175,40.028873443603516,923401000
2023-05-31,39.40714336242504,40.21249015793831,37.74455429743757,37.75653076171875,1002580000
2023-06-01,38.410189027460895,39.967993574032356,38.2614958531395,39.688568115234375,635873000
2023-06-02,40.01490294369922,40.417077693745,38.97802879731639,39.24647903442383,482731000
2023-06-05,38.82932905392205,39.48398404045427,38.627743010740026,39.09079360961914,396094000
2023-06-06,38.75049794421731,39.07982029424169,38.06989131464503,38.57485580444336,388729000
2023-06-07,38.8393365135724,39.42220064737449,37.28336583715142,37.40213394165039,511998000
2023-06-08,37.650652361661095,38.78843525380602,37.43208020342754,38.435123443603516,417772000
2023-06-09,38.961101220453585,39.633790585447805,38.49201760502022,38.69462203979492,427717000
2023-06-12,39.12378588583667,39.453142301230535,38.542916712430916,39.405235290527344,388701000
2023-06-13,40.107864800357326,41.0210866253636,39.66273283742683,40.942237854003906,613208000
2023-06-14,40.74463080916541,42.916398894689806,40.47315646710425,42.91340637207031,740465000
2023-06-15,42.51916882992291,43.20483334915505,42.065051672698964,42.570068359375,568622000
2023-06-16,43.36551137616434,43.63598431992395,42.57804414029088,42.608985900878906,655709000
2023-06-20,42.914401391724816,43.90447325497645,42.591030025374586,43.72282409667969,451153000
2023-06-21,43.41642607769267,43.530206665673255,41.9981911201456,42.96131134033203,551603000
2023-06-22,42.1708393507878,43.341558841574994,42.15187909756703,42.941341400146484,417737000
2023-06-23,42.38143932936339,42.725765968157205,41.9333109957247,42.12693405151367,358140000
2023-06-26,42.37844793444695,42.68086025771663,40.0220380144833,40.55300521850586,594322000
2023-06-27,40.71967293420545,41.858453292545065,40.369357466339395,41.794578552246094,462175000
2023-06-28,40.58094002022697,41.76363726159132,40.43921783251657,41.037052154541016,582639000
2023-06-29,41.47719909021722,41.51911724853508,40.52106150883683,40.74263000488281,380514000
2023-06-30,41.5989647398468,42.467272192490576,41.420311904436474,42.21975326538086,501148000
2023-07-03,42.43432230383558,42.81458195203503,42.11993620443262,42.33052444458008,198209000
2023-07-05,42.05307299440359,43.09304679541421,42.003170973529485,42.23472213745117,323618000
2023-07-06,41.76264953628558,42.09699732253943,41.265616640980895,42.02114486694336,303582000
2023-07-07,42.239712723775206,43.129980526432945,42.097990517388034,42.42036056518555,355881000
2023-07-10,42.57405800948138,42.72775789742395,41.56801476475212,42.097984313964844,353908000
2023-07-11,42.398400353937646,42.67486219078261,41.98520766702778,42.322547912597656,298244000
2023-07-12,42.949321638490275,43.849568091588466,42.69381892243994,43.81663131713867,481277000
2023-07-13,44.43144838419821,46.065262910266576,44.40549795947818,45.887611389160156,478204000
2023-07-14,46.49243252940778,47.994507542631396,44.97239476607481,45.38059997558594,772075000
2023-07-17,46.19900003919172,46.40559448511717,45.17399644703976,46.370662689208984,510488000
2023-07-18,46.61019215993459,47.802868230083774,45.64507339337393,47.401649475097656,569164000
2023-07-19,47.37171842574284,47.72503024968798,46.65112205838491,46.985469818115234,427502000
2023-07-20,46.41657614955658,46.99545027981004,44.974385975713794,45.431495666503906,537865000
2023-07-21,45.698975360580505,45.77682663388391,44.014257511133955,44.22285079956055,963769000
2023-07-24,44.644025212328465,45.02129240158318,43.95437069346409,44.5252571105957,382516000
2023-07-25,44.85361925028961,46.09320109466631,44.83565269586211,45.59018325805664,348081000
2023-07-26,45.93151461260815,45.963453882826926,44.543220492794724,45.36362075805664,364237000
2023-07-27,46.42855262404122,47.30284884094631,45.66104681024001,45.81075668334961,455976000
2023-07-28,46.577265904182916,46.93556908272483,46.2908251472219,46.65910720825195,331194000
2023-07-31,46.6630907290073,47.038359066996236,46.415571856481925,46.63813781738281,251055000
2023-08-01,46.36966307349115,46.808809981833214,45.9375063312931,46.41657257080078,237858000
2023-08-02,45.741901211283505,45.7508825874242,43.30265234913006,44.18293762207031,530142000
2023-08-03,43.71483401069051,45.030272068122756,43.71483401069051,44.428443908691406,324176000
2023-08-04,44.897535492129286,45.55325576078865,44.30668747221976,44.5931282043457,362666000
2023-08-07,45.02329239286848,45.45145915668349,44.47635751419299,45.328697204589844,322154000
2023-08-08,44.76579541158173,45.15403903929904,43.970344091683025,44.57716369628906,353843000
2023-08-09,44.18791316298273,44.2258412871121,42.05207472701769,42.47126007080078,586449000
2023-08-10,42.07803421130193,43.48928663606157,41.75366530069566,42.30559158325195,492705000
2023-08-11,41.669820039034846,41.93630299373014,40.55998266636193,40.77556228637695,533085000
2023-08-14,40.40728777661957,43.71484392430669,40.23262877049562,43.66793441772461,690286000
2023-08-15,44.473373527514866,45.1799973073712,43.62502370424668,43.854576110839844,676512000
2023-08-16,44.43343331071029,44.58813070182248,43.32159721036821,43.40144348144531,527451000
2023-08-17,43.88449818067086,43.97631833540886,42.91738070891908,43.25971603393555,452395000
2023-08-18,42.55209527796399,43.49326242209668,41.57899267212394,43.214805603027344,583768000
2023-08-21,44.40749503476182,46.97349568922654,44.13602449197177,46.87568664550781,692573000
2023-08-22,48.04139885490195,48.093299689189394,45.2448492578766,45.57919692993164,755293000
2023-08-23,45.77682903768783,47.10823512648874,45.12010736864763,47.02439880371094,779046000
2023-08-24,50.118361983877634,50.16826400478164,47.067306662299096,47.07129669189453,1156044000
2023-08-25,46.92059076298821,47.71204812043245,44.9364534643998,45.928524017333984,925341000
2023-08-28,46.3916241394205,46.88865698143186,44.800725372190506,46.74393844604492,685192000
2023-08-29,46.57526966972096,48.9855752028849,46.30080281747559,48.689151763916016,701397000
2023-08-30,48.94864322959215,49.82992584763343,48.33084725951484,49.168216705322266,735206000
2023-08-31,49.283997565683826,49.647288301131454,48.86281712543133,49.2590446472168,528570000
2023-09-01,49.6652424618298,49.7031667765697,48.04838969224288,48.414676666259766,463830000
2023-09-05,48.12924438500935,48.7560255895284,47.766951165430406,48.45361328125,382653000
2023-09-06,48.35079314460042,48.4585899209421,46.49325871140174,46.97336196899414,468670000
2023-09-07,45.440229441727205,46.25770462589442,45.067922908266546,46.1548957824707,433330000
2023-09-08,45.856454433608306,46.519215678178135,45.18670244634744,45.48714065551758,473069000
2023-09-11,46.06206706824175,46.077038527672016,44.22948732817348,45.093875885009766,473966000
2023-09-12,44.654695251427476,45.58795561962286,44.44807996157311,44.78644943237305,349256000
2023-09-13,44.51695245570367,45.84447779885845,44.4201329496468,45.400306701660156,398355000
2023-09-14,45.864436629731664,45.90136648262812,45.04696145729557,45.496124267578125,370097000
2023-09-15,45.25656332752661,45.514082288276775,43.726417212467545,43.8182487487793,506831000
2023-09-18,42.66839815481211,44.15961559349167,41.921789942113186,43.88412857055664,500271000
2023-09-19,43.751381753727316,43.88413352477652,42.92192782259573,43.43896484375,373064000
2023-09-20,43.51880884841662,43.821246018935675,42.14437412203361,42.160343170166016,367108000
2023-09-21,41.50556449339025,42.02160003234205,40.90368675780257,40.940616607666016,450736000
2023-09-22,41.494589042058344,42.0365810200349,41.154224400495224,41.53252029418945,479236000
2023-09-25,41.513557426280826,42.45679753767784,41.10032682953403,42.14338302612305,419091000
2023-09-26,41.922779319068255,42.740254306483386,41.57742301849197,41.83294677734375,402282000
2023-09-27,42.2511801171412,42.79217068875673,41.55148521974545,42.388919830322266,444935000
2023-09-28,42.38093579889095,43.36509986355093,42.03658080053992,43.008766174316406,424663000
2023-09-29,43.74539144535937,44.061802514667,43.226359256277895,43.41800308227539,397830000
2023-10-02,43.94800606273331,45.09087429927052,43.779322054087544,44.6986083984375,433298000
2023-10-03,44.72456684968937,45.04596969701848,43.16547499563003,43.435970306396484,470850000
2023-10-04,43.660548982906214,44.06080325905543,43.21138616245394,43.95899200439453,361821000
2023-10-05,43.96796969540584,44.816389117042256,43.80627261934712,44.60478210449219,393483000
2023-10-06,44.11070601288464,45.70373466330227,43.944017177662325,45.67678451538086,434436000
2023-10-09,44.75849682767498,45.52007649973999,44.28538045832398,45.18869400024414,409675000
2023-10-10,45.22563248789511,46.17286291728584,45.00404573819931,45.71272277832031,368582000
2023-10-11,46.109976834306515,46.77174426177856,45.96424879463127,46.718841552734375,378137000
2023-10-12,46.68989946190785,47.52035097000379,46.243733198035265,46.85758590698242,481325000
2023-10-13,46.87255588078778,47.02826743741539,45.19568386802554,45.376346588134766,474115000
2023-10-16,44.97908693457242,46.13892190023753,44.82836714020883,46.0091667175293,375099000
2023-10-17,43.91807456153945,44.670672271855,42.40090425613856,43.8561897277832,812333000
2023-10-18,42.51168892025405,43.13852165493323,41.74711648202066,42.11742401123047,627294000
2023-10-19,42.731286777485096,43.216381906827145,41.8040157217801,42.02260971069336,501233000
2023-10-20,41.81199440818419,42.39091619548763,41.00150619051564,41.309932708740234,477266000
2023-10-23,41.152230295210934,43.1674718539468,40.86875871685224,42.89497756958008,478530000
2023-10-24,42.99679194298043,43.61563646063165,42.611512883812075,43.58169937133789,401463000
2023-10-25,43.31718712471628,43.56872058494652,41.477620479123594,41.701202392578125,398379000
2023-10-26,41.775064849583806,42.17731428874224,39.80573926150373,40.25090789794922,541001000
2023-10-27,41.053411354619094,41.1292700454015,39.94048596248548,40.424583435058594,416784000
2023-10-30,41.010490884180456,41.688223517144955,40.40561655584123,41.0843505859375,388028000
2023-10-31,40.374672312145435,40.802874255163,39.15694305189198,40.70405578613281,517969000
2023-11-01,40.807870455778854,42.30208459844571,40.79289899587781,42.24618911743164,437593000
2023-11-02,43.247317846401735,43.802282272530825,42.814127888386025,43.42498779296875,409172000
2023-11-03,43.93803330221259,45.22463078266812,43.641585445769095,44.921199798583984,424610000
2023-11-06,45.200677734191665,45.849468936509936,44.815394894536624,45.665809631347656,400733000
2023-11-07,45.63386992886557,46.13193749816825,45.073913725971586,45.86943054199219,343165000
2023-11-08,46.014157765591044,46.77973167159943,45.882403587242706,46.48727798461914,346719000
2023-11-09,47.3786111235174,48.14019083451283,46.662947187934414,46.86257553100586,540496000
2023-11-10,47.411554622346145,48.38174487246118,47.19495962235481,48.244998931884766,421245000
2023-11-13,48.230024106474055,49.02454332437156,48.00943495548385,48.52946472167969,384136000
2023-11-14,49.58749498042509,49.74120755867973,48.948687284637685,49.56353759765625,416954000
2023-11-15,49.84201782618033,49.86696898933371,48.11024794590893,48.796966552734375,475497000
2023-11-16,48.58835975878918,49.43278516309001,48.24001057724096,49.38786697387695,339756000
2023-11-17,49.43178055903223,49.62442196935827,48.915744960766254,49.20620346069336,325205000
2023-11-20,49.22017477900762,50.45387324372552,49.08941820057832,50.31513214111328,414120000
2023-11-21,50.032654396209196,50.42292511523791,49.13033850268946,49.85099411010742,565747000
2023-11-22,49.759168450104845,50.24126692176278,47.60119189596065,48.625282287597656,899420000
2023-11-24,48.37974251431558,48.829902895158824,47.656090292901155,47.687034606933594,294645000
2023-11-27,47.71098998988454,48.4396301867081,47.5632667713432,48.15216827392578,395662000
2023-11-28,48.146180818273855,48.233020614585215,47.38460109717888,47.73195266723633,401491000
2023-11-29,48.288918833586436,48.67120510025969,47.770884217997974,48.05036163330078,382005000
2023-11-30,47.934569759213595,48.0204119586937,46.33555556358415,46.68290710449219,526247000
2023-12-01,46.43837411108703,47.112116530587656,46.1010022026633,46.67792510986328,369317000
2023-12-04,45.99120035967438,45.99120035967438,44.926185864436995,45.425254821777344,437543000
2023-12-05,45.385325095795785,46.51731180808335,45.19067140687653,46.483375549316406,371718000
2023-12-06,47.13122440124437,47.30292009715476,45.331422145943435,45.42226028442383,380590000
2023-12-07,45.618910872891085,46.54626331215597,45.52308054469381,46.51332092285156,350823000
2023-12-08,46.51232804934258,47.65629461849747,46.467405912391875,47.42171096801758,359224000
2023-12-11,47.40674269328456,47.44666883134117,45.748690336704186,46.544273376464844,509728000
2023-12-12,45.96429952454466,47.58142400474077,45.96429952454466,47.57244110107422,372387000
2023-12-13,47.54449269431196,48.50778063121328,47.52353004634861,48.00267791748047,447792000
2023-12-14,48.30413587026834,48.58363781796952,47.33785498826681,48.26420593261719,391232000
2023-12-15,48.10848894942567,49.31634111544804,48.034618938742405,48.803253173828125,479948000
2023-12-18,49.3123545622575,50.343518919127504,49.062798119752,49.98815155029297,412587000
2023-12-19,49.33630646675969,49.61181773302037,48.80824574504592,49.515987396240234,464444000
2023-12-20,49.5668939044448,49.91028529819524,48.012657344636494,48.025634765625,397894000
2023-12-21,48.72439672866285,49.00789323083867,48.33309014213933,48.903079986572266,300425000
2023-12-22,49.10770498591239,49.29537111268927,48.380996155276534,48.74335479736328,252507000
2023-12-26,48.88111364335506,49.51199224313979,48.87312841671405,49.19156265258789,244200000
2023-12-27,49.42315398247824,49.59185284551433,48.997907338293054,49.32931900024414,233648000
2023-12-28,49.55491529927827,49.795484989479434,49.324322381717465,49.43412780761719,246587000
2023-12-29,49.72461182444803,49.90828725509975,48.66449595698359,49.43412780761719,389293000
2024-01-02,49.156625856562634,49.20753405733888,47.510553413556266,48.08253479003906,411254000
2024-01-03,47.40074566328975,48.09850289557728,47.23603751691528,47.484596252441406,320896000
2024-01-04,47.68224884044641,48.41395003873669,47.42370949212884,47.912841796875,306535000
2024-01-05,48.37601228101952,49.459086175725254,48.220287041681374,49.009883880615234,415039000
2024-01-08,49.42414836733732,52.18224626703925,49.391205977221674,52.160282135009766,642510000
2024-01-09,52.30802809263291,54.22861420741035,51.598287244233845,53.04571533203125,773100000
2024-01-10,53.52086794542818,54.50311934146144,53.39409057576156,54.253562927246094,533796000
2024-01-11,54.9014155282273,55.247799966123495,53.46496957614301,54.724727630615234,596759000
2024-01-12,54.52308221048439,54.872463461679565,54.23359967517569,54.61292266845703,352994000
2024-01-16,54.92038130782368,56.73415487746208,54.80259064863885,56.281959533691406,449580000
2024-01-17,56.24702551752996,56.370806056804064,54.64287831771136,55.953548431396484,474394000
2024-01-18,57.15840086229008,57.497797746406825,56.00744677307047,57.005672454833984,491650000
2024-01-19,57.88611068736901,59.394431360297894,57.12346628511491,59.38544845581055,543501000
2024-01-22,59.94246019662586,60.22396136186126,58.96519705770333,59.548160552978516,452955000
2024-01-23,59.46430561582059,59.803702511682395,58.48105267598879,59.76676940917969,294654000
2024-01-24,60.19700279855746,62.73748534909312,59.831651069260054,61.25312423706055,560271000
2024-01-25,62.23936480631996,62.60771334377325,60.74202640224238,61.507667541503906,482777000
2024-01-26,60.85184105783135,61.67338271174931,60.46553046315559,60.92271423339844,390309000
2024-01-29,61.12335021592604,62.37811980223714,60.798929932553925,62.354164123535156,348733000
2024-01-30,62.78839260190601,63.38033889790534,62.14952501071203,62.66261291503906,410735000
2024-01-31,61.33098779929159,62.15851930991276,60.592302887690344,61.4178352355957,453795000
2024-02-01,61.98981914786692,63.07888688106133,61.54062059514473,62.91517639160156,369146000
2024-02-02,63.86049910404713,66.48183961937383,63.57700256861582,66.0426254272461,476578000
2024-02-05,68.10395378778126,69.3737001755538,67.08576682117494,69.20899200439453,680078000
2024-02-06,69.50645284574946,69.630233381063,66.18236704818828,68.1019515991211,683111000
2024-02-07,68.19778404882926,70.09541214076467,67.48005798042527,69.97462463378906,495575000
2024-02-08,69.9496558671256,70.66837949372972,69.33175856710787,69.51742553710938,414422000
2024-02-09,70.40784541342238,72.05691457870752,70.08741583954979,72.00501251220703,436637000
2024-02-12,72.47117717433613,74.4786104438433,71.12357413495056,72.11980438232422,613710000
2024-02-13,70.27508457037247,73.31966811582932,69.49646981196616,72.00001525878906,602580000
2024-02-14,73.07213825831741,74.1043004616714,71.81038073927579,73.7688980102539,504917000
2024-02-15,73.73793302512789,73.8437401296513,72.27153779440317,72.5290756225586,420122000
2024-02-16,73.96851471281462,74.2699807907232,72.37235296886776,72.4841537475586,495327000
2024-02-20,71.81934169951924,71.82832841143384,67.61381946264177,69.32877349853516,704833000
2024-02-21,67.88532873628714,68.76576751724065,66.13045246980936,67.35227966308594,673755000
2024-02-22,74.89189108055353,78.43558804957509,74.08831901858908,78.3986587524414,865100000
2024-02-23,80.64665337566204,82.24780364536768,77.4323654765101,78.67715454101562,829388000
2024-02-26,79.55858308487059,80.5029113343283,78.36570371037314,78.95166778564453,503973000
2024-02-27,79.24015705268404,79.338988045559,77.02509990421383,78.56136322021484,391705000
2024-02-28,77.48226929356848,78.79293534780788,76.98814490868608,77.52519226074219,393110000
2024-02-29,78.95366810218512,79.84807446200602,78.2109848648127,78.97163391113281,507289000
2024-03-01,79.85805518730493,82.15397732028299,79.29405523547015,82.13301086425781,479135000
2024-03-04,83.98071640863849,87.5393930852347,83.57045019844777,85.08575439453125,615616000
2024-03-05,85.12269695886387,85.94827183043155,83.27290109267872,85.81549835205078,520639000
2024-03-06,87.86995321567885,89.56900902315816,86.87966241798968,88.5467758178711,582520000
2024-03-07,90.00225477502153,92.60674904676837,89.44721547430589,92.50891876220703,608119000
2024-03-08,94.97364703765751,97.23174040772027,86.35655527181379,87.37679290771484,1142269000
2024-03-11,86.27970659200646,88.64361241866209,84.02061512714978,85.62583923339844,678364000
2024-03-12,87.8969031445505,91.80114256968415,86.0011815049168,91.75422668457031,668075000
2024-03-13,90.89769122292586,91.34591302025892,88.2822148639796,90.7309799194336,635713000
2024-03-14,89.42225831640668,90.48941185201531,86.45039611721776,87.79207611083984,602318000
2024-03-15,86.77983369344113,89.39131202190967,86.10799973550625,87.68526458740234,642086000
2024-03-18,90.23184422557269,92.24535790675833,86.93454915835915,88.30218505859375,668976000
2024-03-19,86.5502309225731,90.38759254394184,84.86315541638959,89.24357604980469,672171000
2024-03-20,89.64187768825083,90.25382534481801,88.07059918494765,90.21588897705078,479063000
2024-03-21,92.14054202127372,92.4879403765992,90.24881163098036,91.27703094482422,480372000
2024-03-22,90.9835569272488,94.61427521165601,90.67708804781446,94.1261215209961,586719000
2024-03-25,93.77871885813295,96.59883562555477,93.34846365413705,94.83788299560547,552136000
2024-03-26,95.68540977780971,96.20850660908965,92.34219634403308,92.40109252929688,513648000
2024-03-27,92.95114873658731,93.0789259717654,88.96904130951937,90.0940933227539,586067000
2024-03-28,89.8445252112995,91.1422825108375,89.03892009399118,90.19991302490234,435212000
2024-04-01,90.14301673764523,92.06568455405531,89.0499070749777,90.20690155029297,452441000
2024-04-02,88.29519159294945,89.93835161134503,87.46862677190417,89.2974624633789,433064000
2024-04-03,88.33115901188768,90.21789372586332,88.24730447420946,88.8103256225586,370067000
2024-04-04,90.24982348069041,90.47743406262694,85.73164109008061,85.75659942626953,434965000
2024-04-05,86.71593914747515,88.32815477151372,85.77756814573236,87.85597229003906,399678000
2024-04-08,88.54675414355297,88.67653442305598,86.5821594652945,86.98246765136719,283220000
2024-04-09,87.2909487172583,87.48361610941927,82.87858592167979,85.20655059814453,501700000
2024-04-10,83.78102010903869,87.24901778988773,83.56439211342133,86.88864135742188,431929000
2024-04-11,87.2689793680449,90.58224601063488,86.77583708331596,90.45945739746094,431637000
2024-04-12,89.54403999734934,90.01922323878227,87.37878828439109,88.03365325927734,426805000
2024-04-15,88.94408228829708,90.45646450816476,85.78055803275619,85.85243225097656,443077000
2024-04-16,86.28368645109244,87.965773191981,85.91532822119116,87.26399230957031,370453000
2024-04-17,88.18738725935935,88.62164096734257,83.80497167986917,83.88983154296875,495400000
2024-04-18,84.82321393436638,86.0411075798554,82.25964941091485,84.52472686767578,447260000
2024-04-19,83.00636595540483,84.17833393456459,75.47539894537725,76.06836700439453,875198000
2024-04-22,77.96907171420484,79.93467203595871,76.26802061217705,79.38063049316406,596341000
2024-04-23,80.62946711947102,82.62601207910251,80.12534225900131,82.28060913085938,438559000
2024-04-24,83.80498148732187,83.93675724779338,79.04621772256601,79.53936767578125,512208000
2024-04-25,78.73175253009703,83.1790583894206,78.08787011237102,82.4892578125,424641000
2024-04-26,83.67320929669376,88.17841379736606,83.24295407183207,87.58344268798828,551011000
2024-04-29,87.44369261843626,87.84000240637579,85.11871327693655,87.60541534423828,388971000
2024-04-30,87.08928872900789,88.66556334587189,86.15091777999787,86.25273895263672,363709000
2024-05-01,84.93001509196907,85.85141694267458,81.11461218464028,82.89752960205078,559863000
2024-05-02,84.30311392551386,86.08802721004574,83.05627099401435,85.66875457763672,377898000
2024-05-03,87.63734759857738,89.12676696706856,86.88964093377092,88.6356201171875,398341000
2024-05-06,89.23557796278553,92.06069095925291,88.90115758999175,91.98082733154297,376203000
2024-05-07,90.94062670307744,91.62244547206083,88.85723403089521,90.39756774902344,437342000
2024-05-08,89.32841761603471,91.03646035901207,89.26552291616532,90.25581359863281,325721000
2024-05-09,90.37260819958134,90.91466942223298,88.07858152551931,88.59368896484375,378013000
2024-05-10,90.14898917811553,91.24309639621146,89.07284860877868,89.72272491455078,335325000
2024-05-13,90.32170192056742,90.84080791917694,88.37607119051684,90.24284362792969,289680000
2024-05-14,89.44421267221655,91.49266969851776,88.78036057605543,91.19818115234375,296507000
2024-05-15,92.31226052004403,94.69813133508781,91.44076747625896,94.4665298461914,417735000
2024-05-16,94.74604980958085,95.65347613046144,93.94043705092355,94.19599914550781,323952000
2024-05-17,94.20598653059943,94.57634022771545,91.64741042469609,92.31924438476562,359691000
2024-05-20,93.58804490846175,95.03553695656012,93.27858287715311,94.61626434326172,318764000
2024-05-21,93.43730641374981,95.23519767784772,93.01903151729087,95.22122192382812,328946000
2024-05-22,95.29408831779949,95.85411617010452,93.0879071432018,94.78596496582031,548648000
2024-05-23,101.85175314144693,106.1363388077003,101.34462744914427,103.61969757080078,835065000
2024-05-24,104.26856517672162,106.29106630104066,102.82207077624999,106.28507995605469,429494000
2024-05-28,110.0535586136133,114.74044777454472,109.69318217417998,113.70423889160156,652728000
2024-05-29,112.8547051589029,115.29248024146612,110.70941556106891,114.62663269042969,557442000
2024-05-30,114.45193707992216,115.61891628592592,109.47355289556607,110.3091049194336,484553000
2024-05-31,112.32561724375552,112.52228313915187,106.75526253688238,109.44361114501953,613263000
2024-06-03,113.42472260342709,114.80133819580078,111.80951385006522,114.80133819580078,438392000
2024-06-04,115.51610755402032,116.39857553569502,113.8479889155611,116.23585510253906,403324000
2024-06-05,118.1664993836042,122.23744936454085,117.26505956694244,122.22846984863281,528402000
2024-06-06,123.83370517037008,125.3700480295792,118.11560338652608,120.78897857666016,664696000
2024-06-07,119.56309618694148,121.48178065904402,117.81812234412239,120.67916870117188,412386000
2024-06-10,120.16206002224595,122.88733960177423,116.80786391189227,121.57960510253906,313434100
2024-06-11,121.56962984389475,122.66782593913159,118.54461678500223,120.71105194091797,222551200
2024-06-12,122.85750238613136,126.6712162731191,122.36831081363356,124.99398040771484,299595000
2024-06-13,129.1770893049594,129.5864183097163,126.9507630154097,129.396728515625,260704500
2024-06-14,129.74617063783822,132.6214215295718,128.10886970168357,131.6630096435547,309320400
2024-06-17,132.77118307637525,133.5099557271365,129.3667902512595,130.7644805908203,288504400
2024-06-18,130.92420671975586,136.10566894087242,130.47495024767164,135.35690307617188,294335100
2024-06-20,139.56998250489207,140.5283944338281,129.30689796657785,130.5648193359375,517768400
2024-06-21,126.91083052082259,130.4150570517715,124.09547105255645,126.36173248291016,649445800
2024-06-24,123.03720520530106,124.25519890170064,117.84576490444155,117.9156494140625,476060900
2024-06-25,121.00055473590018,126.29183629953359,119.12365113611966,125.88250732421875,414192600
2024-06-26,125.92244899462368,127.90917229563556,122.39825886605338,126.19200897216797,362975900
2024-06-27,123.8957921998042,126.2019962793405,122.71773358253314,123.78597259521484,252571700
2024-06-28,124.3750052910358,127.49985213027985,122.54801473015355,123.33671569824219,315516700
2024-07-01,123.26683055595603,124.63457133754859,118.63446631453066,124.09546661376953,284885500
2024-07-02,120.93067286767031,123.20692743216773,120.8308389451457,122.4681396484375,218374000
2024-07-03,121.45982152361671,128.0689239501953,121.16031210370706,128.0689239501953,215749000
2024-07-05,127.17038486367325,128.6379747149119,125.47318537524079,125.62294006347656,214176700
2024-07-08,127.28019823232947,130.55480700867955,126.83094180644568,127.98902893066406,237677300
2024-07-09,130.1355144487565,133.59980576329167,128.43829962119838,131.163818359375,285366600
2024-07-10,133.8094467425138,134.87769332438475,132.20209545632153,134.68800354003906,248978600
2024-07-11,135.52663558437,135.9259713268732,126.84095369862746,127.19037628173828,374782700
2024-07-12,128.04896049446677,131.70294212873284,127.01067837288572,129.02735900878906,252680500
2024-07-15,130.34514408452472,131.1737800395054,126.97070905664152,128.2286376953125,208326200
2024-07-16,128.22864817880884,128.82765170945768,124.37499938694933,126.15206909179688,214769500
2024-07-17,121.15031675281162,121.64949400158038,116.52793817127537,117.79584503173828,390086200
2024-07-18,121.64949865015035,122.19859669151471,116.36820224234275,120.8907470703125,320979500
2024-07-19,120.15196272062997,121.39990584738524,117.176870571876,117.73594665527344,217223800
2024-07-22,120.15196240961751,123.86584236392231,119.66277083791101,123.33671569824219,258068900
2024-07-23,122.57795729865761,124.4848179409612,121.89907597271183,122.38826751708984,173911000
2024-07-24,118.97391446537992,119.75262982559674,113.25334693957731,114.06201171875,327776900
2024-07-25,112.85399693651604,116.43808604158575,106.12508953993542,112.09524536132812,460067000
2024-07-26,115.9988170024744,116.00879506379749,111.39640194140975,112.87396240234375,293399100
2024-07-29,113.50291478569986,116.08864903956604,111.11684836617498,111.40636444091797,248152100
2024-07-30,111.33646900584571,111.8056967490011,102.37125159114504,103.55929565429688,486833300
2024-07-31,112.71421539482289,118.1452582531107,110.6975352036146,116.82743072509766,473174200
2024-08-01,117.33660563582859,119.9622829008677,106.63424395188704,109.0302963256836,523462300
2024-08-02,103.58924943001237,108.54108608918553,101.20318314421166,107.09346771240234,482027500
2024-08-05,91.90851250035082,103.239842127859,90.5407717150732,100.28470611572266,552842400
2024-08-06,103.66912407688663,107.53275860175525,100.38454458708775,104.07845306396484,409012100
2024-08-07,107.6325862976113,108.6209626457341,98.52759897070796,98.74723815917969,411440400
2024-08-08,101.83214285610454,105.32638305214735,97.35951205376053,104.79725646972656,391910000
2024-08-09,105.46617163856445,106.42459107060563,103.2598090475883,104.57763671875,290844200
2024-08-12,106.14505252549102,110.88723650727509,106.08515369153115,108.84060668945312,325559900
2024-08-13,112.25498209343158,116.03874655153282,111.39639661656214,115.94889068603516,312646700
2024-08-14,118.3349528711921,118.40483737868666,113.88229289564154,117.88569641113281,339246400
2024-08-15,118.56458490618095,123.03720888953038,117.27670666159618,122.6578369140625,318086700
2024-08-16,121.73933737686731,124.79429938850936,120.9805859038701,124.37499237060547,302589900
2024-08-19,124.0754979878485,129.7860870361328,123.21691249503145,129.7860870361328,318333600
2024-08-20,128.18871285893894,129.6662885004724,125.68284852553639,127.04061126708984,300087400
2024-08-21,127.11050029285343,129.13716641620366,126.45159025428316,128.28855895996094,257883600
2024-08-22,129.80606530219129,130.53485987199215,122.89744589722252,123.53639221191406,376189100
2024-08-23,125.65290085977209,129.38675225949072,125.01395457447234,129.15711975097656,323230300
2024-08-26,129.35680584239554,131.04401222890846,124.1653576328901,126.25191497802734,331964700
2024-08-27,124.84424526829238,128.98741074794592,123.67616460225028,128.08889770507812,303134600
2024-08-28,127.90918484234558,128.11884600848597,122.43820596970414,125.4033203125,448101100
2024-08-29,121.16030028839229,124.22524823697073,116.51795043355128,117.39649963378906,453023300
2024-08-30,119.33330911013266,121.54965726206557,117.02711271158417,119.17357635498047,333751600
2024-09-03,115.8191103772934,116.01877823521122,107.1134577156826,107.8222885131836,477155100
2024-09-04,105.23655349888746,113.0836130103624,103.94867525541761,106.03523254394531,372470300
2024-09-05,104.817243866478,109.4695798052194,104.58762658147727,107.0335922241211,306850700
2024-09-06,107.86222325429438,107.97204286084109,100.78388574677186,102.66079711914062,413638100
2024-09-09,104.70740474857429,106.3746623538231,103.51936821450626,106.29479217529297,273912000
2024-09-10,107.63259542371279,109.21998302790867,104.77730096516093,107.922119140625,268283700
2024-09-11,109.20999835891277,116.99716652085532,107.24323877137772,116.7176284790039,441422400
2024-09-12,116.6577172050991,120.60155948017247,115.19999582839206,118.95413208007812,366052700
2024-09-13,118.8942191250157,119.77284345041441,117.41652479583126,118.9141845703125,238358300
2024-09-16,116.60779536966285,117.99562620382233,114.1815861384539,116.59780883789062,248772300
2024-09-17,117.98565261863203,118.61467469194447,114.65086668501063,115.40967559814453,231925900
2024-09-18,115.70919560695407,117.51636932909096,113.04336298957726,113.19313049316406,310318900
2024-09-19,117.16692604230532,119.47332749554481,117.06708357128667,117.68611907958984,293506400
2024-09-20,116.87737463970251,118.43494609535816,115.2099818009,115.81903076171875,382462400
2024-09-23,116.36816938577523,116.80747774675662,114.68080357526898,116.07862091064453,206228500
2024-09-24,116.33822228484836,121.6099917401929,115.20000132519814,120.68144226074219,354966800
2024-09-25,121.82963321276459,124.74508350925583,121.42027681497308,123.31731414794922,284692900
2024-09-26,126.6021852727835,127.47082313052574,121.609985658202,123.84648895263672,302582900
2024-09-27,123.7765997601264,123.83650371853182,119.07394858799772,121.21060943603516,271009200
2024-09-30,118.12541998168962,121.31044564232414,117.96567356169257,121.25054168701172,226553700
2024-10-01,121.58002164337385,122.24898215671047,115.60935538711523,116.81746673583984,302094500
2024-10-02,116.25834508658102,119.19375323018366,114.96037016184738,118.66458129882812,221845900
2024-10-03,120.73135864781146,124.16599456239773,120.15226164035356,122.6583480834961,277118000
2024-10-04,124.7450859792245,124.84492844767553,121.63993722019764,124.72511291503906,243678100
2024-10-07,124.79500006476454,130.43618698242878,124.7550615549546,127.52074432373047,346250200
2024-10-08,130.0567764001493,133.27175410957346,129.2180905372518,132.68267822265625,285722500
2024-10-09,133.90079866653508,134.31016275245554,131.17506153574655,132.4430694580078,246191600
2024-10-10,131.70421594134592,134.7893916948541,130.79563194093248,134.5996856689453,242311300
2024-10-11,133.80093033986074,135.5681732923908,133.4514855032485,134.58970642089844,170209500
2024-10-14,136.25710420849128,139.38222619629536,136.08737124143596,137.8546142578125,232347700
2024-10-15,137.65492238931424,138.35384259997033,128.53917525345673,131.39471435546875,377831000
2024-10-16,133.77094915217629,136.40682939830356,131.37469992296278,135.50823974609375,264879700
2024-10-17,139.12261346955344,140.6701983777905,136.65646567187503,136.71636962890625,306435900
2024-10-18,138.45365135367973,138.68328825202838,137.06582057977474,137.78469848632812,176090200
2024-10-21,137.91449801128798,143.4857940673828,137.78469595874105,143.4857940673828,264554500
2024-10-22,142.6870654207542,144.19470435057536,141.55882333477078,143.36599731445312,226311600
2024-10-23,141.80841766733155,142.20778753302577,137.24555525009052,139.34226989746094,285930000
2024-10-24,140.6003124972593,141.12948441968888,138.2439937495604,140.19094848632812,172354900
2024-10-25,140.71011917970793,143.90513885209074,140.58033236044267,141.3191680908203,205122100
2024-10-28,142.77690797567064,142.9166889544992,139.83151327072179,140.30078125,173586700
2024-10-29,140.0711235834401,142.0380513591214,138.68329276437913,141.02963256835938,157593600
2024-10-30,139.32228929215535,140.1110653014331,136.59655278062618,139.1226043701172,179418100
2024-10-31,137.38533225522045,137.39531116933003,131.90389188236236,132.55287170410156,270039600
2024-11-01,134.4898767241073,137.0958059615883,134.36008987253786,135.18878173828125,207127800
2024-11-04,136.99593186321135,138.7432015157854,135.3584911981984,135.83773803710938,187528200
2024-11-05,137.23555788662173,140.151000495864,137.11574997671616,139.6917266845703,160537400
2024-11-06,142.73698322061895,146.2614750565614,141.73854326176877,145.38284301757812,242043900
2024-11-07,146.1616297903136,148.69766066609404,145.9419717733186,148.6477508544922,207323300
2024-11-08,148.53787885494532,149.53631855776948,146.03178545046896,147.399658203125,175665800
2024-11-11,148.44804913905642,148.61779734270107,143.3460354590936,145.03338623046875,182325600
2024-11-12,146.55100082856893,149.41651833977537,145.78219787373922,148.0586395263672,198634700
2024-11-13,148.83745941222477,149.0970483298964,145.6723911778049,146.0418243408203,191903300
2024-11-14,147.40965302668107,148.76753177848803,145.32291747893564,146.53102111816406,194463300
2024-11-15,144.6439744081883,145.0134075079149,139.86145428913719,141.75848388671875,250132900
2024-11-18,139.2823404686185,141.32914493468758,136.9360010405669,139.9313201904297,221205300
2024-11-19,141.09952959154865,146.90046279249913,140.77004260660007,146.7806396484375,227834900
2024-11-20,147.18003223590216,147.32979212988033,142.50732548898966,145.6623992919922,309871700
2024-11-21,149.11701974284432,152.65149063112756,140.4805046221909,146.44119262695312,400946600
2024-11-22,145.70233282975542,146.93042492260167,140.8798813363258,141.72854614257812,236406200
2024-11-25,141.76847182265374,141.82837577269152,135.60810012239304,135.8077850341797,344941900
2024-11-26,137.4851722903331,139.08268223719327,135.45834049580736,136.70639038085938,190287700
2024-11-27,134.7993582371888,137.00591700209634,131.59437486042492,135.12884521484375,226370900
2024-11-29,136.56660913585418,139.1326070072914,135.83775227020575,138.03431701660156,141863200
2024-12-02,138.6134117376161,140.23087948399635,137.60499293345052,138.41372680664062,171682800
2024-12-03,138.04431859051348,140.3207607312636,137.73480460641824,140.04119873046875,164414000
2024-12-04,141.77845844597738,145.56253876730494,140.07111960214385,144.91355895996094,231224300
2024-12-05,144.89358692563337,146.32144694354966,143.73531326604447,144.84365844726562,172621200
2024-12-06,144.38438282581114,145.482733396531,141.09928024490165,142.22760009765625,188505600
2024-12-09,138.76274660606958,139.74128080496888,136.92549436926976,138.6029815673828,189308600
2024-12-10,138.80268748950093,141.60850970621567,133.5904709096604,134.8685760498047,210020900
2024-12-11,137.15514511831444,139.9609519122756,135.00835767243856,139.10223388671875,184905200
2024-12-12,136.8755860719742,138.2335586289744,135.59749604609573,137.13519287109375,159211400
2024-12-13,138.73281333743972,139.3918327936691,132.34234795745746,134.0498046875,231514900
2024-12-16,133.9798724705664,134.19954557462145,130.2254857362255,131.80313110351562,237951100
2024-12-17,128.89747709842524,131.39374870651014,126.67080709010266,130.19554138183594,259410300
2024-12-18,133.6603731199009,136.49613412730267,128.08869283192976,128.71775817871094,277444500
2024-12-19,131.56348324328064,133.8301019554315,129.35678784338916,130.48509216308594,209719200
2024-12-20,129.61639349168385,135.0782365234782,128.02876854092193,134.4990997314453,306528600
2024-12-23,136.0767567466981,139.58151660116854,134.91848306333998,139.46170043945312,176053500
2024-12-24,139.79122163679293,141.6883821217358,138.44322876231024,140.01089477539062,105157000
2024-12-26,139.4916759779926,140.6399702368576,137.52461242783102,139.72132873535156,116205600
2024-12-27,138.34337590905767,138.81267619141968,134.50910636621433,136.8056640625,170582600
2024-12-30,134.628921256616,140.06081067569033,133.82013169900247,137.2849578857422,167734700
2024-12-31,137.82418093259395,137.86412982039317,133.6304466398302,134.08975219726562,155659200
2025-01-02,135.7971616952867,138.67287117142274,134.42920986844504,138.1037139892578,198247200
2025-01-03,139.8011917981673,144.6838985290199,139.52161059265686,144.25454711914062,229322500
2025-01-06,148.3684248105369,151.93310868099036,147.5995839740372,149.20716857910156,265377400
2025-01-07,152.80175881286766,152.90161576007478,139.80117351290727,139.9309844970703,351782200
2025-01-08,142.36736432306787,143.7353162901366,137.35484666292894,139.9010467529297,227349900
2025-01-10,137.24501786219508,139.71133557177419,134.0198390250661,135.7073211669922,207602500
2025-01-13,129.7961674567433,133.29094833912805,129.31687225149923,133.0313262939453,204808900
2025-01-14,135.84711813885167,136.1766278538369,129.85606565410438,131.56350708007812,195590500
2025-01-15,133.45070049814615,136.24652830000477,131.0942190240699,136.03684997558594,185217300
2025-01-16,138.4332346192246,138.54307117698642,133.2909213149963,133.3708038330078,209235600
2025-01-17,136.4861555399997,138.29345383465838,135.25799411499426,137.504638671875,201188800
2025-01-21,138.95247218370304,141.6184885428412,136.88555189361048,140.61997985839844,197749000
2025-01-22,144.4442829463215,147.56960504936464,143.45575377479585,146.85069274902344,237651400
2025-01-23,144.83369562852502,147.0104373660888,143.50567717742842,147.00045776367188,155915500
2025-01-24,148.14872775799392,148.74783905952535,141.66841618539428,142.4073028564453,234657600
2025-01-27,124.61389107098998,128.20851331467108,116.52596435964819,118.24340057373047,818830900
2025-01-28,121.62833781559046,128.8076175411123,116.0766320864675,128.79763793945312,579666400
2025-01-29,126.31136108771855,126.70077890376498,119.87098248262683,123.51553344726562,467120600
2025-01-30,122.91641979157204,124.81358785050304,117.92387627755191,124.464111328125,392925500
2025-01-31,123.59541198682592,127.65934229890306,119.01226047612725,119.89094543457031,388161100
2025-02-03,114.57887527254843,118.39317826666118,112.84147223806173,116.48603057861328,371235700
2025-02-04,116.78557844108887,121.01925326141507,116.52596404203554,118.47306060791016,256550000
2025-02-05,121.57840827352435,124.81357397798935,120.57989968170043,124.64382934570312,262230800
2025-02-06,127.22998260932282,128.5779755110731,125.02327919443763,128.48809814453125,251483600
2025-02-07,129.02727661770408,130.17555536084487,124.81356929927793,129.64634704589844,228186300
2025-02-10,129.89598286165247,134.79866384787866,129.76618710141213,133.3708038330078,216989100
2025-02-11,132.38228609427233,134.27944654160947,130.82461495038982,132.60195922851562,178902400
2025-02-12,129.8261026458349,132.04279313100764,128.88750205027108,130.94442749023438,160278600
2025-02-13,131.36379338160384,136.29642846871295,130.97437562399168,135.08822631835938,197430000
2025-02-14,136.2764682668825,139.04234173663804,135.29793396994222,138.6429443359375,195479600
2025-02-18,141.05934526698334,143.2261075780513,137.72431422880837,139.19212341308594,219176600
2025-02-19,139.30195061666387,141.14919790373787,137.01537227663152,139.02236938476562,167536000
2025-02-20,139.8211642330671,140.45022955446439,136.58599074078032,139.9010467529297,143903600
2025-02-21,139.83114145453473,141.2490371129211,133.83011008980694,134.22950744628906,228217600
2025-02-24,136.35635785611953,138.38332947991822,129.88602516626045,130.08572387695312,251381100
2025-02-25,129.78615711570163,130.00583024952502,124.25442559786755,126.44115447998047,271428700
2025-02-26,129.79614381296275,133.53055638167015,128.29838085048883,131.08421325683594,322553800
2025-02-27,134.7986782828192,134.80865788512716,119.83103458283094,119.9708251953125,443175800
2025-02-28,117.8439993429124,124.90345590188022,116.22642004317107,124.73371124267578,389091100
2025-03-03,123.32581202011416,123.51552349340123,112.11255593535711,113.88990020751953,411381400
2025-03-04,110.4849986041218,119.132080722439,109.94580294596078,115.81703186035156,398163300
2025-03-05,117.40465751759531,118.10361057672029,114.3392360416895,117.12507629394531,284337900
2025-03-06,113.3606904001891,115.17797591196373,110.05562907278994,110.40510559082031,321181900
2025-03-07,111.08409477767312,113.31077256873955,107.39959517379882,112.5219497680664,341755500
2025-03-10,109.73610085349598,111.6831896506324,105.30272006245755,106.8204574584961,366487400
2025-03-11,106.83044416478043,112.0726148635708,104.6137536218378,108.59780883789062,354865700
2025-03-12,113.96030532134075,116.59661034457649,112.72203506897391,115.57803344726562,323857500
2025-03-13,116.86621875800482,117.59520049683546,113.63075517539951,115.41825103759766,299033100
2025-03-14,118.44401014075397,121.70943054003341,117.98465480860956,121.49972534179688,277593500
2025-03-17,122.56823120330081,122.71802281178023,117.86482345684047,119.36272430419922,255501500
2025-03-18,117.83486627342975,118.85343549406599,114.37970924440411,115.26846313476562,299686900
2025-03-19,117.10588726826337,120.28143743378797,115.51811599486,117.35553741455078,273426200
2025-03-20,116.3868956857552,120.03178155242583,116.30700581426807,118.36412048339844,248829700
2025-03-21,116.77634740953133,117.82487338576216,115.25847035053427,117.5352783203125,266498500
2025-03-24,119.71223179694545,122.04896105750126,119.17298658297102,121.24009704589844,228452500
2025-03-25,120.38129181712452,121.12025404464302,118.75356814650013,120.5210952758789,167447200
2025-03-26,118.5638454632065,118.6736845133834,112.55226594608844,113.60079956054688,293463300
2025-03-27,111.19417323533278,114.28983351449122,110.50514401476981,111.27406311035156,236902100
2025-03-28,111.33397804410711,112.71205173921601,108.91736643615505,109.51652526855469,229872500
2025-03-31,104.98287310192077,110.80471613819729,103.50494855407659,108.22832489013672,299212700
2025-04-01,108.36813339033893,110.04578269736857,106.32100673854832,109.99585723876953,222614000
2025-04-02,107.1398479774266,111.82328673498283,106.64054773013802,110.26546478271484,220601200
2025-04-03,103.36514539947606,105.48217369637304,101.45781468579652,101.65753936767578,338769400
2025-04-04,98.7715853475697,99.98987163475934,91.98109847139008,94.17801666259766,532273800
2025-04-07,87.33759621246332,101.60759784636036,86.4987754744505,97.50334930419922,611041300
2025-04-08,103.66472218207363,105.70186824827938,94.3278084260022,96.16523742675781,476243400
2025-04-09,98.75161045127601,114.9389248904037,97.39351305704149,114.17000579833984,612918300
2025-04-10,109.21694044618194,110.70485307181585,99.01124202201945,107.4194564819336,437812400
2025-04-11,108.34816524857224,111.39390013023589,107.32959598741144,110.77476501464844,313417300
2025-04-14,113.95031245540225,114.13006086401796,108.91736463288024,110.55506896972656,264705000
2025-04-15,110.81470199440513,113.46099492172469,110.3453585264742,112.04297637939453,228966900
2025-04-16,104.40369410395131,106.64055727885454,100.30942561460589,104.3437728881836,397016900
2025-04-17,104.30382580885471,104.32380208660638,99.90998942448081,101.34796905517578,292517500
2025-04-21,98.63178134580184,99.30084956133582,94.90700524452377,96.7743911743164,288501100
2025-04-22,98.64174788818333,99.67030509782194,97.14384726396014,98.75159454345703,241004800
2025-04-23,104.37371808015347,104.65333261230082,101.87721689778672,102.56625366210938,247526000
2025-04-24,103.33518320501399,106.39089830035945,102.96569827687256,106.28105163574219,220815000
2025-04-25,106.70047033928225,111.76337496991529,105.58204256681438,110.85465240478516,251064700
2025-04-28,109.53649833991803,110.21554702841466,105.8716284785824,108.57784271240234,207708500
2025-04-29,107.51932238432487,110.04578062718967,107.2896485179105,108.867431640625,170444300
2025-04-30,104.32379376082015,108.76756286621094,103.93434018163836,108.76756286621094,235044600
2025-05-01,112.92175572108304,114.77915341441685,111.14424790285813,111.45381164550781,236121500
2025-05-02,114.02021557227994,115.23850951002053,113.21135153306962,114.33976745605469,190194800
2025-05-05,112.75199823422925,114.50952981770942,112.50234808238875,113.66072082519531,133163200
2025-05-06,111.32399638135878,114.57942879752297,110.66491633937942,113.38111114501953,158525600
2025-05-07,112.89179643623137,117.51531428959993,112.12286973799952,116.89617919921875,206758800
2025-05-08,118.08451525459601,118.51391379663416,115.68787240644632,117.20574951171875,198428100
2025-05-09,117.1857803819228,118.06455379711826,115.0487756801452,116.48676300048828,132972200
2025-05-12,121.79930827024249,122.82786560058594,120.11167093091153,122.82786560058594,225023300
2025-05-13,124.8051066300396,131.03637225526788,124.29581818961599,129.7481689453125,330430100
2025-05-14,133.01359953083553,135.2504704050171,131.4957223220182,135.15060424804688,281180800
2025-05-15,134.10207402259,136.10927107264604,132.47436533136158,134.64132690429688,226632600
2025-05-16,136.02938538145307,136.15920834538713,133.27325299959534,135.2105255126953,226542500
2025-05-19,132.20472197026768,135.67984750647184,132.20472197026768,135.38027954101562,193154600
2025-05-20,134.10203943343691,134.3916420789913,132.43437861355363,134.19192504882812,161514200
2025-05-21,132.87380141479636,137.20772462329396,130.4072565649854,131.61557006835938,270608700
2025-05-22,132.0449376190489,134.0621148614722,131.3658966044825,132.64410400390625,187344000
2025-05-23,129.81807417545411,132.49431639064062,128.97925335315108,131.10626220703125,198821300
2025-05-27,133.96223193245194,135.47012822500798,133.1234112887049,135.3103485107422,192953600
2025-05-28,135.83963178227697,137.05792567392893,134.60136161311598,134.621337890625,304021100
2025-05-29,142.0509238917618,143.28919402135628,137.71700129433316,138.99520874023438,369241900
2025-05-30,138.52589083809553,139.42462537646244,132.73400370907126,134.94091796875,333170900
2025-06-02,135.30038976970178,137.9266987725352,135.21050414256473,137.187744140625,197663100
2025-06-03,138.58576663563605,141.80126124338923,137.7569264491721,141.02235412597656,225578800
2025-06-04,141.9910314762443,142.19074856243475,139.34473056255086,141.72140502929688,167120800
2025-06-05,141.97103980754113,143.79848066110154,138.63571759363617,139.79409790039062,231397900
2025-06-06,142.31055518995854,143.0695013401578,141.31195466595716,141.52166748046875,153986200
2025-06-09,142.98961854621228,144.7970831461155,141.74136782943543,142.43040466308594,185114500
2025-06-10,142.4903028059026,144.08805440763362,141.33192260937975,143.75852966308594,155881900
2025-06-11,144.41764573923192,144.79714515361243,141.6812848999734,142.6400146484375,167694000
2025-06-12,141.78117540604916,144.80714416503906,141.66133988719625,144.80714416503906,162365000
2025-06-13,142.2904745799642,143.38901749969733,140.6626531024409,141.78115844726562,180820600
2025-06-16,143.159329390418,145.98555166191812,143.00951976951112,144.49754333496094,183133700
2025-06-17,144.29781716982143,145.02684191909495,143.58875484653294,143.9282989501953,139108000
2025-06-18,143.81843788371728,145.4562558084884,142.92962233744194,145.28648376464844,161494100
2025-06-20,145.2565234707711,146.00552584195606,142.46024490398213,143.65866088867188,242956200
2025-06-23,142.31046402404658,144.58743022935184,141.84108794116847,143.97824096679688,154308900
2025-06-24,145.36637857516104,147.76319531946535,145.3064608232896,147.70326232910156,187566100
2025-06-25,149.07147669890958,154.24458003760031,149.0614802461701,154.10476684570312,269146500
2025-06-26,155.77251147358507,156.5115326130379,153.795149532093,154.8137969970703,198145700
2025-06-27,155.83242906789442,158.49889084686143,155.05346784206984,157.5401611328125,263234500
2025-06-30,158.1893045239527,158.4489684480595,155.7525627920192,157.7798614501953,194580300
2025-07-01,156.08211312403307,156.9909063970138,151.2885097592641,153.09609985351562,213143600
2025-07-02,152.77650803107835,157.39037305932783,152.7665268185242,157.04083251953125,171224100
2025-07-03,158.15934077500395,160.76586971787668,157.56014800239086,159.1280517578125,143716100
2025-07-07,157.98957042846925,159.09809459400483,157.1307137305003,158.02952575683594,140139000
2025-07-08,159.11806346268276,160.00687898854957,158.17931139836438,159.78717041015625,138133000
2025-07-09,161.0055497766517,164.2012901564699,160.9456320255445,162.66334533691406,183656400
2025-07-10,164.10145299216728,164.28120626813552,161.39505073108006,163.88174438476562,167704100
2025-07-11,163.50223698698784,167.66668863474402,163.25256951238498,164.7006378173828,193633300
2025-07-14,165.15003478890583,165.2698855378492,161.80449980139463,163.85177612304688,136975800
2025-07-15,170.96229989605533,172.17068192225182,168.97494134085255,170.4729461669922,230627400
2025-07-16,170.83247408910898,171.52155877211666,168.67534340451815,171.14205932617188,158831500
2025-07-17,171.79120519874627,173.92835823409905,170.60278554683865,172.7698974609375,160841100
2025-07-18,173.40903901870553,174.01822826089457,171.03219980516573,172.18067932128906,146456400
2025-07-21,172.52022673163836,173.1493936504508,170.77255439137573,171.1520538330078,123126100
2025-07-22,171.1120956061046,171.1620321483939,164.3610926233022,166.80783081054688,193114300
2025-07-23,169.30450383433347,171.03219846298632,167.74658125695927,170.55284118652344,154082200
2025-07-24,172.21063723590794,173.59878776513457,171.07215417768242,173.5089111328125,128984600
2025-07-25,173.3790956402227,174.4876199263022,172.7299662493585,173.2692413330078,122316800
2025-07-28,173.78854323017163,176.7645753161742,173.73860668662087,176.51490783691406,140023500
2025-07-29,177.72327281792994,179.1413820135887,174.78718135767542,175.27651977539062,154077500
2025-07-30,176.27521653092245,179.65072563032518,175.80584046425426,179.03155517578125,174312200
2025-07-31,182.65671589592668,183.05619299307685,175.69598557745124,177.63340759277344,221685400
2025-08-01,173.85844036702034,176.3051785902702,170.66269971388826,173.4889373779297,204529000
2025-08-04,174.9270307365029,179.9603205403546,174.28788258302183,179.76058959960938,148174600
2025-08-05,179.38107983649965,180.0202279532499,175.6660266458598,178.02288818359375,156407600
2025-08-06,176.09546439011424,179.66070799076476,176.01556896990587,179.1813507080078,137192300
2025-08-07,181.32849521637667,183.63542017290519,178.56217541570945,180.52955627441406,151878400
2025-08-08,181.30852119793246,183.05619350177665,180.16004168373897,182.4569854736328,123396700
2025-08-11,181.80785936297346,183.59547178906817,180.01025048518693,181.81784057617188,138323200
2025-08-12,182.7166509044063,184.234618174838,179.22130626788388,182.9163818359375,145485700
2025-08-13,182.37707840680864,183.72528876478472,179.11143905360885,181.34844970703125,179871700
2025-08-14,179.51090820642335,182.7765629312542,179.22130065055427,181.77789306640625,129554000
2025-08-15,181.63806666422465,181.65802908835272,177.80316308129093,180.2099609375,156602200
2025-08-18,180.3597704757432,182.69665413107447,180.34977402519155,181.76788330078125,132008000
2025-08-19,182.1873336556069,182.25724785967336,175.25657768801665,175.4063720703125,185229200
2025-08-20,174.93701244991922,175.76591033294957,168.57548977611862,175.1667022705078,215142700
2025-08-21,174.61742144674352,176.66468235557974,173.57879631630271,174.7472381591797,140040900
2025-08-22,172.38040151215634,178.35244288234992,170.97227338198675,177.7532501220703,172789400
2025-08-25,178.11278178635797,181.6680441727565,176.33515059315872,179.57083129882812,163012800
2025-08-26,179.82049655621498,182.14739921043056,178.57215920342722,181.52822875976562,168688200
2025-08-27,181.7379436715125,182.24727507184866,178.86178472902657,181.35845947265625,235518900
2025-08-28,180.5794881684096,184.22462699678687,176.17535050737845,179.9303436279297,281787800
2025-08-29,177.87308356836775,177.91302365652732,172.91967451951007,173.94830322265625,243257900
2025-09-02,169.77387989783634,172.15071909272382,166.99757884564528,170.55284118652344,231164900
2025-09-03,170.83246833565184,172.18067877773825,168.6553752976972,170.39305114746094,164424900
2025-09-04,170.34313981864827,171.6314173426514,169.18467902530818,171.4316864013672,141670100
2025-09-05,167.8065026792569,168.80517258283567,163.8517783946414,166.7978515625,224441400
2025-09-08,167.32715219255022,170.73262035939155,167.12742125141602,168.0861358642578,163769100
2025-09-09,168.86509051949957,170.75257602974241,166.51822538667548,170.53286743164062,157548400
2025-09-10,176.4050468150653,179.05151589898875,175.2366048852674,177.09413146972656,226852000
2025-09-11,179.4511179779685,180.050359799309,176.2551971559751,176.94432067871094,151159300
2025-09-12,177.5435512454145,178.37249577533527,176.22522541777622,177.59349060058594,124911000
2025-09-15,175.44623766911022,178.62219505337407,174.28771156721004,177.52359008789062,147061600
2025-09-16,176.77455192141375,177.2739150624347,174.1578939390572,174.65725708007812,140737800
2025-09-17,172.42008695754546,172.97937117956877,168.1954794867923,170.0730743408203,211843800
2025-09-18,173.7583871307785,176.87442336525442,172.73969733735942,176.01551818847656,191763300
2025-09-19,175.54609885389235,177.8531538116004,174.95683884616588,176.4449462890625,237182100
2025-09-22,175.07671637070237,184.31493427279133,174.48747153493287,183.37612915039062,269637000
2025-09-23,181.73821238324945,182.18763613663097,175.9855548133895,178.2027130126953,192559600
2025-09-24,179.54100413716742,179.5509859124944,175.17656050171237,176.74456787109375,143564100
2025-09-25,174.25773588995062,180.0303718676576,172.90946471941734,177.46365356445312,191586700
2025-09-26,177.94304916264082,179.54101721374016,174.70717071687335,177.96302795410156,148573700
2025-09-29,180.2001578366391,183.76561762390497,180.09031258631592,181.6183624267578,193063500
2025-09-30,181.848063160254,187.11135435179565,181.2488213615314,186.3423309326172,236981000
2025-10-01,185.00405809785752,187.9003581593927,183.665753326035,187.0015106201172,173844900
2025-10-02,189.35850113919957,190.80665113886596,187.82045419605362,188.64939880371094,136805800
2025-10-03,188.9490194719917,190.11752734214045,185.14387494216948,187.38101196289062,137596900
2025-10-06,185.2637075602064,186.9914995955013,183.09647356463947,185.30364990234375,157678100
2025-10-07,185.99279275388864,188.8191899838309,183.76563739379807,184.80430603027344,140088000
2025-10-08,186.33235229407293,189.35849142592937,186.30237648821537,188.86911010742188,130168900
2025-10-09,191.9851285494953,195.05122522476873,190.816620752273,192.32470703125,182997200
2025-10-10,193.26350393527704,195.37081685366852,181.81811007166195,182.92669677734375,268774400
2025-10-13,187.73056363822363,189.8678370807686,185.72312947730666,188.0801239013672,153482800
2025-10-14,184.5346420566055,184.56460262310264,179.47109296765566,179.80067443847656,205641400
2025-10-15,184.56460739230218,184.63451030281777,177.06416377208902,179.60093688964844,214450500
2025-10-16,181.99786281424815,183.04652832403656,179.5410050089342,181.57839965820312,179723300
2025-10-17,179.950466813544,183.8654866543178,179.52102189247293,182.98660278320312,173135200
2025-10-20,182.89672994644732,184.96408521149223,181.4985041529273,182.4073486328125,128544700
2025-10-21,182.55715836486127,182.55715836486127,179.5709767314294,180.9292449951172,124240200
2025-10-22,180.9092744574391,183.2063479075077,176.53484855405173,180.0503692626953,162249600
2025-10-23,180.19017423035882,182.7968501503985,179.5609718650331,181.92796325683594,111363700
2025-10-24,183.60580497197222,187.23118563906056,183.26624175096782,186.02272033691406,131296700
2025-10-27,189.74798924630224,191.75542334831323,188.18996363054165,191.24607849121094,153452700
2025-10-28,192.8040950113927,202.8912204382634,191.66554775855593,200.77392578125,297986200
2025-10-29,207.715080745974,211.9197249544373,204.51915980095313,206.77627563476562,308829600
2025-10-30,204.88867704045037,205.89740027142088,201.1534507471854,202.63156127929688,178864400
2025-10-31,206.18701808603035,207.70508615602077,201.81260775338424,202.23207092285156,179802200
2025-11-03,207.81493866642379,211.07078042213968,205.29814450690722,206.61647033691406,180267300
2025-11-04,202.7414122562426,203.71017785907821,197.67786326579136,198.43690490722656,188919300
2025-11-05,198.51682788141107,202.66153586727006,194.40206522559174,194.96136474609375,171350300
2025-11-06,196.16981228388872,197.3682807609907,186.14260723026618,187.84043884277344,223029800
2025-11-07,184.66446402160466,188.08012095739036,178.68210397488247,187.9103240966797,264942300
2025-11-10,194.8614791513322,199.68532876518447,193.5431531870904,198.7964630126953,198897100
2025-11-11,194.91140808059743,195.17107140540628,191.05632435423007,192.91395568847656,176483300
2025-11-12,195.4706988945922,195.64048052491762,190.88654915774768,193.5531463623047,154935300
2025-11-13,190.8066439854392,191.1961465947379,183.61581837719615,186.62197875976562,207423100
2025-11-14,182.62706393415107,190.76667594021126,180.34996953708986,189.92774963378906,186591900
2025-11-17,185.73311754704963,188.75925679396335,184.08522536919267,186.36231994628906,173628900
2025-11-18,183.14641371605563,184.5646030780414,179.42115405263684,181.1289825439453,213598900
2025-11-19,184.5546024199349,187.62069907956393,182.5971076589588,186.28240966796875,247246400
2025-11-20,195.70039225393623,195.7503316108911,179.62090987236718,180.40989685058594,343504800
2025-11-21,181.00913979899244,184.32490281868388,172.70971237567008,178.6521453857422,346926200
2025-11-24,179.2613745727385,183.26626122561635,176.25519889972114,182.31747436523438,256618300
2025-11-25,174.68719385821646,177.93305383278917,169.33402110596253,177.59349060058594,320600300
2025-11-26,181.3986455127995,182.67701383620675,178.01296428701193,180.03038024902344,183852000
2025-11-28,178.7819702942556,179.0616124091028,176.27517303639212,176.7745361328125,121332800
2025-12-01,174.5373804488289,180.07033197943204,173.45875435362808,179.69081115722656,188131000
2025-12-02,181.52847225165078,185.4235136530611,179.7707195907086,181.22886657714844,182632200
2025-12-03,180.8493441127912,182.21759414523953,178.88185225801445,179.36123657226562,165138000
2025-12-04,181.3987504426599,184.2952268834804,179.74078419330877,183.1566162109375,167364900
2025-12-05,183.66598269849337,184.43504894381925,180.6896172324408,182.1877899169922,143971100
2025-12-08,182.41751577930148,187.7709870845105,182.17780264974235,185.323974609375,204378100
2025-12-09,185.33395229946427,185.4937610485011,183.09669077375298,184.7446746826172,144719700
2025-12-10,184.74467463147755,185.2540478736652,181.8182359713298,183.55612182617188,162785400
2025-12-11,180.060377409269,181.09911899111663,176.40483245042134,180.70957946777344,182136600
2025-12-12,180.88937065842447,182.59729422559735,174.40727135263347,174.80679321289062,204274900
2025-12-15,177.7232402429772,178.20265125135413,174.8167814768023,176.0752410888672,164775600
2025-12-16,176.0452813318811,178.27257580423,174.68693742218818,177.50350952148438,148588100
2025-12-17,175.88548356566727,175.91544580087532,170.10252832729947,170.7317657470703,222775500
2025-12-18,174.3173807251694,175.93540231223645,171.6106906687844,173.9278564453125,176096000
2025-12-19,176.45477147838753,181.2289470656948,176.12517166919682,180.76951599121094,324925900
2025-12-22,183.6959478478248,183.935660967629,182.1278683380167,183.4662322998047,129064400
2025-12-23,182.7471036477755,189.099356383118,182.67718160782493,188.97950744628906,174873600
2025-12-24,187.71105179508496,188.67987134928,186.36269028434322,188.38023376464844,65528500
2025-12-26,189.68863982420257,192.45526970950266,187.7709805748158,190.2978973388672,139740300
2025-12-29,187.4813341773615,188.53004285167208,185.68352392965699,187.99070739746094,120006100
2025-12-30,188.01069817319677,188.75978454971104,186.70228116711607,187.31153869628906,97687300
2025-12-31,189.33907943283364,190.32786369396138,186.26282955778902,186.27281188964844,120100500
2026-01-02,189.60873357074172,192.69496568024334,188.03065649528438,188.6199493408203,148240500
2026-01-05,191.52640398377517,193.39413642527967,185.9232371396652,187.89083862304688,183529700
2026-01-06,190.2879203285983,191.935904267691,186.5924305704924,187.0119171142578,176862600
2026-01-07,188.34028795646717,191.13686475404677,186.3327268208183,188.87962341308594,153543200
2026-01-08,188.87963997886857,189.31910643994627,183.48622397884648,184.81459045410156,172457000
2026-01-09,184.8545293482555,186.1129888751533,183.44624341374129,184.63479614257812,131327500
2026-01-12,182.99680052530172,186.89204340473577,182.79704721562317,184.71470642089844,137968500
2026-01-13,184.7746378408776,187.88084992986475,183.17658082293008,185.58364868164062,160128900
2026-01-14,184.0954557419801,184.23528457453645,180.57973978602013,182.91688537597656,159586100
2026-01-15,186.27281050248445,189.46890929684608,186.103019420931,186.8221435546875,206188600
2026-01-16,188.84966224271636,190.20800608356458,185.85331687968656,186.0031280517578,187967200
2026-01-20,181.67839380225757,182.1578200140757,177.39362681050815,177.8530731201172,223345300
2026-01-21,178.8318922054109,185.15418310637224,178.18267486272933,183.09669494628906,200381000
2026-01-22,184.52493568425237,185.94320399708803,183.70592730123704,184.6148223876953,139636600
2026-01-23,187.27158465782284,189.3690325020707,186.59242035942677,187.44137573242188,142748100
2026-01-26,186.93200550896393,188.88960930416175,185.76343263076708,186.2428436279297,124799600
2026-01-27,187.01190478720812,189.76853699604698,185.47377232125424,188.29034423828125,143711600
2026-01-28,191.03700193406064,192.1156881225865,189.60873601436586,191.2866973876953,148552700
2026-01-29,191.10690928022157,193.244301759811,185.83334250366076,192.27548217773438,171764400
2026-01-30,190.97707539362895,194.25307849059112,189.23918956869622,190.8971710205078,179489500
2026-02-02,186.97195532434574,190.0681850900544,184.6547894061738,185.38389587402344,165794100
2026-02-03,186.01312186532803,186.04308409913696,176.01530661894333,180.12030029296875,204019600
2026-02-04,179.24138264216026,179.36123157735668,171.70057725198066,173.97779846191406,207014100
2026-02-05,174.71688060291817,176.604592702014,170.82163795446576,171.6706085205078,206312900
2026-02-06,176.47474973392875,186.77218713146127,174.3872995354016,185.1841278076172,231346200
2026-02-09,184.03552934237337,193.42408742490235,183.7259094221984,189.80848693847656,196387400
2026-02-10,191.1468699498802,192.24552080983682,187.89083145679504,188.31031799316406,136764800
2026-02-11,192.2155516352278,193.0245624433192,188.54004197866425,189.8184814453125,144192700
2026-02-12,192.79485804306626,193.3741533411549,186.28279615580217,186.7122802734375,189932500
2026-02-13,187.25162028422807,187.27160018883805,181.36879569323744,182.58731079101562,161888000
2026-02-17,181.5285959992061,186.92201173748992,178.9617194034806,184.7446746826172,162276900
2026-02-18,188.52005804720127,190.13807962880853,186.53247684939709,187.75099182128906,164749100
2026-02-19,186.8321237354349,188.20044994409497,185.43383529156333,187.6710968017578,126554500
2026-02-20,186.342734664171,190.09814888521723,185.71349722992974,189.58877563476562,178422300
2026-02-23,191.16683922839312,193.71373598373438,189.3490641935772,191.31666564941406,171584800
2026-02-24,191.2567378902843,193.53395924081437,187.171708627792,192.61508178710938,175123600
2026-02-25,194.2131137016724,197.38924768090467,193.5539140704845,195.32176208496094,250637100
2026-02-26,194.03334246429932,194.0533071271398,184.09546670933034,184.66476440429688,360807900
2026-02-27,181.0292033274304,182.36756729714082,176.1651407824763,176.97415161132812,311636500
2026-03-02,174.79680413295333,183.2365228635074,174.42725972943845,182.25770568847656,209095300
2026-03-03,178.27256086028186,180.67961330625172,176.70446619030554,179.83065795898438,178099400
2026-03-04,180.22019302825058,184.47499807110998,179.84065106191534,182.8170166015625,177731200
2026-03-05,180.94929874286032,183.83577756501342,177.6633132926684,183.1166534423828,198779700
2026-03-06,179.6209064601764,182.5373473445644,176.60459654479845,177.60337829589844,189021900
2026-03-09,176.61458806542097,182.68718325690133,175.34613090826778,182.427490234375,177213600
2026-03-10,182.17779858894656,186.21288569214076,181.7882742872215,184.544921875,179118500
2026-03-11,185.6935753620157,187.40157611978597,184.23526832414757,185.8134307861328,145280400
2026-03-12,183.83574790315467,184.72471123223085,181.53842231669145,182.9268035888672,155762700
2026-03-13,184.70472270189353,185.87335881208497,179.73052445930352,180.0401611328125,160988400
2026-03-16,182.7570048934839,188.66012868968363,181.19882333613754,183.0067138671875,217307400
2026-03-17,184.8445618023411,185.1841623368753,181.4684917186082,181.71820068359375,182497800
2026-03-18,182.26756764801692,183.16652908726184,180.12007659614625,180.1899871826172,156683100
2026-03-19,177.80276430906588,179.77047215436778,175.5853475010711,178.3521270751953,170968500
2026-03-20,177.79278016290237,178.05247199547227,171.52009228430225,172.4989471435547,241323500
2026-03-23,177.0536408486584,178.16234927411983,174.55655117338722,175.43553161621094,182836300
2026-03-24,174.6264683383626,176.01484951930743,173.777451794472,174.99603271484375,147667800
2026-03-25,176.89383761026875,181.00903649280792,176.64412864426953,178.47198486328125,162602100
2026-03-26,175.86504388946904,176.30451888215924,170.9407749866337,171.04066467285156,186152200
2026-03-27,169.80209026823204,170.77096223786808,166.81556566439232,167.32498168945312,196212700
2026-03-30,168.58352034150624,169.25273855906806,164.07877596313077,164.97772216796875,185627000
2026-03-31,166.77563225072552,174.41672082635512,166.7656493784466,174.1969757080078,226181300
2026-04-01,175.79511913229018,177.16351944386196,174.54657425208924,175.54541015625,168132000
2026-04-02,171.97954556798163,177.28337661769746,171.170490985778,177.18348693847656,143143200
2026-04-06,176.953760088437,177.58301630024127,175.55538077559635,177.43319702148438,107564300
2026-04-07,175.52541836668527,178.0225079733855,173.4578360976707,177.89266967773438,132534900
2026-04-08,184.28522303450282,185.0443328296099,180.09011531444295,181.8680419921875,147732700
2026-04-09,181.6283100364998,183.86570786090292,180.40972906189933,183.69590759277344,116428500
2026-04-10,184.09543736125556,189.77881591864653,184.08545448929232,188.41041564941406,160459500
2026-04-13,185.81343445538195,189.43921351677633,185.52377876103736,189.08961486816406,133648200
2026-04-14,190.61783708872017,196.28123474121094,190.54792650193752,196.28123474121094,161307000
2026-04-15,196.31119931453722,200.166706463506,195.5121427945441,198.63848876953125,185338400
2026-04-16,197.20015246424893,199.6173486077875,195.58204328148997,198.1190948486328,134012900
2026-04-17,199.66727910555997,201.46518667284232,199.03802288778024,201.44520568847656,160324400
2026-04-20,199.7471876833392,201.9346406188145,197.6096795882359,201.82476806640625,119381400
2026-04-21,201.89470437258373,202.51397775047528,198.76834314349978,199.64732360839844,107945300
2026-04-22,200.75603026628932,202.26426696777344,198.76834136586132,202.26426696777344,107501000
2026-04-23,202.22431724671497,203.59271751351986,196.99041179336916,199.4075927734375,113561800
2026-04-24,199.72721882416832,210.70441481695215,199.57738430538978,208.0275421142578,214134400
2026-04-27,209.4059296471886,216.5775789683675,207.13858324348888,216.3578338623047,187172400
2026-04-28,209.24613572912838,214.4800260296235,207.95762889823203,212.92184448242188,180275400
2026-04-29,212.4523894424142,212.47237042757808,207.33835459433345,209.00640869140625,123711800
2026-04-30,209.68560172993963,210.05518135667162,198.46867945247158,199.33767700195312,225239200
2026-05-01,201.0456862731779,202.76368521944246,196.89052532216473,198.21897888183594,128647000
2026-05-04,199.26774870200734,201.49514834231712,194.51329562325486,198.24893188476562,125368100
2026-05-05,199.06798360144137,200.00689171848026,195.80178617585554,196.271240234375,113406600
2026-05-06,199.65729931010404,208.0275486883452,198.37879062945476,207.5880584716797,188362800
2026-05-07,208.0974592073836,213.95063795079753,206.25960488465944,211.2537841796875,168307900
2026-05-08,212.7820061205359,217.5464575316693,212.642169707093,214.94947814941406,136421400
2026-05-11,213.79081709888328,222.04121091513153,213.64099781886503,219.18453979492188,160685800
2026-05-12,218.29558003818886,223.48952345691538,214.6698009927987,220.52297973632812,159176600
2026-05-13,224.6681467194947,227.57476278227756,221.3120728008497,225.56710815429688,150405400
2026-05-14,229.58243343997336,236.26463268418732,229.03307065698914,235.465576171875,180782900
2026-05-15,229.49252726355346,231.23050718880455,223.97896415639156,225.05770874023438,180977600
2026-05-18,229.60240180074675,229.7322553439391,218.1157890335498,222.0612030029297,146280900
2026-05-19,219.36432694236115,224.21866983705235,217.6563261548179,220.35317993164062,140948200
2026-05-20,222.9201831873553,225.8667612103758,220.2433103590018,223.20985412597656,184201600
2026-05-21,222.03121805596584,227.13526994336974,217.6762930684293,219.25445556640625,203381800
2026-05-22,220.64283833374193,220.75271088945502,214.54994865072538,215.07933044433594,169275700
2026-05-26,216.28791550863897,217.92600574795006,211.75320730356688,214.60987854003906,187202600
2026-05-27,213.87072806866348,213.90069192498567,208.53694826896,212.35250854492188,167601200
2026-05-28,211.03403615445995,215.2691056248748,210.97410844231206,214.00057983398438,143996000
2026-05-29,214.33020874183248,217.6063892667686,210.88422794322287,210.8942108154297,289410600
2026-06-01,215.47885750139108,224.60821672379726,215.44889364463796,224.09881591796875,212850700
2026-06-02,226.91551751623658,232.00958636747916,221.09231801448135,222.56060791015625,193362900
2026-06-03,221.46188713313538,222.56061267075634,214.2602739078757,214.5,160907000
2026-06-04,213.91000366210938,221.60000610351562,210.97000122070312,218.66000366210938,169022200
2026-06-05,214.52999877929688,214.8699951171875,204.3300018310547,205.10000610351562,219655500
2026-06-08,210.17999267578125,210.47000122070312,206.0,208.63999938964844,138372800
2026-06-09,210.6199951171875,211.39999389648438,199.33999633789062,208.19000244140625,180962500
2026-06-10,204.42999267578125,207.22000122070312,199.9199981689453,200.4199981689453,161746600
2026-06-11,201.49000549316406,205.66000366210938,199.5399932861328,204.8699951171875,158643200
2026-06-12,204.86000061035156,207.07000732421875,203.44000244140625,205.19000244140625,112001800
2026-06-15,208.9199981689453,212.7100067138672,208.33999633789062,212.4499969482422,149936700
2026-06-16,211.17999267578125,211.49000549316406,207.2899932861328,207.41000366210938,125694100
2026-06-17,208.52999877929688,209.2100067138672,203.0800018310547,204.64999389648438,128363500
2026-06-18,207.3300018310547,211.38999938964844,206.5,210.69000244140625,241272000
2026-06-22,211.44000244140625,213.99000549316406,207.72000122070312,208.64999389648438,122041400
2026-06-23,202.1699981689453,203.77000427246094,200.0,200.0399932861328,153496200
2026-06-24,200.1199951171875,201.6699981689453,196.5800018310547,199.0,151810700
2026-06-25,200.0800018310547,200.8000030517578,192.1300048828125,195.74000549316406,149550000
2026-06-26,193.1199951171875,195.5500030517578,191.22000122070312,192.52999877929688,179304100
2026-06-29,193.85000610351562,196.17999267578125,189.8000030517578,194.97000122070312,148835700
2026-06-30,197.24000549316406,200.6300048828125,195.11000061035156,200.08999633789062,166476700
2026-07-01,196.1999969482422,199.85000610351562,193.4499969482422,197.5800018310547,146147600
2026-07-02,197.13999938964844,200.05999755859375,192.35000610351562,194.8300018310547,142068700
2026-07-06,194.4199981689453,197.5500030517578,193.99000549316406,195.5500030517578,108999000
2026-07-07,192.3699951171875,198.41000366210938,191.13999938964844,196.92999267578125,124154600
2026-07-08,195.17999267578125,205.16000366210938,195.05999755859375,204.1199951171875,147419100
2026-07-09,204.4600067138672,204.58999633789062,198.9600067138672,202.77999877929688,132037400
2026-07-10,202.0,211.0,201.9199981689453,210.9600067138672,148421000
2026-07-13,208.5399932861328,210.57000732421875,203.0,203.52999877929688,121411000
2026-07-14,208.1999969482422,212.5500030517578,203.8000030517578,211.8000030517578,124379600
2026-07-15,211.9600067138672,213.80999755859375,206.0399932861328,212.5,124797200
2026-07-16,210.1699981689453,211.0800018310547,205.85000610351562,207.39999389648438,122986100
2026-07-17,202.63999938964844,206.64999389648438,197.97000122070312,202.80999755859375,144281900
2026-07-20,205.8699951171875,207.74000549316406,202.27999877929688,203.27999877929688,88701500
2026-07-21,207.5399932861328,208.64999389648438,204.00999450683594,207.2899932861328,108685600
2026-07-22,205.80999755859375,214.38999938964844,204.9499969482422,212.05999755859375,137645600
2026-07-23,209.4600067138672,210.8699951171875,205.9600067138672,208.75999450683594,110505300
2026-07-24,207.4499969482422,211.91000366210938,204.80999755859375,206.83999633789062,114836800
2026-07-27,208.1999969482422,208.75,195.44000244140625,196.50999450683594,153868500
2026-07-28,194.9499969482422,198.6999969482422,192.74000549316406,197.97000122070312,76823195
